Workbook

Sheet Summary by Supplier
A1: Summer Display Auction — Qualifying Displays by Supplier
A2: Kohler iSell Beer Summer Display Program · 07/01/2026 – 08/31/2026 · one row per photo submission, counted once in its case-size tier
A4: Supplier / Brand Group | B4: Gold 70+ cases | C4: Silver 40-69 cases | D4: Bronze 20-39 cases | E4: Other 10-19 cases | F4: Total Qualifying Displays | G4: Total Cases (qualifying) | H4: Total Points | I4: Non-Qualifying (<10 cases) | J4: Total Submissions
A5: Constellation | B5: =COUNTIFS('Display Detail'!$J$2:$J$656,$A5,'Display Detail'!$K$2:$K$656,4) -> 58 | C5: =COUNTIFS('Display Detail'!$J$2:$J$656,$A5,'Display Detail'!$K$2:$K$656,3) -> 51 | D5: =COUNTIFS('Display Detail'!$J$2:$J$656,$A5,'Display Detail'!$K$2:$K$656,2) -> 23 | E5: =COUNTIFS('Display Detail'!$J$2:$J$656,$A5,'Display Detail'!$K$2:$K$656,1) -> 10 | F5: =COUNTIFS('Display Detail'!$J$2:$J$656,$A5,'Display Detail'!$K$2:$K$656,">0") -> 142 | G5: =SUMIFS('Display Detail'!$M$2:$M$656,'Display Detail'!$J$2:$J$656,$A5,'Display Detail'!$K$2:$K$656,">0") -> 9087 | H5: =SUMIFS('Display Detail'!$P$2:$P$656,'Display Detail'!$J$2:$J$656,$A5,'Display Detail'!$K$2:$K$656,">0") -> 92400 | I5: =COUNTIFS('Display Detail'!$J$2:$J$656,$A5,'Display Detail'!$K$2:$K$656,0) -> 45 | J5: =COUNTIF('Display Detail'!$J$2:$J$656,$A5) -> 187
A6: Molson Coors | B6: =COUNTIFS('Display Detail'!$J$2:$J$656,$A6,'Display Detail'!$K$2:$K$656,4) -> 38 | C6: =COUNTIFS('Display Detail'!$J$2:$J$656,$A6,'Display Detail'!$K$2:$K$656,3) -> 28 | D6: =COUNTIFS('Display Detail'!$J$2:$J$656,$A6,'Display Detail'!$K$2:$K$656,2) -> 15 | E6: =COUNTIFS('Display Detail'!$J$2:$J$656,$A6,'Display Detail'!$K$2:$K$656,1) -> 6 | F6: =COUNTIFS('Display Detail'!$J$2:$J$656,$A6,'Display Detail'!$K$2:$K$656,">0") -> 87 | G6: =SUMIFS('Display Detail'!$M$2:$M$656,'Display Detail'!$J$2:$J$656,$A6,'Display Detail'!$K$2:$K$656,">0") -> 5983 | H6: =SUMIFS('Display Detail'!$P$2:$P$656,'Display Detail'!$J$2:$J$656,$A6,'Display Detail'!$K$2:$K$656,">0") -> 57700 | I6: =COUNTIFS('Display Detail'!$J$2:$J$656,$A6,'Display Detail'!$K$2:$K$656,0) -> 22 | J6: =COUNTIF('Display Detail'!$J$2:$J$656,$A6) -> 109
A7: HUSA (Heineken USA) | B7: =COUNTIFS('Display Detail'!$J$2:$J$656,$A7,'Display Detail'!$K$2:$K$656,4) -> 15 | C7: =COUNTIFS('Display Detail'!$J$2:$J$656,$A7,'Display Detail'!$K$2:$K$656,3) -> 19 | D7: =COUNTIFS('Display Detail'!$J$2:$J$656,$A7,'Display Detail'!$K$2:$K$656,2) -> 5 | E7: =COUNTIFS('Display Detail'!$J$2:$J$656,$A7,'Display Detail'!$K$2:$K$656,1) -> 6 | F7: =COUNTIFS('Display Detail'!$J$2:$J$656,$A7,'Display Detail'!$K$2:$K$656,">0") -> 45 | G7: =SUMIFS('Display Detail'!$M$2:$M$656,'Display Detail'!$J$2:$J$656,$A7,'Display Detail'!$K$2:$K$656,">0") -> 2710 | H7: =SUMIFS('Display Detail'!$P$2:$P$656,'Display Detail'!$J$2:$J$656,$A7,'Display Detail'!$K$2:$K$656,">0") -> 27200 | I7: =COUNTIFS('Display Detail'!$J$2:$J$656,$A7,'Display Detail'!$K$2:$K$656,0) -> 3 | J7: =COUNTIF('Display Detail'!$J$2:$J$656,$A7) -> 48
A8: Boston Beer | B8: =COUNTIFS('Display Detail'!$J$2:$J$656,$A8,'Display Detail'!$K$2:$K$656,4) -> 46 | C8: =COUNTIFS('Display Detail'!$J$2:$J$656,$A8,'Display Detail'!$K$2:$K$656,3) -> 41 | D8: =COUNTIFS('Display Detail'!$J$2:$J$656,$A8,'Display Detail'!$K$2:$K$656,2) -> 38 | E8: =COUNTIFS('Display Detail'!$J$2:$J$656,$A8,'Display Detail'!$K$2:$K$656,1) -> 13 | F8: =COUNTIFS('Display Detail'!$J$2:$J$656,$A8,'Display Detail'!$K$2:$K$656,">0") -> 138 | G8: =SUMIFS('Display Detail'!$M$2:$M$656,'Display Detail'!$J$2:$J$656,$A8,'Display Detail'!$K$2:$K$656,">0") -> 8104 | H8: =SUMIFS('Display Detail'!$P$2:$P$656,'Display Detail'!$J$2:$J$656,$A8,'Display Detail'!$K$2:$K$656,">0") -> 80500 | I8: =COUNTIFS('Display Detail'!$J$2:$J$656,$A8,'Display Detail'!$K$2:$K$656,0) -> 71 | J8: =COUNTIF('Display Detail'!$J$2:$J$656,$A8) -> 209
A9: Mark Anthony | B9: =COUNTIFS('Display Detail'!$J$2:$J$656,$A9,'Display Detail'!$K$2:$K$656,4) -> 24 | C9: =COUNTIFS('Display Detail'!$J$2:$J$656,$A9,'Display Detail'!$K$2:$K$656,3) -> 11 | D9: =COUNTIFS('Display Detail'!$J$2:$J$656,$A9,'Display Detail'!$K$2:$K$656,2) -> 2 | E9: =COUNTIFS('Display Detail'!$J$2:$J$656,$A9,'Display Detail'!$K$2:$K$656,1) -> 1 | F9: =COUNTIFS('Display Detail'!$J$2:$J$656,$A9,'Display Detail'!$K$2:$K$656,">0") -> 38 | G9: =SUMIFS('Display Detail'!$M$2:$M$656,'Display Detail'!$J$2:$J$656,$A9,'Display Detail'!$K$2:$K$656,">0") -> 3566 | H9: =SUMIFS('Display Detail'!$P$2:$P$656,'Display Detail'!$J$2:$J$656,$A9,'Display Detail'!$K$2:$K$656,">0") -> 30300 | I9: =COUNTIFS('Display Detail'!$J$2:$J$656,$A9,'Display Detail'!$K$2:$K$656,0) -> 1 | J9: =COUNTIF('Display Detail'!$J$2:$J$656,$A9) -> 39
A10: Yuengling | B10: =COUNTIFS('Display Detail'!$J$2:$J$656,$A10,'Display Detail'!$K$2:$K$656,4) -> 2 | C10: =COUNTIFS('Display Detail'!$J$2:$J$656,$A10,'Display Detail'!$K$2:$K$656,3) -> 0 | D10: =COUNTIFS('Display Detail'!$J$2:$J$656,$A10,'Display Detail'!$K$2:$K$656,2) -> 1 | E10: =COUNTIFS('Display Detail'!$J$2:$J$656,$A10,'Display Detail'!$K$2:$K$656,1) -> 1 | F10: =COUNTIFS('Display Detail'!$J$2:$J$656,$A10,'Display Detail'!$K$2:$K$656,">0") -> 4 | G10: =SUMIFS('Display Detail'!$M$2:$M$656,'Display Detail'!$J$2:$J$656,$A10,'Display Detail'!$K$2:$K$656,">0") -> 197 | H10: =SUMIFS('Display Detail'!$P$2:$P$656,'Display Detail'!$J$2:$J$656,$A10,'Display Detail'!$K$2:$K$656,">0") -> 2100 | I10: =COUNTIFS('Display Detail'!$J$2:$J$656,$A10,'Display Detail'!$K$2:$K$656,0) -> 1 | J10: =COUNTIF('Display Detail'!$J$2:$J$656,$A10) -> 5
A11: Garage | B11: =COUNTIFS('Display Detail'!$J$2:$J$656,$A11,'Display Detail'!$K$2:$K$656,4) -> 0 | C11: =COUNTIFS('Display Detail'!$J$2:$J$656,$A11,'Display Detail'!$K$2:$K$656,3) -> 0 | D11: =COUNTIFS('Display Detail'!$J$2:$J$656,$A11,'Display Detail'!$K$2:$K$656,2) -> 3 | E11: =COUNTIFS('Display Detail'!$J$2:$J$656,$A11,'Display Detail'!$K$2:$K$656,1) -> 5 | F11: =COUNTIFS('Display Detail'!$J$2:$J$656,$A11,'Display Detail'!$K$2:$K$656,">0") -> 8 | G11: =SUMIFS('Display Detail'!$M$2:$M$656,'Display Detail'!$J$2:$J$656,$A11,'Display Detail'!$K$2:$K$656,">0") -> 120 | H11: =SUMIFS('Display Detail'!$P$2:$P$656,'Display Detail'!$J$2:$J$656,$A11,'Display Detail'!$K$2:$K$656,">0") -> 1900 | I11: =COUNTIFS('Display Detail'!$J$2:$J$656,$A11,'Display Detail'!$K$2:$K$656,0) -> 2 | J11: =COUNTIF('Display Detail'!$J$2:$J$656,$A11) -> 10
A12: Sapporo | B12: =COUNTIFS('Display Detail'!$J$2:$J$656,$A12,'Display Detail'!$K$2:$K$656,4) -> 1 | C12: =COUNTIFS('Display Detail'!$J$2:$J$656,$A12,'Display Detail'!$K$2:$K$656,3) -> 1 | D12: =COUNTIFS('Display Detail'!$J$2:$J$656,$A12,'Display Detail'!$K$2:$K$656,2) -> 0 | E12: =COUNTIFS('Display Detail'!$J$2:$J$656,$A12,'Display Detail'!$K$2:$K$656,1) -> 0 | F12: =COUNTIFS('Display Detail'!$J$2:$J$656,$A12,'Display Detail'!$K$2:$K$656,">0") -> 2 | G12: =SUMIFS('Display Detail'!$M$2:$M$656,'Display Detail'!$J$2:$J$656,$A12,'Display Detail'!$K$2:$K$656,">0") -> 150 | H12: =SUMIFS('Display Detail'!$P$2:$P$656,'Display Detail'!$J$2:$J$656,$A12,'Display Detail'!$K$2:$K$656,">0") -> 1500 | I12: =COUNTIFS('Display Detail'!$J$2:$J$656,$A12,'Display Detail'!$K$2:$K$656,0) -> 1 | J12: =COUNTIF('Display Detail'!$J$2:$J$656,$A12) -> 3
A13: Pabst | B13: =COUNTIFS('Display Detail'!$J$2:$J$656,$A13,'Display Detail'!$K$2:$K$656,4) -> 0 | C13: =COUNTIFS('Display Detail'!$J$2:$J$656,$A13,'Display Detail'!$K$2:$K$656,3) -> 0 | D13: =COUNTIFS('Display Detail'!$J$2:$J$656,$A13,'Display Detail'!$K$2:$K$656,2) -> 0 | E13: =COUNTIFS('Display Detail'!$J$2:$J$656,$A13,'Display Detail'!$K$2:$K$656,1) -> 0 | F13: =COUNTIFS('Display Detail'!$J$2:$J$656,$A13,'Display Detail'!$K$2:$K$656,">0") -> 0 | G13: =SUMIFS('Display Detail'!$M$2:$M$656,'Display Detail'!$J$2:$J$656,$A13,'Display Detail'!$K$2:$K$656,">0") -> 0 | H13: =SUMIFS('Display Detail'!$P$2:$P$656,'Display Detail'!$J$2:$J$656,$A13,'Display Detail'!$K$2:$K$656,">0") -> 0 | I13: =COUNTIFS('Display Detail'!$J$2:$J$656,$A13,'Display Detail'!$K$2:$K$656,0) -> 0 | J13: =COUNTIF('Display Detail'!$J$2:$J$656,$A13) -> 0
A14: Montauk | B14: =COUNTIFS('Display Detail'!$J$2:$J$656,$A14,'Display Detail'!$K$2:$K$656,4) -> 0 | C14: =COUNTIFS('Display Detail'!$J$2:$J$656,$A14,'Display Detail'!$K$2:$K$656,3) -> 0 | D14: =COUNTIFS('Display Detail'!$J$2:$J$656,$A14,'Display Detail'!$K$2:$K$656,2) -> 1 | E14: =COUNTIFS('Display Detail'!$J$2:$J$656,$A14,'Display Detail'!$K$2:$K$656,1) -> 0 | F14: =COUNTIFS('Display Detail'!$J$2:$J$656,$A14,'Display Detail'!$K$2:$K$656,">0") -> 1 | G14: =SUMIFS('Display Detail'!$M$2:$M$656,'Display Detail'!$J$2:$J$656,$A14,'Display Detail'!$K$2:$K$656,">0") -> 25 | H14: =SUMIFS('Display Detail'!$P$2:$P$656,'Display Detail'!$J$2:$J$656,$A14,'Display Detail'!$K$2:$K$656,">0") -> 300 | I14: =COUNTIFS('Display Detail'!$J$2:$J$656,$A14,'Display Detail'!$K$2:$K$656,0) -> 0 | J14: =COUNTIF('Display Detail'!$J$2:$J$656,$A14) -> 1
A15: Carbliss | B15: =COUNTIFS('Display Detail'!$J$2:$J$656,$A15,'Display Detail'!$K$2:$K$656,4) -> 0 | C15: =COUNTIFS('Display Detail'!$J$2:$J$656,$A15,'Display Detail'!$K$2:$K$656,3) -> 0 | D15: =COUNTIFS('Display Detail'!$J$2:$J$656,$A15,'Display Detail'!$K$2:$K$656,2) -> 0 | E15: =COUNTIFS('Display Detail'!$J$2:$J$656,$A15,'Display Detail'!$K$2:$K$656,1) -> 2 | F15: =COUNTIFS('Display Detail'!$J$2:$J$656,$A15,'Display Detail'!$K$2:$K$656,">0") -> 2 | G15: =SUMIFS('Display Detail'!$M$2:$M$656,'Display Detail'!$J$2:$J$656,$A15,'Display Detail'!$K$2:$K$656,">0") -> 22 | H15: =SUMIFS('Display Detail'!$P$2:$P$656,'Display Detail'!$J$2:$J$656,$A15,'Display Detail'!$K$2:$K$656,">0") -> 400 | I15: =COUNTIFS('Display Detail'!$J$2:$J$656,$A15,'Display Detail'!$K$2:$K$656,0) -> 4 | J15: =COUNTIF('Display Detail'!$J$2:$J$656,$A15) -> 6
A16: ALL OTHER BRANDS / SUPPLIERS — not named on the program slide
A17: All Other: 1925 SPIRITS LLC | B17: =COUNTIFS('Display Detail'!$J$2:$J$656,$A17,'Display Detail'!$K$2:$K$656,4) -> 0 | C17: =COUNTIFS('Display Detail'!$J$2:$J$656,$A17,'Display Detail'!$K$2:$K$656,3) -> 0 | D17: =COUNTIFS('Display Detail'!$J$2:$J$656,$A17,'Display Detail'!$K$2:$K$656,2) -> 0 | E17: =COUNTIFS('Display Detail'!$J$2:$J$656,$A17,'Display Detail'!$K$2:$K$656,1) -> 0 | F17: =COUNTIFS('Display Detail'!$J$2:$J$656,$A17,'Display Detail'!$K$2:$K$656,">0") -> 0 | G17: =SUMIFS('Display Detail'!$M$2:$M$656,'Display Detail'!$J$2:$J$656,$A17,'Display Detail'!$K$2:$K$656,">0") -> 0 | H17: =SUMIFS('Display Detail'!$P$2:$P$656,'Display Detail'!$J$2:$J$656,$A17,'Display Detail'!$K$2:$K$656,">0") -> 0 | I17: =COUNTIFS('Display Detail'!$J$2:$J$656,$A17,'Display Detail'!$K$2:$K$656,0) -> 1 | J17: =COUNTIF('Display Detail'!$J$2:$J$656,$A17) -> 1
A18: All Other: ARTISANAL BREWING VENTURES (EBI) | B18: =COUNTIFS('Display Detail'!$J$2:$J$656,$A18,'Display Detail'!$K$2:$K$656,4) -> 0 | C18: =COUNTIFS('Display Detail'!$J$2:$J$656,$A18,'Display Detail'!$K$2:$K$656,3) -> 1 | D18: =COUNTIFS('Display Detail'!$J$2:$J$656,$A18,'Display Detail'!$K$2:$K$656,2) -> 1 | E18: =COUNTIFS('Display Detail'!$J$2:$J$656,$A18,'Display Detail'!$K$2:$K$656,1) -> 0 | F18: =COUNTIFS('Display Detail'!$J$2:$J$656,$A18,'Display Detail'!$K$2:$K$656,">0") -> 2 | G18: =SUMIFS('Display Detail'!$M$2:$M$656,'Display Detail'!$J$2:$J$656,$A18,'Display Detail'!$K$2:$K$656,">0") -> 70 | H18: =SUMIFS('Display Detail'!$P$2:$P$656,'Display Detail'!$J$2:$J$656,$A18,'Display Detail'!$K$2:$K$656,">0") -> 500 | I18: =COUNTIFS('Display Detail'!$J$2:$J$656,$A18,'Display Detail'!$K$2:$K$656,0) -> 1 | J18: =COUNTIF('Display Detail'!$J$2:$J$656,$A18) -> 3
A19: All Other: ATHLETIC BREWING COMPANY | B19: =COUNTIFS('Display Detail'!$J$2:$J$656,$A19,'Display Detail'!$K$2:$K$656,4) -> 0 | C19: =COUNTIFS('Display Detail'!$J$2:$J$656,$A19,'Display Detail'!$K$2:$K$656,3) -> 0 | D19: =COUNTIFS('Display Detail'!$J$2:$J$656,$A19,'Display Detail'!$K$2:$K$656,2) -> 1 | E19: =COUNTIFS('Display Detail'!$J$2:$J$656,$A19,'Display Detail'!$K$2:$K$656,1) -> 1 | F19: =COUNTIFS('Display Detail'!$J$2:$J$656,$A19,'Display Detail'!$K$2:$K$656,">0") -> 2 | G19: =SUMIFS('Display Detail'!$M$2:$M$656,'Display Detail'!$J$2:$J$656,$A19,'Display Detail'!$K$2:$K$656,">0") -> 48 | H19: =SUMIFS('Display Detail'!$P$2:$P$656,'Display Detail'!$J$2:$J$656,$A19,'Display Detail'!$K$2:$K$656,">0") -> 300 | I19: =COUNTIFS('Display Detail'!$J$2:$J$656,$A19,'Display Detail'!$K$2:$K$656,0) -> 0 | J19: =COUNTIF('Display Detail'!$J$2:$J$656,$A19) -> 2
A20: All Other: ATOMIC BRANDS | B20: =COUNTIFS('Display Detail'!$J$2:$J$656,$A20,'Display Detail'!$K$2:$K$656,4) -> 0 | C20: =COUNTIFS('Display Detail'!$J$2:$J$656,$A20,'Display Detail'!$K$2:$K$656,3) -> 0 | D20: =COUNTIFS('Display Detail'!$J$2:$J$656,$A20,'Display Detail'!$K$2:$K$656,2) -> 0 | E20: =COUNTIFS('Display Detail'!$J$2:$J$656,$A20,'Display Detail'!$K$2:$K$656,1) -> 0 | F20: =COUNTIFS('Display Detail'!$J$2:$J$656,$A20,'Display Detail'!$K$2:$K$656,">0") -> 0 | G20: =SUMIFS('Display Detail'!$M$2:$M$656,'Display Detail'!$J$2:$J$656,$A20,'Display Detail'!$K$2:$K$656,">0") -> 0 | H20: =SUMIFS('Display Detail'!$P$2:$P$656,'Display Detail'!$J$2:$J$656,$A20,'Display Detail'!$K$2:$K$656,">0") -> 0 | I20: =COUNTIFS('Display Detail'!$J$2:$J$656,$A20,'Display Detail'!$K$2:$K$656,0) -> 1 | J20: =COUNTIF('Display Detail'!$J$2:$J$656,$A20) -> 1
A21: All Other: CENTRAL BEER IMPORT & EXPORT FAMOSA | B21: =COUNTIFS('Display Detail'!$J$2:$J$656,$A21,'Display Detail'!$K$2:$K$656,4) -> 0 | C21: =COUNTIFS('Display Detail'!$J$2:$J$656,$A21,'Display Detail'!$K$2:$K$656,3) -> 0 | D21: =COUNTIFS('Display Detail'!$J$2:$J$656,$A21,'Display Detail'!$K$2:$K$656,2) -> 2 | E21: =COUNTIFS('Display Detail'!$J$2:$J$656,$A21,'Display Detail'!$K$2:$K$656,1) -> 1 | F21: =COUNTIFS('Display Detail'!$J$2:$J$656,$A21,'Display Detail'!$K$2:$K$656,">0") -> 3 | G21: =SUMIFS('Display Detail'!$M$2:$M$656,'Display Detail'!$J$2:$J$656,$A21,'Display Detail'!$K$2:$K$656,">0") -> 61 | H21: =SUMIFS('Display Detail'!$P$2:$P$656,'Display Detail'!$J$2:$J$656,$A21,'Display Detail'!$K$2:$K$656,">0") -> 500 | I21: =COUNTIFS('Display Detail'!$J$2:$J$656,$A21,'Display Detail'!$K$2:$K$656,0) -> 4 | J21: =COUNTIF('Display Detail'!$J$2:$J$656,$A21) -> 7
A22: All Other: DELTA BEVERAGES LLC | B22: =COUNTIFS('Display Detail'!$J$2:$J$656,$A22,'Display Detail'!$K$2:$K$656,4) -> 0 | C22: =COUNTIFS('Display Detail'!$J$2:$J$656,$A22,'Display Detail'!$K$2:$K$656,3) -> 0 | D22: =COUNTIFS('Display Detail'!$J$2:$J$656,$A22,'Display Detail'!$K$2:$K$656,2) -> 0 | E22: =COUNTIFS('Display Detail'!$J$2:$J$656,$A22,'Display Detail'!$K$2:$K$656,1) -> 1 | F22: =COUNTIFS('Display Detail'!$J$2:$J$656,$A22,'Display Detail'!$K$2:$K$656,">0") -> 1 | G22: =SUMIFS('Display Detail'!$M$2:$M$656,'Display Detail'!$J$2:$J$656,$A22,'Display Detail'!$K$2:$K$656,">0") -> 10 | H22: =SUMIFS('Display Detail'!$P$2:$P$656,'Display Detail'!$J$2:$J$656,$A22,'Display Detail'!$K$2:$K$656,">0") -> 100 | I22: =COUNTIFS('Display Detail'!$J$2:$J$656,$A22,'Display Detail'!$K$2:$K$656,0) -> 0 | J22: =COUNTIF('Display Detail'!$J$2:$J$656,$A22) -> 1
A23: All Other: F.X. MATT BREWING COMPANY | B23: =COUNTIFS('Display Detail'!$J$2:$J$656,$A23,'Display Detail'!$K$2:$K$656,4) -> 0 | C23: =COUNTIFS('Display Detail'!$J$2:$J$656,$A23,'Display Detail'!$K$2:$K$656,3) -> 0 | D23: =COUNTIFS('Display Detail'!$J$2:$J$656,$A23,'Display Detail'!$K$2:$K$656,2) -> 1 | E23: =COUNTIFS('Display Detail'!$J$2:$J$656,$A23,'Display Detail'!$K$2:$K$656,1) -> 0 | F23: =COUNTIFS('Display Detail'!$J$2:$J$656,$A23,'Display Detail'!$K$2:$K$656,">0") -> 1 | G23: =SUMIFS('Display Detail'!$M$2:$M$656,'Display Detail'!$J$2:$J$656,$A23,'Display Detail'!$K$2:$K$656,">0") -> 29 | H23: =SUMIFS('Display Detail'!$P$2:$P$656,'Display Detail'!$J$2:$J$656,$A23,'Display Detail'!$K$2:$K$656,">0") -> 200 | I23: =COUNTIFS('Display Detail'!$J$2:$J$656,$A23,'Display Detail'!$K$2:$K$656,0) -> 0 | J23: =COUNTIF('Display Detail'!$J$2:$J$656,$A23) -> 1
A24: All Other: FEVER TREE USA | B24: =COUNTIFS('Display Detail'!$J$2:$J$656,$A24,'Display Detail'!$K$2:$K$656,4) -> 0 | C24: =COUNTIFS('Display Detail'!$J$2:$J$656,$A24,'Display Detail'!$K$2:$K$656,3) -> 0 | D24: =COUNTIFS('Display Detail'!$J$2:$J$656,$A24,'Display Detail'!$K$2:$K$656,2) -> 0 | E24: =COUNTIFS('Display Detail'!$J$2:$J$656,$A24,'Display Detail'!$K$2:$K$656,1) -> 1 | F24: =COUNTIFS('Display Detail'!$J$2:$J$656,$A24,'Display Detail'!$K$2:$K$656,">0") -> 1 | G24: =SUMIFS('Display Detail'!$M$2:$M$656,'Display Detail'!$J$2:$J$656,$A24,'Display Detail'!$K$2:$K$656,">0") -> 14 | H24: =SUMIFS('Display Detail'!$P$2:$P$656,'Display Detail'!$J$2:$J$656,$A24,'Display Detail'!$K$2:$K$656,">0") -> 200 | I24: =COUNTIFS('Display Detail'!$J$2:$J$656,$A24,'Display Detail'!$K$2:$K$656,0) -> 1 | J24: =COUNTIF('Display Detail'!$J$2:$J$656,$A24) -> 2
A25: All Other: KIRIN BREWERY COMPANY | B25: =COUNTIFS('Display Detail'!$J$2:$J$656,$A25,'Display Detail'!$K$2:$K$656,4) -> 1 | C25: =COUNTIFS('Display Detail'!$J$2:$J$656,$A25,'Display Detail'!$K$2:$K$656,3) -> 0 | D25: =COUNTIFS('Display Detail'!$J$2:$J$656,$A25,'Display Detail'!$K$2:$K$656,2) -> 0 | E25: =COUNTIFS('Display Detail'!$J$2:$J$656,$A25,'Display Detail'!$K$2:$K$656,1) -> 0 | F25: =COUNTIFS('Display Detail'!$J$2:$J$656,$A25,'Display Detail'!$K$2:$K$656,">0") -> 1 | G25: =SUMIFS('Display Detail'!$M$2:$M$656,'Display Detail'!$J$2:$J$656,$A25,'Display Detail'!$K$2:$K$656,">0") -> 150 | H25: =SUMIFS('Display Detail'!$P$2:$P$656,'Display Detail'!$J$2:$J$656,$A25,'Display Detail'!$K$2:$K$656,">0") -> 600 | I25: =COUNTIFS('Display Detail'!$J$2:$J$656,$A25,'Display Detail'!$K$2:$K$656,0) -> 1 | J25: =COUNTIF('Display Detail'!$J$2:$J$656,$A25) -> 2
A26: All Other: NEW BELGIUM BRANDS | B26: =COUNTIFS('Display Detail'!$J$2:$J$656,$A26,'Display Detail'!$K$2:$K$656,4) -> 3 | C26: =COUNTIFS('Display Detail'!$J$2:$J$656,$A26,'Display Detail'!$K$2:$K$656,3) -> 0 | D26: =COUNTIFS('Display Detail'!$J$2:$J$656,$A26,'Display Detail'!$K$2:$K$656,2) -> 0 | E26: =COUNTIFS('Display Detail'!$J$2:$J$656,$A26,'Display Detail'!$K$2:$K$656,1) -> 0 | F26: =COUNTIFS('Display Detail'!$J$2:$J$656,$A26,'Display Detail'!$K$2:$K$656,">0") -> 3 | G26: =SUMIFS('Display Detail'!$M$2:$M$656,'Display Detail'!$J$2:$J$656,$A26,'Display Detail'!$K$2:$K$656,">0") -> 300 | H26: =SUMIFS('Display Detail'!$P$2:$P$656,'Display Detail'!$J$2:$J$656,$A26,'Display Detail'!$K$2:$K$656,">0") -> 1800 | I26: =COUNTIFS('Display Detail'!$J$2:$J$656,$A26,'Display Detail'!$K$2:$K$656,0) -> 0 | J26: =COUNTIF('Display Detail'!$J$2:$J$656,$A26) -> 3
A27: All Other: NOCA BEVERAGES | B27: =COUNTIFS('Display Detail'!$J$2:$J$656,$A27,'Display Detail'!$K$2:$K$656,4) -> 1 | C27: =COUNTIFS('Display Detail'!$J$2:$J$656,$A27,'Display Detail'!$K$2:$K$656,3) -> 3 | D27: =COUNTIFS('Display Detail'!$J$2:$J$656,$A27,'Display Detail'!$K$2:$K$656,2) -> 0 | E27: =COUNTIFS('Display Detail'!$J$2:$J$656,$A27,'Display Detail'!$K$2:$K$656,1) -> 0 | F27: =COUNTIFS('Display Detail'!$J$2:$J$656,$A27,'Display Detail'!$K$2:$K$656,">0") -> 4 | G27: =SUMIFS('Display Detail'!$M$2:$M$656,'Display Detail'!$J$2:$J$656,$A27,'Display Detail'!$K$2:$K$656,">0") -> 220 | H27: =SUMIFS('Display Detail'!$P$2:$P$656,'Display Detail'!$J$2:$J$656,$A27,'Display Detail'!$K$2:$K$656,">0") -> 1500 | I27: =COUNTIFS('Display Detail'!$J$2:$J$656,$A27,'Display Detail'!$K$2:$K$656,0) -> 0 | J27: =COUNTIF('Display Detail'!$J$2:$J$656,$A27) -> 4
A28: All Other: PAULANER | B28: =COUNTIFS('Display Detail'!$J$2:$J$656,$A28,'Display Detail'!$K$2:$K$656,4) -> 1 | C28: =COUNTIFS('Display Detail'!$J$2:$J$656,$A28,'Display Detail'!$K$2:$K$656,3) -> 1 | D28: =COUNTIFS('Display Detail'!$J$2:$J$656,$A28,'Display Detail'!$K$2:$K$656,2) -> 1 | E28: =COUNTIFS('Display Detail'!$J$2:$J$656,$A28,'Display Detail'!$K$2:$K$656,1) -> 0 | F28: =COUNTIFS('Display Detail'!$J$2:$J$656,$A28,'Display Detail'!$K$2:$K$656,">0") -> 3 | G28: =SUMIFS('Display Detail'!$M$2:$M$656,'Display Detail'!$J$2:$J$656,$A28,'Display Detail'!$K$2:$K$656,">0") -> 177 | H28: =SUMIFS('Display Detail'!$P$2:$P$656,'Display Detail'!$J$2:$J$656,$A28,'Display Detail'!$K$2:$K$656,">0") -> 1100 | I28: =COUNTIFS('Display Detail'!$J$2:$J$656,$A28,'Display Detail'!$K$2:$K$656,0) -> 0 | J28: =COUNTIF('Display Detail'!$J$2:$J$656,$A28) -> 3
... A34: All Other: VIVA BEVERAGES | B34: =COUNTIFS('Display Detail'!$J$2:$J$656,$A34,'Display Detail'!$K$2:$K$656,4) -> 0 | C34: =COUNTIFS('Display Detail'!$J$2:$J$656,$A34,'Display Detail'!$K$2:$K$656,3) -> 0 | D34: =COUNTIFS('Display Detail'!$J$2:$J$656,$A34,'Display Detail'!$K$2:$K$656,2) -> 0 | E34: =COUNTIFS('Display Detail'!$J$2:$J$656,$A34,'Display Detail'!$K$2:$K$656,1) -> 0 | F34: =COUNTIFS('Display Detail'!$J$2:$J$656,$A34,'Display Detail'!$K$2:$K$656,">0") -> 0 | G34: =SUMIFS('Display Detail'!$M$2:$M$656,'Display Detail'!$J$2:$J$656,$A34,'Display Detail'!$K$2:$K$656,">0") -> 0 | H34: =SUMIFS('Display Detail'!$P$2:$P$656,'Display Detail'!$J$2:$J$656,$A34,'Display Detail'!$K$2:$K$656,">0") -> 0 | I34: =COUNTIFS('Display Detail'!$J$2:$J$656,$A34,'Display Detail'!$K$2:$K$656,0) -> 1 | J34: =COUNTIF('Display Detail'!$J$2:$J$656,$A34) -> 1
A35: TOTAL — ALL DISPLAYS | B35: =COUNTIF('Display Detail'!$K$2:$K$656,4) -> 190 | C35: =COUNTIF('Display Detail'!$K$2:$K$656,3) -> 157 | D35: =COUNTIF('Display Detail'!$K$2:$K$656,2) -> 97 | E35: =COUNTIF('Display Detail'!$K$2:$K$656,1) -> 50 | F35: =COUNTIF('Display Detail'!$K$2:$K$656,">0") -> 494 | G35: =SUMIFS('Display Detail'!$M$2:$M$656,'Display Detail'!$K$2:$K$656,">0") -> 31202 | H35: =SUMIFS('Display Detail'!$P$2:$P$656,'Display Detail'!$K$2:$K$656,">0") -> 302200 | I35: =COUNTIF('Display Detail'!$K$2:$K$656,0) -> 161 | J35: =COUNTA('Display Detail'!$A$2:$A$656) -> 655
A37: A display is counted once, in the single tier its TOTAL case count falls into (85 cases = Gold only, not Gold + Silver + Bronze).
A38: A display carrying more than one supplier is credited to the supplier holding the most cases in that photo — see the Multi-Supplier Audit tab for all 29.
A39: Pabst is on the program slide but has no display submissions in the July/August data, so it reads zero throughout.
A40: Every figure is a live COUNTIFS/SUMIFS over the Display Detail tab — filter that tab to see the records behind any number.
A41: These totals match the published leaderboard and include everything submitted. 65 displays look like the same display logged twice — see the Duplicate Check tab before treating any total as final.
A42: Source: iSellBeer display photo export, 07/01/2026 – 08/31/2026 (Report_59, pulled 08/31/2026).

Sheet Summary by Brand
A1: Summer Display Auction — Qualifying Displays by Lead Brand
A2: Kohler iSell Beer Summer Display Program · 07/01/2026 – 08/31/2026 · one row per photo submission, counted once in its case-size tier
A4: Lead Brand | B4: Gold 70+ cases | C4: Silver 40-69 cases | D4: Bronze 20-39 cases | E4: Other 10-19 cases | F4: Total Qualifying Displays | G4: Total Cases (qualifying) | H4: Total Points | I4: Non-Qualifying (<10 cases) | J4: Total Submissions
A5: CORONA EXTRA | B5: =COUNTIFS('Display Detail'!$R$2:$R$656,$A5,'Display Detail'!$K$2:$K$656,4) -> 23 | C5: =COUNTIFS('Display Detail'!$R$2:$R$656,$A5,'Display Detail'!$K$2:$K$656,3) -> 21 | D5: =COUNTIFS('Display Detail'!$R$2:$R$656,$A5,'Display Detail'!$K$2:$K$656,2) -> 11 | E5: =COUNTIFS('Display Detail'!$R$2:$R$656,$A5,'Display Detail'!$K$2:$K$656,1) -> 3 | F5: =COUNTIFS('Display Detail'!$R$2:$R$656,$A5,'Display Detail'!$K$2:$K$656,">0") -> 58 | G5: =SUMIFS('Display Detail'!$M$2:$M$656,'Display Detail'!$R$2:$R$656,$A5,'Display Detail'!$K$2:$K$656,">0") -> 3712 | H5: =SUMIFS('Display Detail'!$P$2:$P$656,'Display Detail'!$R$2:$R$656,$A5,'Display Detail'!$K$2:$K$656,">0") -> 37400 | I5: =COUNTIFS('Display Detail'!$R$2:$R$656,$A5,'Display Detail'!$K$2:$K$656,0) -> 20 | J5: =COUNTIF('Display Detail'!$R$2:$R$656,$A5) -> 78
A6: MODELO CERVEZA | B6: =COUNTIFS('Display Detail'!$R$2:$R$656,$A6,'Display Detail'!$K$2:$K$656,4) -> 23 | C6: =COUNTIFS('Display Detail'!$R$2:$R$656,$A6,'Display Detail'!$K$2:$K$656,3) -> 19 | D6: =COUNTIFS('Display Detail'!$R$2:$R$656,$A6,'Display Detail'!$K$2:$K$656,2) -> 9 | E6: =COUNTIFS('Display Detail'!$R$2:$R$656,$A6,'Display Detail'!$K$2:$K$656,1) -> 5 | F6: =COUNTIFS('Display Detail'!$R$2:$R$656,$A6,'Display Detail'!$K$2:$K$656,">0") -> 56 | G6: =SUMIFS('Display Detail'!$M$2:$M$656,'Display Detail'!$R$2:$R$656,$A6,'Display Detail'!$K$2:$K$656,">0") -> 3492 | H6: =SUMIFS('Display Detail'!$P$2:$P$656,'Display Detail'!$R$2:$R$656,$A6,'Display Detail'!$K$2:$K$656,">0") -> 36200 | I6: =COUNTIFS('Display Detail'!$R$2:$R$656,$A6,'Display Detail'!$K$2:$K$656,0) -> 20 | J6: =COUNTIF('Display Detail'!$R$2:$R$656,$A6) -> 76
A7: SUN CRUISERS RTD | B7: =COUNTIFS('Display Detail'!$R$2:$R$656,$A7,'Display Detail'!$K$2:$K$656,4) -> 20 | C7: =COUNTIFS('Display Detail'!$R$2:$R$656,$A7,'Display Detail'!$K$2:$K$656,3) -> 12 | D7: =COUNTIFS('Display Detail'!$R$2:$R$656,$A7,'Display Detail'!$K$2:$K$656,2) -> 11 | E7: =COUNTIFS('Display Detail'!$R$2:$R$656,$A7,'Display Detail'!$K$2:$K$656,1) -> 1 | F7: =COUNTIFS('Display Detail'!$R$2:$R$656,$A7,'Display Detail'!$K$2:$K$656,">0") -> 44 | G7: =SUMIFS('Display Detail'!$M$2:$M$656,'Display Detail'!$R$2:$R$656,$A7,'Display Detail'!$K$2:$K$656,">0") -> 3331 | H7: =SUMIFS('Display Detail'!$P$2:$P$656,'Display Detail'!$R$2:$R$656,$A7,'Display Detail'!$K$2:$K$656,">0") -> 29500 | I7: =COUNTIFS('Display Detail'!$R$2:$R$656,$A7,'Display Detail'!$K$2:$K$656,0) -> 0 | J7: =COUNTIF('Display Detail'!$R$2:$R$656,$A7) -> 44
A8: HEINEKEN | B8: =COUNTIFS('Display Detail'!$R$2:$R$656,$A8,'Display Detail'!$K$2:$K$656,4) -> 15 | C8: =COUNTIFS('Display Detail'!$R$2:$R$656,$A8,'Display Detail'!$K$2:$K$656,3) -> 19 | D8: =COUNTIFS('Display Detail'!$R$2:$R$656,$A8,'Display Detail'!$K$2:$K$656,2) -> 4 | E8: =COUNTIFS('Display Detail'!$R$2:$R$656,$A8,'Display Detail'!$K$2:$K$656,1) -> 4 | F8: =COUNTIFS('Display Detail'!$R$2:$R$656,$A8,'Display Detail'!$K$2:$K$656,">0") -> 42 | G8: =SUMIFS('Display Detail'!$M$2:$M$656,'Display Detail'!$R$2:$R$656,$A8,'Display Detail'!$K$2:$K$656,">0") -> 2697 | H8: =SUMIFS('Display Detail'!$P$2:$P$656,'Display Detail'!$R$2:$R$656,$A8,'Display Detail'!$K$2:$K$656,">0") -> 26500 | I8: =COUNTIFS('Display Detail'!$R$2:$R$656,$A8,'Display Detail'!$K$2:$K$656,0) -> 2 | J8: =COUNTIF('Display Detail'!$R$2:$R$656,$A8) -> 44
A9: COORS LIGHT | B9: =COUNTIFS('Display Detail'!$R$2:$R$656,$A9,'Display Detail'!$K$2:$K$656,4) -> 19 | C9: =COUNTIFS('Display Detail'!$R$2:$R$656,$A9,'Display Detail'!$K$2:$K$656,3) -> 10 | D9: =COUNTIFS('Display Detail'!$R$2:$R$656,$A9,'Display Detail'!$K$2:$K$656,2) -> 9 | E9: =COUNTIFS('Display Detail'!$R$2:$R$656,$A9,'Display Detail'!$K$2:$K$656,1) -> 0 | F9: =COUNTIFS('Display Detail'!$R$2:$R$656,$A9,'Display Detail'!$K$2:$K$656,">0") -> 38 | G9: =SUMIFS('Display Detail'!$M$2:$M$656,'Display Detail'!$R$2:$R$656,$A9,'Display Detail'!$K$2:$K$656,">0") -> 2666 | H9: =SUMIFS('Display Detail'!$P$2:$P$656,'Display Detail'!$R$2:$R$656,$A9,'Display Detail'!$K$2:$K$656,">0") -> 26700 | I9: =COUNTIFS('Display Detail'!$R$2:$R$656,$A9,'Display Detail'!$K$2:$K$656,0) -> 12 | J9: =COUNTIF('Display Detail'!$R$2:$R$656,$A9) -> 50
A10: TWISTED TEA | B10: =COUNTIFS('Display Detail'!$R$2:$R$656,$A10,'Display Detail'!$K$2:$K$656,4) -> 10 | C10: =COUNTIFS('Display Detail'!$R$2:$R$656,$A10,'Display Detail'!$K$2:$K$656,3) -> 8 | D10: =COUNTIFS('Display Detail'!$R$2:$R$656,$A10,'Display Detail'!$K$2:$K$656,2) -> 7 | E10: =COUNTIFS('Display Detail'!$R$2:$R$656,$A10,'Display Detail'!$K$2:$K$656,1) -> 3 | F10: =COUNTIFS('Display Detail'!$R$2:$R$656,$A10,'Display Detail'!$K$2:$K$656,">0") -> 28 | G10: =SUMIFS('Display Detail'!$M$2:$M$656,'Display Detail'!$R$2:$R$656,$A10,'Display Detail'!$K$2:$K$656,">0") -> 1681 | H10: =SUMIFS('Display Detail'!$P$2:$P$656,'Display Detail'!$R$2:$R$656,$A10,'Display Detail'!$K$2:$K$656,">0") -> 16700 | I10: =COUNTIFS('Display Detail'!$R$2:$R$656,$A10,'Display Detail'!$K$2:$K$656,0) -> 0 | J10: =COUNTIF('Display Detail'!$R$2:$R$656,$A10) -> 28
A11: MILLER LITE | B11: =COUNTIFS('Display Detail'!$R$2:$R$656,$A11,'Display Detail'!$K$2:$K$656,4) -> 14 | C11: =COUNTIFS('Display Detail'!$R$2:$R$656,$A11,'Display Detail'!$K$2:$K$656,3) -> 11 | D11: =COUNTIFS('Display Detail'!$R$2:$R$656,$A11,'Display Detail'!$K$2:$K$656,2) -> 0 | E11: =COUNTIFS('Display Detail'!$R$2:$R$656,$A11,'Display Detail'!$K$2:$K$656,1) -> 1 | F11: =COUNTIFS('Display Detail'!$R$2:$R$656,$A11,'Display Detail'!$K$2:$K$656,">0") -> 26 | G11: =SUMIFS('Display Detail'!$M$2:$M$656,'Display Detail'!$R$2:$R$656,$A11,'Display Detail'!$K$2:$K$656,">0") -> 2236 | H11: =SUMIFS('Display Detail'!$P$2:$P$656,'Display Detail'!$R$2:$R$656,$A11,'Display Detail'!$K$2:$K$656,">0") -> 19700 | I11: =COUNTIFS('Display Detail'!$R$2:$R$656,$A11,'Display Detail'!$K$2:$K$656,0) -> 3 | J11: =COUNTIF('Display Detail'!$R$2:$R$656,$A11) -> 29
A12: WHITE CLAW ORIGINAL HARD SELTZER | B12: =COUNTIFS('Display Detail'!$R$2:$R$656,$A12,'Display Detail'!$K$2:$K$656,4) -> 11 | C12: =COUNTIFS('Display Detail'!$R$2:$R$656,$A12,'Display Detail'!$K$2:$K$656,3) -> 5 | D12: =COUNTIFS('Display Detail'!$R$2:$R$656,$A12,'Display Detail'!$K$2:$K$656,2) -> 1 | E12: =COUNTIFS('Display Detail'!$R$2:$R$656,$A12,'Display Detail'!$K$2:$K$656,1) -> 0 | F12: =COUNTIFS('Display Detail'!$R$2:$R$656,$A12,'Display Detail'!$K$2:$K$656,">0") -> 17 | G12: =SUMIFS('Display Detail'!$M$2:$M$656,'Display Detail'!$R$2:$R$656,$A12,'Display Detail'!$K$2:$K$656,">0") -> 1813 | H12: =SUMIFS('Display Detail'!$P$2:$P$656,'Display Detail'!$R$2:$R$656,$A12,'Display Detail'!$K$2:$K$656,">0") -> 13800 | I12: =COUNTIFS('Display Detail'!$R$2:$R$656,$A12,'Display Detail'!$K$2:$K$656,0) -> 0 | J12: =COUNTIF('Display Detail'!$R$2:$R$656,$A12) -> 17
A13: WHITE CLAW SURF HARD SELTZER | B13: =COUNTIFS('Display Detail'!$R$2:$R$656,$A13,'Display Detail'!$K$2:$K$656,4) -> 12 | C13: =COUNTIFS('Display Detail'!$R$2:$R$656,$A13,'Display Detail'!$K$2:$K$656,3) -> 3 | D13: =COUNTIFS('Display Detail'!$R$2:$R$656,$A13,'Display Detail'!$K$2:$K$656,2) -> 0 | E13: =COUNTIFS('Display Detail'!$R$2:$R$656,$A13,'Display Detail'!$K$2:$K$656,1) -> 1 | F13: =COUNTIFS('Display Detail'!$R$2:$R$656,$A13,'Display Detail'!$K$2:$K$656,">0") -> 16 | G13: =SUMIFS('Display Detail'!$M$2:$M$656,'Display Detail'!$R$2:$R$656,$A13,'Display Detail'!$K$2:$K$656,">0") -> 1478 | H13: =SUMIFS('Display Detail'!$P$2:$P$656,'Display Detail'!$R$2:$R$656,$A13,'Display Detail'!$K$2:$K$656,">0") -> 13700 | I13: =COUNTIFS('Display Detail'!$R$2:$R$656,$A13,'Display Detail'!$K$2:$K$656,0) -> 0 | J13: =COUNTIF('Display Detail'!$R$2:$R$656,$A13) -> 16
A14: TRULY | B14: =COUNTIFS('Display Detail'!$R$2:$R$656,$A14,'Display Detail'!$K$2:$K$656,4) -> 4 | C14: =COUNTIFS('Display Detail'!$R$2:$R$656,$A14,'Display Detail'!$K$2:$K$656,3) -> 5 | D14: =COUNTIFS('Display Detail'!$R$2:$R$656,$A14,'Display Detail'!$K$2:$K$656,2) -> 4 | E14: =COUNTIFS('Display Detail'!$R$2:$R$656,$A14,'Display Detail'!$K$2:$K$656,1) -> 1 | F14: =COUNTIFS('Display Detail'!$R$2:$R$656,$A14,'Display Detail'!$K$2:$K$656,">0") -> 14 | G14: =SUMIFS('Display Detail'!$M$2:$M$656,'Display Detail'!$R$2:$R$656,$A14,'Display Detail'!$K$2:$K$656,">0") -> 761 | H14: =SUMIFS('Display Detail'!$P$2:$P$656,'Display Detail'!$R$2:$R$656,$A14,'Display Detail'!$K$2:$K$656,">0") -> 7900 | I14: =COUNTIFS('Display Detail'!$R$2:$R$656,$A14,'Display Detail'!$K$2:$K$656,0) -> 0 | J14: =COUNTIF('Display Detail'!$R$2:$R$656,$A14) -> 14
A15: SAM ADAMS SEASONAL | B15: =COUNTIFS('Display Detail'!$R$2:$R$656,$A15,'Display Detail'!$K$2:$K$656,4) -> 3 | C15: =COUNTIFS('Display Detail'!$R$2:$R$656,$A15,'Display Detail'!$K$2:$K$656,3) -> 7 | D15: =COUNTIFS('Display Detail'!$R$2:$R$656,$A15,'Display Detail'!$K$2:$K$656,2) -> 3 | E15: =COUNTIFS('Display Detail'!$R$2:$R$656,$A15,'Display Detail'!$K$2:$K$656,1) -> 0 | F15: =COUNTIFS('Display Detail'!$R$2:$R$656,$A15,'Display Detail'!$K$2:$K$656,">0") -> 13 | G15: =SUMIFS('Display Detail'!$M$2:$M$656,'Display Detail'!$R$2:$R$656,$A15,'Display Detail'!$K$2:$K$656,">0") -> 715 | H15: =SUMIFS('Display Detail'!$P$2:$P$656,'Display Detail'!$R$2:$R$656,$A15,'Display Detail'!$K$2:$K$656,">0") -> 7400 | I15: =COUNTIFS('Display Detail'!$R$2:$R$656,$A15,'Display Detail'!$K$2:$K$656,0) -> 0 | J15: =COUNTIF('Display Detail'!$R$2:$R$656,$A15) -> 13
A16: CORONA | B16: =COUNTIFS('Display Detail'!$R$2:$R$656,$A16,'Display Detail'!$K$2:$K$656,4) -> 5 | C16: =COUNTIFS('Display Detail'!$R$2:$R$656,$A16,'Display Detail'!$K$2:$K$656,3) -> 5 | D16: =COUNTIFS('Display Detail'!$R$2:$R$656,$A16,'Display Detail'!$K$2:$K$656,2) -> 1 | E16: =COUNTIFS('Display Detail'!$R$2:$R$656,$A16,'Display Detail'!$K$2:$K$656,1) -> 1 | F16: =COUNTIFS('Display Detail'!$R$2:$R$656,$A16,'Display Detail'!$K$2:$K$656,">0") -> 12 | G16: =SUMIFS('Display Detail'!$M$2:$M$656,'Display Detail'!$R$2:$R$656,$A16,'Display Detail'!$K$2:$K$656,">0") -> 832 | H16: =SUMIFS('Display Detail'!$P$2:$P$656,'Display Detail'!$R$2:$R$656,$A16,'Display Detail'!$K$2:$K$656,">0") -> 8000 | I16: =COUNTIFS('Display Detail'!$R$2:$R$656,$A16,'Display Detail'!$K$2:$K$656,0) -> 4 | J16: =COUNTIF('Display Detail'!$R$2:$R$656,$A16) -> 16
... A69: VIVA TEQUILA SELTZER | B69: =COUNTIFS('Display Detail'!$R$2:$R$656,$A69,'Display Detail'!$K$2:$K$656,4) -> 0 | C69: =COUNTIFS('Display Detail'!$R$2:$R$656,$A69,'Display Detail'!$K$2:$K$656,3) -> 0 | D69: =COUNTIFS('Display Detail'!$R$2:$R$656,$A69,'Display Detail'!$K$2:$K$656,2) -> 0 | E69: =COUNTIFS('Display Detail'!$R$2:$R$656,$A69,'Display Detail'!$K$2:$K$656,1) -> 0 | F69: =COUNTIFS('Display Detail'!$R$2:$R$656,$A69,'Display Detail'!$K$2:$K$656,">0") -> 0 | G69: =SUMIFS('Display Detail'!$M$2:$M$656,'Display Detail'!$R$2:$R$656,$A69,'Display Detail'!$K$2:$K$656,">0") -> 0 | H69: =SUMIFS('Display Detail'!$P$2:$P$656,'Display Detail'!$R$2:$R$656,$A69,'Display Detail'!$K$2:$K$656,">0") -> 0 | I69: =COUNTIFS('Display Detail'!$R$2:$R$656,$A69,'Display Detail'!$K$2:$K$656,0) -> 1 | J69: =COUNTIF('Display Detail'!$R$2:$R$656,$A69) -> 1
A70: TOTAL — ALL DISPLAYS | B70: =COUNTIF('Display Detail'!$K$2:$K$656,4) -> 190 | C70: =COUNTIF('Display Detail'!$K$2:$K$656,3) -> 157 | D70: =COUNTIF('Display Detail'!$K$2:$K$656,2) -> 97 | E70: =COUNTIF('Display Detail'!$K$2:$K$656,1) -> 50 | F70: =COUNTIF('Display Detail'!$K$2:$K$656,">0") -> 494 | G70: =SUMIFS('Display Detail'!$M$2:$M$656,'Display Detail'!$K$2:$K$656,">0") -> 31202 | H70: =SUMIFS('Display Detail'!$P$2:$P$656,'Display Detail'!$K$2:$K$656,">0") -> 302200 | I70: =COUNTIF('Display Detail'!$K$2:$K$656,0) -> 161 | J70: =COUNTA('Display Detail'!$A$2:$A$656) -> 655
A72: Lead Brand = the brand holding the most cases in that photo submission, so each display appears against exactly one brand.
A73: Multi-brand displays are common (a single photo often carries 3-6 SKUs); the full brand list for every display is on the Display Detail tab.
A74: Source: iSellBeer display photo export, 07/01/2026 – 08/31/2026 (Report_59, pulled 08/31/2026).

Sheet Summary by Person
A1: Summer Display Auction — Qualifying Displays by Person
A2: Kohler iSell Beer Summer Display Program · 07/01/2026 – 08/31/2026 · one row per photo submission, counted once in its case-size tier
A4: Rep / Sales Associate | B4: Gold 70+ cases | C4: Silver 40-69 cases | D4: Bronze 20-39 cases | E4: Other 10-19 cases | F4: Total Qualifying Displays | G4: Total Cases (qualifying) | H4: Total Points | I4: Non-Qualifying (<10 cases) | J4: Total Submissions
A5: SALES REPS — Display Auction
A6: Alex Rodriguez | B6: =COUNTIFS('Display Detail'!$D$2:$D$656,$A6,'Display Detail'!$K$2:$K$656,4) -> 1 | C6: =COUNTIFS('Display Detail'!$D$2:$D$656,$A6,'Display Detail'!$K$2:$K$656,3) -> 1 | D6: =COUNTIFS('Display Detail'!$D$2:$D$656,$A6,'Display Detail'!$K$2:$K$656,2) -> 4 | E6: =COUNTIFS('Display Detail'!$D$2:$D$656,$A6,'Display Detail'!$K$2:$K$656,1) -> 2 | F6: =COUNTIFS('Display Detail'!$D$2:$D$656,$A6,'Display Detail'!$K$2:$K$656,">0") -> 8 | G6: =SUMIFS('Display Detail'!$M$2:$M$656,'Display Detail'!$D$2:$D$656,$A6,'Display Detail'!$K$2:$K$656,">0") -> 364 | H6: =SUMIFS('Display Detail'!$P$2:$P$656,'Display Detail'!$D$2:$D$656,$A6,'Display Detail'!$K$2:$K$656,">0") -> 2900 | I6: =COUNTIFS('Display Detail'!$D$2:$D$656,$A6,'Display Detail'!$K$2:$K$656,0) -> 0 | J6: =COUNTIF('Display Detail'!$D$2:$D$656,$A6) -> 8
A7: Andrew Lundy | B7: =COUNTIFS('Display Detail'!$D$2:$D$656,$A7,'Display Detail'!$K$2:$K$656,4) -> 0 | C7: =COUNTIFS('Display Detail'!$D$2:$D$656,$A7,'Display Detail'!$K$2:$K$656,3) -> 0 | D7: =COUNTIFS('Display Detail'!$D$2:$D$656,$A7,'Display Detail'!$K$2:$K$656,2) -> 1 | E7: =COUNTIFS('Display Detail'!$D$2:$D$656,$A7,'Display Detail'!$K$2:$K$656,1) -> 0 | F7: =COUNTIFS('Display Detail'!$D$2:$D$656,$A7,'Display Detail'!$K$2:$K$656,">0") -> 1 | G7: =SUMIFS('Display Detail'!$M$2:$M$656,'Display Detail'!$D$2:$D$656,$A7,'Display Detail'!$K$2:$K$656,">0") -> 25 | H7: =SUMIFS('Display Detail'!$P$2:$P$656,'Display Detail'!$D$2:$D$656,$A7,'Display Detail'!$K$2:$K$656,">0") -> 300 | I7: =COUNTIFS('Display Detail'!$D$2:$D$656,$A7,'Display Detail'!$K$2:$K$656,0) -> 0 | J7: =COUNTIF('Display Detail'!$D$2:$D$656,$A7) -> 1
A8: Chris Payton | B8: =COUNTIFS('Display Detail'!$D$2:$D$656,$A8,'Display Detail'!$K$2:$K$656,4) -> 1 | C8: =COUNTIFS('Display Detail'!$D$2:$D$656,$A8,'Display Detail'!$K$2:$K$656,3) -> 6 | D8: =COUNTIFS('Display Detail'!$D$2:$D$656,$A8,'Display Detail'!$K$2:$K$656,2) -> 4 | E8: =COUNTIFS('Display Detail'!$D$2:$D$656,$A8,'Display Detail'!$K$2:$K$656,1) -> 0 | F8: =COUNTIFS('Display Detail'!$D$2:$D$656,$A8,'Display Detail'!$K$2:$K$656,">0") -> 11 | G8: =SUMIFS('Display Detail'!$M$2:$M$656,'Display Detail'!$D$2:$D$656,$A8,'Display Detail'!$K$2:$K$656,">0") -> 489 | H8: =SUMIFS('Display Detail'!$P$2:$P$656,'Display Detail'!$D$2:$D$656,$A8,'Display Detail'!$K$2:$K$656,">0") -> 5200 | I8: =COUNTIFS('Display Detail'!$D$2:$D$656,$A8,'Display Detail'!$K$2:$K$656,0) -> 8 | J8: =COUNTIF('Display Detail'!$D$2:$D$656,$A8) -> 19
A9: Daniel La Gala | B9: =COUNTIFS('Display Detail'!$D$2:$D$656,$A9,'Display Detail'!$K$2:$K$656,4) -> 3 | C9: =COUNTIFS('Display Detail'!$D$2:$D$656,$A9,'Display Detail'!$K$2:$K$656,3) -> 0 | D9: =COUNTIFS('Display Detail'!$D$2:$D$656,$A9,'Display Detail'!$K$2:$K$656,2) -> 0 | E9: =COUNTIFS('Display Detail'!$D$2:$D$656,$A9,'Display Detail'!$K$2:$K$656,1) -> 0 | F9: =COUNTIFS('Display Detail'!$D$2:$D$656,$A9,'Display Detail'!$K$2:$K$656,">0") -> 3 | G9: =SUMIFS('Display Detail'!$M$2:$M$656,'Display Detail'!$D$2:$D$656,$A9,'Display Detail'!$K$2:$K$656,">0") -> 300 | H9: =SUMIFS('Display Detail'!$P$2:$P$656,'Display Detail'!$D$2:$D$656,$A9,'Display Detail'!$K$2:$K$656,">0") -> 2600 | I9: =COUNTIFS('Display Detail'!$D$2:$D$656,$A9,'Display Detail'!$K$2:$K$656,0) -> 5 | J9: =COUNTIF('Display Detail'!$D$2:$D$656,$A9) -> 8
A10: Dave Ehlers | B10: =COUNTIFS('Display Detail'!$D$2:$D$656,$A10,'Display Detail'!$K$2:$K$656,4) -> 21 | C10: =COUNTIFS('Display Detail'!$D$2:$D$656,$A10,'Display Detail'!$K$2:$K$656,3) -> 6 | D10: =COUNTIFS('Display Detail'!$D$2:$D$656,$A10,'Display Detail'!$K$2:$K$656,2) -> 4 | E10: =COUNTIFS('Display Detail'!$D$2:$D$656,$A10,'Display Detail'!$K$2:$K$656,1) -> 3 | F10: =COUNTIFS('Display Detail'!$D$2:$D$656,$A10,'Display Detail'!$K$2:$K$656,">0") -> 34 | G10: =SUMIFS('Display Detail'!$M$2:$M$656,'Display Detail'!$D$2:$D$656,$A10,'Display Detail'!$K$2:$K$656,">0") -> 2773 | H10: =SUMIFS('Display Detail'!$P$2:$P$656,'Display Detail'!$D$2:$D$656,$A10,'Display Detail'!$K$2:$K$656,">0") -> 25000 | I10: =COUNTIFS('Display Detail'!$D$2:$D$656,$A10,'Display Detail'!$K$2:$K$656,0) -> 7 | J10: =COUNTIF('Display Detail'!$D$2:$D$656,$A10) -> 41
A11: Derrick laws | B11: =COUNTIFS('Display Detail'!$D$2:$D$656,$A11,'Display Detail'!$K$2:$K$656,4) -> 3 | C11: =COUNTIFS('Display Detail'!$D$2:$D$656,$A11,'Display Detail'!$K$2:$K$656,3) -> 1 | D11: =COUNTIFS('Display Detail'!$D$2:$D$656,$A11,'Display Detail'!$K$2:$K$656,2) -> 4 | E11: =COUNTIFS('Display Detail'!$D$2:$D$656,$A11,'Display Detail'!$K$2:$K$656,1) -> 2 | F11: =COUNTIFS('Display Detail'!$D$2:$D$656,$A11,'Display Detail'!$K$2:$K$656,">0") -> 10 | G11: =SUMIFS('Display Detail'!$M$2:$M$656,'Display Detail'!$D$2:$D$656,$A11,'Display Detail'!$K$2:$K$656,">0") -> 426 | H11: =SUMIFS('Display Detail'!$P$2:$P$656,'Display Detail'!$D$2:$D$656,$A11,'Display Detail'!$K$2:$K$656,">0") -> 5000 | I11: =COUNTIFS('Display Detail'!$D$2:$D$656,$A11,'Display Detail'!$K$2:$K$656,0) -> 2 | J11: =COUNTIF('Display Detail'!$D$2:$D$656,$A11) -> 12
A12: Dylan Rubino | B12: =COUNTIFS('Display Detail'!$D$2:$D$656,$A12,'Display Detail'!$K$2:$K$656,4) -> 0 | C12: =COUNTIFS('Display Detail'!$D$2:$D$656,$A12,'Display Detail'!$K$2:$K$656,3) -> 0 | D12: =COUNTIFS('Display Detail'!$D$2:$D$656,$A12,'Display Detail'!$K$2:$K$656,2) -> 1 | E12: =COUNTIFS('Display Detail'!$D$2:$D$656,$A12,'Display Detail'!$K$2:$K$656,1) -> 0 | F12: =COUNTIFS('Display Detail'!$D$2:$D$656,$A12,'Display Detail'!$K$2:$K$656,">0") -> 1 | G12: =SUMIFS('Display Detail'!$M$2:$M$656,'Display Detail'!$D$2:$D$656,$A12,'Display Detail'!$K$2:$K$656,">0") -> 38 | H12: =SUMIFS('Display Detail'!$P$2:$P$656,'Display Detail'!$D$2:$D$656,$A12,'Display Detail'!$K$2:$K$656,">0") -> 200 | I12: =COUNTIFS('Display Detail'!$D$2:$D$656,$A12,'Display Detail'!$K$2:$K$656,0) -> 5 | J12: =COUNTIF('Display Detail'!$D$2:$D$656,$A12) -> 6
A13: Jaime Colonna | B13: =COUNTIFS('Display Detail'!$D$2:$D$656,$A13,'Display Detail'!$K$2:$K$656,4) -> 0 | C13: =COUNTIFS('Display Detail'!$D$2:$D$656,$A13,'Display Detail'!$K$2:$K$656,3) -> 0 | D13: =COUNTIFS('Display Detail'!$D$2:$D$656,$A13,'Display Detail'!$K$2:$K$656,2) -> 1 | E13: =COUNTIFS('Display Detail'!$D$2:$D$656,$A13,'Display Detail'!$K$2:$K$656,1) -> 0 | F13: =COUNTIFS('Display Detail'!$D$2:$D$656,$A13,'Display Detail'!$K$2:$K$656,">0") -> 1 | G13: =SUMIFS('Display Detail'!$M$2:$M$656,'Display Detail'!$D$2:$D$656,$A13,'Display Detail'!$K$2:$K$656,">0") -> 20 | H13: =SUMIFS('Display Detail'!$P$2:$P$656,'Display Detail'!$D$2:$D$656,$A13,'Display Detail'!$K$2:$K$656,">0") -> 200 | I13: =COUNTIFS('Display Detail'!$D$2:$D$656,$A13,'Display Detail'!$K$2:$K$656,0) -> 0 | J13: =COUNTIF('Display Detail'!$D$2:$D$656,$A13) -> 1
A14: James Heaney | B14: =COUNTIFS('Display Detail'!$D$2:$D$656,$A14,'Display Detail'!$K$2:$K$656,4) -> 3 | C14: =COUNTIFS('Display Detail'!$D$2:$D$656,$A14,'Display Detail'!$K$2:$K$656,3) -> 2 | D14: =COUNTIFS('Display Detail'!$D$2:$D$656,$A14,'Display Detail'!$K$2:$K$656,2) -> 1 | E14: =COUNTIFS('Display Detail'!$D$2:$D$656,$A14,'Display Detail'!$K$2:$K$656,1) -> 1 | F14: =COUNTIFS('Display Detail'!$D$2:$D$656,$A14,'Display Detail'!$K$2:$K$656,">0") -> 7 | G14: =SUMIFS('Display Detail'!$M$2:$M$656,'Display Detail'!$D$2:$D$656,$A14,'Display Detail'!$K$2:$K$656,">0") -> 388 | H14: =SUMIFS('Display Detail'!$P$2:$P$656,'Display Detail'!$D$2:$D$656,$A14,'Display Detail'!$K$2:$K$656,">0") -> 4500 | I14: =COUNTIFS('Display Detail'!$D$2:$D$656,$A14,'Display Detail'!$K$2:$K$656,0) -> 5 | J14: =COUNTIF('Display Detail'!$D$2:$D$656,$A14) -> 12
A15: Javier Melo | B15: =COUNTIFS('Display Detail'!$D$2:$D$656,$A15,'Display Detail'!$K$2:$K$656,4) -> 1 | C15: =COUNTIFS('Display Detail'!$D$2:$D$656,$A15,'Display Detail'!$K$2:$K$656,3) -> 4 | D15: =COUNTIFS('Display Detail'!$D$2:$D$656,$A15,'Display Detail'!$K$2:$K$656,2) -> 5 | E15: =COUNTIFS('Display Detail'!$D$2:$D$656,$A15,'Display Detail'!$K$2:$K$656,1) -> 6 | F15: =COUNTIFS('Display Detail'!$D$2:$D$656,$A15,'Display Detail'!$K$2:$K$656,">0") -> 16 | G15: =SUMIFS('Display Detail'!$M$2:$M$656,'Display Detail'!$D$2:$D$656,$A15,'Display Detail'!$K$2:$K$656,">0") -> 486 | H15: =SUMIFS('Display Detail'!$P$2:$P$656,'Display Detail'!$D$2:$D$656,$A15,'Display Detail'!$K$2:$K$656,">0") -> 5600 | I15: =COUNTIFS('Display Detail'!$D$2:$D$656,$A15,'Display Detail'!$K$2:$K$656,0) -> 3 | J15: =COUNTIF('Display Detail'!$D$2:$D$656,$A15) -> 19
A16: Jayson Romine | B16: =COUNTIFS('Display Detail'!$D$2:$D$656,$A16,'Display Detail'!$K$2:$K$656,4) -> 2 | C16: =COUNTIFS('Display Detail'!$D$2:$D$656,$A16,'Display Detail'!$K$2:$K$656,3) -> 1 | D16: =COUNTIFS('Display Detail'!$D$2:$D$656,$A16,'Display Detail'!$K$2:$K$656,2) -> 2 | E16: =COUNTIFS('Display Detail'!$D$2:$D$656,$A16,'Display Detail'!$K$2:$K$656,1) -> 0 | F16: =COUNTIFS('Display Detail'!$D$2:$D$656,$A16,'Display Detail'!$K$2:$K$656,">0") -> 5 | G16: =SUMIFS('Display Detail'!$M$2:$M$656,'Display Detail'!$D$2:$D$656,$A16,'Display Detail'!$K$2:$K$656,">0") -> 256 | H16: =SUMIFS('Display Detail'!$P$2:$P$656,'Display Detail'!$D$2:$D$656,$A16,'Display Detail'!$K$2:$K$656,">0") -> 3100 | I16: =COUNTIFS('Display Detail'!$D$2:$D$656,$A16,'Display Detail'!$K$2:$K$656,0) -> 5 | J16: =COUNTIF('Display Detail'!$D$2:$D$656,$A16) -> 10
A17: John Neukum | B17: =COUNTIFS('Display Detail'!$D$2:$D$656,$A17,'Display Detail'!$K$2:$K$656,4) -> 13 | C17: =COUNTIFS('Display Detail'!$D$2:$D$656,$A17,'Display Detail'!$K$2:$K$656,3) -> 5 | D17: =COUNTIFS('Display Detail'!$D$2:$D$656,$A17,'Display Detail'!$K$2:$K$656,2) -> 0 | E17: =COUNTIFS('Display Detail'!$D$2:$D$656,$A17,'Display Detail'!$K$2:$K$656,1) -> 1 | F17: =COUNTIFS('Display Detail'!$D$2:$D$656,$A17,'Display Detail'!$K$2:$K$656,">0") -> 19 | G17: =SUMIFS('Display Detail'!$M$2:$M$656,'Display Detail'!$D$2:$D$656,$A17,'Display Detail'!$K$2:$K$656,">0") -> 1584 | H17: =SUMIFS('Display Detail'!$P$2:$P$656,'Display Detail'!$D$2:$D$656,$A17,'Display Detail'!$K$2:$K$656,">0") -> 15700 | I17: =COUNTIFS('Display Detail'!$D$2:$D$656,$A17,'Display Detail'!$K$2:$K$656,0) -> 0 | J17: =COUNTIF('Display Detail'!$D$2:$D$656,$A17) -> 19
... A25: phil Ernst | B25: =COUNTIFS('Display Detail'!$D$2:$D$656,$A25,'Display Detail'!$K$2:$K$656,4) -> 15 | C25: =COUNTIFS('Display Detail'!$D$2:$D$656,$A25,'Display Detail'!$K$2:$K$656,3) -> 26 | D25: =COUNTIFS('Display Detail'!$D$2:$D$656,$A25,'Display Detail'!$K$2:$K$656,2) -> 9 | E25: =COUNTIFS('Display Detail'!$D$2:$D$656,$A25,'Display Detail'!$K$2:$K$656,1) -> 4 | F25: =COUNTIFS('Display Detail'!$D$2:$D$656,$A25,'Display Detail'!$K$2:$K$656,">0") -> 54 | G25: =SUMIFS('Display Detail'!$M$2:$M$656,'Display Detail'!$D$2:$D$656,$A25,'Display Detail'!$K$2:$K$656,">0") -> 3271 | H25: =SUMIFS('Display Detail'!$P$2:$P$656,'Display Detail'!$D$2:$D$656,$A25,'Display Detail'!$K$2:$K$656,">0") -> 31200 | I25: =COUNTIFS('Display Detail'!$D$2:$D$656,$A25,'Display Detail'!$K$2:$K$656,0) -> 18 | J25: =COUNTIF('Display Detail'!$D$2:$D$656,$A25) -> 72
A26: SALES ASSOCIATES — Display Rewards
A27: David Fletcher | B27: =COUNTIFS('Display Detail'!$D$2:$D$656,$A27,'Display Detail'!$K$2:$K$656,4) -> 4 | C27: =COUNTIFS('Display Detail'!$D$2:$D$656,$A27,'Display Detail'!$K$2:$K$656,3) -> 8 | D27: =COUNTIFS('Display Detail'!$D$2:$D$656,$A27,'Display Detail'!$K$2:$K$656,2) -> 3 | E27: =COUNTIFS('Display Detail'!$D$2:$D$656,$A27,'Display Detail'!$K$2:$K$656,1) -> 1 | F27: =COUNTIFS('Display Detail'!$D$2:$D$656,$A27,'Display Detail'!$K$2:$K$656,">0") -> 16 | G27: =SUMIFS('Display Detail'!$M$2:$M$656,'Display Detail'!$D$2:$D$656,$A27,'Display Detail'!$K$2:$K$656,">0") -> 913 | H27: =SUMIFS('Display Detail'!$P$2:$P$656,'Display Detail'!$D$2:$D$656,$A27,'Display Detail'!$K$2:$K$656,">0") -> 9100 | I27: =COUNTIFS('Display Detail'!$D$2:$D$656,$A27,'Display Detail'!$K$2:$K$656,0) -> 17 | J27: =COUNTIF('Display Detail'!$D$2:$D$656,$A27) -> 33
A28: Jay Tabasco | B28: =COUNTIFS('Display Detail'!$D$2:$D$656,$A28,'Display Detail'!$K$2:$K$656,4) -> 11 | C28: =COUNTIFS('Display Detail'!$D$2:$D$656,$A28,'Display Detail'!$K$2:$K$656,3) -> 5 | D28: =COUNTIFS('Display Detail'!$D$2:$D$656,$A28,'Display Detail'!$K$2:$K$656,2) -> 3 | E28: =COUNTIFS('Display Detail'!$D$2:$D$656,$A28,'Display Detail'!$K$2:$K$656,1) -> 3 | F28: =COUNTIFS('Display Detail'!$D$2:$D$656,$A28,'Display Detail'!$K$2:$K$656,">0") -> 22 | G28: =SUMIFS('Display Detail'!$M$2:$M$656,'Display Detail'!$D$2:$D$656,$A28,'Display Detail'!$K$2:$K$656,">0") -> 1389 | H28: =SUMIFS('Display Detail'!$P$2:$P$656,'Display Detail'!$D$2:$D$656,$A28,'Display Detail'!$K$2:$K$656,">0") -> 15000 | I28: =COUNTIFS('Display Detail'!$D$2:$D$656,$A28,'Display Detail'!$K$2:$K$656,0) -> 3 | J28: =COUNTIF('Display Detail'!$D$2:$D$656,$A28) -> 25
A29: Nicholas Micco | B29: =COUNTIFS('Display Detail'!$D$2:$D$656,$A29,'Display Detail'!$K$2:$K$656,4) -> 12 | C29: =COUNTIFS('Display Detail'!$D$2:$D$656,$A29,'Display Detail'!$K$2:$K$656,3) -> 16 | D29: =COUNTIFS('Display Detail'!$D$2:$D$656,$A29,'Display Detail'!$K$2:$K$656,2) -> 6 | E29: =COUNTIFS('Display Detail'!$D$2:$D$656,$A29,'Display Detail'!$K$2:$K$656,1) -> 2 | F29: =COUNTIFS('Display Detail'!$D$2:$D$656,$A29,'Display Detail'!$K$2:$K$656,">0") -> 36 | G29: =SUMIFS('Display Detail'!$M$2:$M$656,'Display Detail'!$D$2:$D$656,$A29,'Display Detail'!$K$2:$K$656,">0") -> 2257 | H29: =SUMIFS('Display Detail'!$P$2:$P$656,'Display Detail'!$D$2:$D$656,$A29,'Display Detail'!$K$2:$K$656,">0") -> 22000 | I29: =COUNTIFS('Display Detail'!$D$2:$D$656,$A29,'Display Detail'!$K$2:$K$656,0) -> 14 | J29: =COUNTIF('Display Detail'!$D$2:$D$656,$A29) -> 50
A30: Todd Ewell | B30: =COUNTIFS('Display Detail'!$D$2:$D$656,$A30,'Display Detail'!$K$2:$K$656,4) -> 10 | C30: =COUNTIFS('Display Detail'!$D$2:$D$656,$A30,'Display Detail'!$K$2:$K$656,3) -> 9 | D30: =COUNTIFS('Display Detail'!$D$2:$D$656,$A30,'Display Detail'!$K$2:$K$656,2) -> 2 | E30: =COUNTIFS('Display Detail'!$D$2:$D$656,$A30,'Display Detail'!$K$2:$K$656,1) -> 1 | F30: =COUNTIFS('Display Detail'!$D$2:$D$656,$A30,'Display Detail'!$K$2:$K$656,">0") -> 22 | G30: =SUMIFS('Display Detail'!$M$2:$M$656,'Display Detail'!$D$2:$D$656,$A30,'Display Detail'!$K$2:$K$656,">0") -> 1348 | H30: =SUMIFS('Display Detail'!$P$2:$P$656,'Display Detail'!$D$2:$D$656,$A30,'Display Detail'!$K$2:$K$656,">0") -> 15300 | I30: =COUNTIFS('Display Detail'!$D$2:$D$656,$A30,'Display Detail'!$K$2:$K$656,0) -> 0 | J30: =COUNTIF('Display Detail'!$D$2:$D$656,$A30) -> 22
A31: Vaughn Gallagher | B31: =COUNTIFS('Display Detail'!$D$2:$D$656,$A31,'Display Detail'!$K$2:$K$656,4) -> 0 | C31: =COUNTIFS('Display Detail'!$D$2:$D$656,$A31,'Display Detail'!$K$2:$K$656,3) -> 2 | D31: =COUNTIFS('Display Detail'!$D$2:$D$656,$A31,'Display Detail'!$K$2:$K$656,2) -> 2 | E31: =COUNTIFS('Display Detail'!$D$2:$D$656,$A31,'Display Detail'!$K$2:$K$656,1) -> 0 | F31: =COUNTIFS('Display Detail'!$D$2:$D$656,$A31,'Display Detail'!$K$2:$K$656,">0") -> 4 | G31: =SUMIFS('Display Detail'!$M$2:$M$656,'Display Detail'!$D$2:$D$656,$A31,'Display Detail'!$K$2:$K$656,">0") -> 161 | H31: =SUMIFS('Display Detail'!$P$2:$P$656,'Display Detail'!$D$2:$D$656,$A31,'Display Detail'!$K$2:$K$656,">0") -> 1600 | I31: =COUNTIFS('Display Detail'!$D$2:$D$656,$A31,'Display Detail'!$K$2:$K$656,0) -> 2 | J31: =COUNTIF('Display Detail'!$D$2:$D$656,$A31) -> 6
A32: mickey obrien | B32: =COUNTIFS('Display Detail'!$D$2:$D$656,$A32,'Display Detail'!$K$2:$K$656,4) -> 24 | C32: =COUNTIFS('Display Detail'!$D$2:$D$656,$A32,'Display Detail'!$K$2:$K$656,3) -> 15 | D32: =COUNTIFS('Display Detail'!$D$2:$D$656,$A32,'Display Detail'!$K$2:$K$656,2) -> 10 | E32: =COUNTIFS('Display Detail'!$D$2:$D$656,$A32,'Display Detail'!$K$2:$K$656,1) -> 4 | F32: =COUNTIFS('Display Detail'!$D$2:$D$656,$A32,'Display Detail'!$K$2:$K$656,">0") -> 53 | G32: =SUMIFS('Display Detail'!$M$2:$M$656,'Display Detail'!$D$2:$D$656,$A32,'Display Detail'!$K$2:$K$656,">0") -> 4044 | H32: =SUMIFS('Display Detail'!$P$2:$P$656,'Display Detail'!$D$2:$D$656,$A32,'Display Detail'!$K$2:$K$656,">0") -> 34300 | I32: =COUNTIFS('Display Detail'!$D$2:$D$656,$A32,'Display Detail'!$K$2:$K$656,0) -> 5 | J32: =COUNTIF('Display Detail'!$D$2:$D$656,$A32) -> 58
A33: patrick infante | B33: =COUNTIFS('Display Detail'!$D$2:$D$656,$A33,'Display Detail'!$K$2:$K$656,4) -> 13 | C33: =COUNTIFS('Display Detail'!$D$2:$D$656,$A33,'Display Detail'!$K$2:$K$656,3) -> 17 | D33: =COUNTIFS('Display Detail'!$D$2:$D$656,$A33,'Display Detail'!$K$2:$K$656,2) -> 13 | E33: =COUNTIFS('Display Detail'!$D$2:$D$656,$A33,'Display Detail'!$K$2:$K$656,1) -> 6 | F33: =COUNTIFS('Display Detail'!$D$2:$D$656,$A33,'Display Detail'!$K$2:$K$656,">0") -> 49 | G33: =SUMIFS('Display Detail'!$M$2:$M$656,'Display Detail'!$D$2:$D$656,$A33,'Display Detail'!$K$2:$K$656,">0") -> 2730 | H33: =SUMIFS('Display Detail'!$P$2:$P$656,'Display Detail'!$D$2:$D$656,$A33,'Display Detail'!$K$2:$K$656,">0") -> 26200 | I33: =COUNTIFS('Display Detail'!$D$2:$D$656,$A33,'Display Detail'!$K$2:$K$656,0) -> 46 | J33: =COUNTIF('Display Detail'!$D$2:$D$656,$A33) -> 95
A34: TOTAL — ALL DISPLAYS | B34: =COUNTIF('Display Detail'!$K$2:$K$656,4) -> 190 | C34: =COUNTIF('Display Detail'!$K$2:$K$656,3) -> 157 | D34: =COUNTIF('Display Detail'!$K$2:$K$656,2) -> 97 | E34: =COUNTIF('Display Detail'!$K$2:$K$656,1) -> 50 | F34: =COUNTIF('Display Detail'!$K$2:$K$656,">0") -> 494 | G34: =SUMIFS('Display Detail'!$M$2:$M$656,'Display Detail'!$K$2:$K$656,">0") -> 31202 | H34: =SUMIFS('Display Detail'!$P$2:$P$656,'Display Detail'!$K$2:$K$656,">0") -> 302200 | I34: =COUNTIF('Display Detail'!$K$2:$K$656,0) -> 161 | J34: =COUNTA('Display Detail'!$A$2:$A$656) -> 655
A36: Sales Reps and Sales Associates run as two separate programs but earn on the same point scale.
A37: Points shown are the tracker's published scale — see the Notes & Method tab on how that compares to the program slide.
A38: Source: iSellBeer display photo export, 07/01/2026 – 08/31/2026 (Report_59, pulled 08/31/2026).

Sheet Duplicate Check
A1: Duplicate Check — displays that may have been logged twice
A2: Qualifying displays only. Clusters are the same account on the same day with the same brands; the earliest submission is kept, the rest are flagged for review.
A4: Clusters found | B4: 59 | C4: Groups of 2+ qualifying displays on one account/day with the same brand list.
A5: Displays flagged as possible duplicates | B5: 65 | C5: Every display in a cluster except the first one submitted.
A6: Points sitting on those displays | B6: 43800 | C6: 14.5% of the 302,200 points on the board.
A7: · Same person — exact repeat | B7: 2 | C7: One person logged the identical display twice, minutes apart. Almost certainly a double submission.
A8: · Cross-person — exact match | B8: 35 | C8: Two+ people logged the same display, same case count. Usually a rep and the associate riding with them.
A9: · Cross-person — same brands, different cases | B9: 28 | C9: Same account/day/brands but the case counts differ — same display, counted differently by each person.
A10: None of these are removed from the summary tabs — those match the published leaderboard exactly. This tab is the review list.
A12: Flag | B12: Cluster | C12: Status | D12: Date / Time | E12: Rep / Associate | F12: Role | G12: Account (DBA) | H12: Account # | I12: Cases | J12: Display Tier | K12: Points | L12: Brands in Display | M12: Photo
A13: Cross-person — exact match | B13: C001 | C13: Kept (first submitted) | D13: 07/02/2026 10:21 AM | E13: Nicholas Micco | F13: Sales Associate | G13: BUY RITE DISCOUNT LIQUOR | H13: 38040 | I13: 30 | J13: Bronze (20-39) | K13: 300 | L13: TWISTED TEA | M13: View Photo
A14: Cross-person — exact match | B14: C001 | C14: Possible duplicate | D14: 07/02/2026 10:23 AM | E14: David Fletcher | F14: Sales Associate | G14: BUY RITE DISCOUNT LIQUOR | H14: 38040 | I14: 30 | J14: Bronze (20-39) | K14: 300 | L14: TWISTED TEA | M14: View Photo
A15: Cross-person — exact match | B15: C002 | C15: Kept (first submitted) | D15: 07/02/2026 12:02 PM | E15: Nicholas Micco | F15: Sales Associate | G15: SUPER WINE WAREHSE(P)PATE | H15: 20106 | I15: 40 | J15: Silver (40-69) | K15: 500 | L15: CAYMAN JACK | M15: View Photo
A16: Cross-person — exact match | B16: C002 | C16: Possible duplicate | D16: 07/02/2026 12:03 PM | E16: David Fletcher | F16: Sales Associate | G16: SUPER WINE WAREHSE(P)PATE | H16: 20106 | I16: 40 | J16: Silver (40-69) | K16: 500 | L16: CAYMAN JACK | M16: View Photo
A17: Cross-person — exact match | B17: C003 | C17: Kept (first submitted) | D17: 07/02/2026 02:25 PM | E17: phil Ernst | F17: Sales Rep | G17: SUPER WINE WAREHSE(P)PATE | H17: 20106 | I17: 50 | J17: Silver (40-69) | K17: 500 | L17: TWISTED TEA | M17: View Photo
A18: Cross-person — exact match | B18: C003 | C18: Possible duplicate | D18: 07/02/2026 12:01 PM | E18: Nicholas Micco | F18: Sales Associate | G18: SUPER WINE WAREHSE(P)PATE | H18: 20106 | I18: 50 | J18: Silver (40-69) | K18: 500 | L18: TWISTED TEA | M18: View Photo
A19: Cross-person — exact match | B19: C004 | C19: Kept (first submitted) | D19: 07/03/2026 01:11 PM | E19: patrick infante | F19: Sales Associate | G19: C TOWN SUPERMARKET(P) | H19: 21026 | I19: 40 | J19: Silver (40-69) | K19: 500 | L19: MODELO CERVEZA | M19: View Photo
A20: Cross-person — exact match | B20: C004 | C20: Possible duplicate | D20: 07/03/2026 01:13 PM | E20: Javier Melo | F20: Sales Rep | G20: C TOWN SUPERMARKET(P) | H20: 21026 | I20: 40 | J20: Silver (40-69) | K20: 500 | L20: MODELO CERVEZA | M20: View Photo
A21: Cross-person — exact match | B21: C005 | C21: Kept (first submitted) | D21: 07/07/2026 11:41 AM | E21: Daniel La Gala | F21: Sales Rep | G21: MITSUWA MARKET (A) | H21: 49066 | I21: 100 | J21: Gold (70+) | K21: 1000 | L21: MODELO CERVEZA | M21: View Photo
A22: Cross-person — exact match | B22: C005 | C22: Possible duplicate | D22: 07/07/2026 11:42 AM | E22: mickey obrien | F22: Sales Associate | G22: MITSUWA MARKET (A) | H22: 49066 | I22: 100 | J22: Gold (70+) | K22: 1000 | L22: MODELO CERVEZA | M22: View Photo
A23: Cross-person — exact match | B23: C006 | C23: Kept (first submitted) | D23: 07/07/2026 11:41 AM | E23: mickey obrien | F23: Sales Associate | G23: MITSUWA MARKET (A) | H23: 49066 | I23: 100 | J23: Gold (70+) | K23: 1000 | L23: HEINEKEN | M23: View Photo
A24: Cross-person — exact match | B24: C006 | C24: Possible duplicate | D24: 07/07/2026 11:42 AM | E24: Daniel La Gala | F24: Sales Rep | G24: MITSUWA MARKET (A) | H24: 49066 | I24: 100 | J24: Gold (70+) | K24: 1000 | L24: HEINEKEN | M24: View Photo
... A136: Same person — exact repeat | B136: C059 | C136: Possible duplicate | D136: 07/30/2026 12:10 PM | E136: Klejdi Lamo | F136: Sales Rep | G136: SHOP RITE WINE & SPIRITS STANHOPE | H136: 191710 | I136: 70 | J136: Gold (70+) | K136: 1000 | L136: SUN CRUISERS RTD | M136: View Photo

Sheet Multi-Supplier Audit
A1: Multi-Supplier Displays — attribution audit
A2: Photo submissions carrying more than one supplier group. Each is credited to the group holding the most cases.
A4: Date | B4: Rep / Associate | C4: Account (DBA) | D4: Total Cases | E4: Display Tier | F4: Credited To | G4: Cases from Credited Supplier | H4: Full Supplier Split (cases) | I4: Qualifying?
A5: 07/07/2026 | B5: patrick infante | C5: MITSUWA MARKET (A) | D5: 200 | E5: Gold (70+) | F5: Constellation | G5: 100 | H5: HUSA (Heineken USA) (100) + Constellation (100) | I5: Yes
A6: 07/24/2026 | B6: John Neukum | C6: BJ'S WAREHOUSE E RUTHERFO | D6: 150 | E6: Gold (70+) | F6: HUSA (Heineken USA) | G6: 90 | H6: HUSA (Heineken USA) (90) + Yuengling (60) | I6: Yes
A7: 07/21/2026 | B7: mickey obrien | C7: BOTTLE KING (A) GLEN ROCK | D7: 135 | E7: Gold (70+) | F7: Boston Beer | G7: 75 | H7: Boston Beer (75) + Molson Coors (60) | I7: Yes
A8: 07/02/2026 | B8: phil Ernst | C8: SUPER WINE WAREHSE(P)PATE | D8: 115 | E8: Gold (70+) | F8: Mark Anthony | G8: 70 | H8: Mark Anthony (70) + Boston Beer (45) | I8: Yes
A9: 08/17/2026 | B9: Mike Ast | C9: BOTTLE KING (A) WAYNE | D9: 91 | E9: Gold (70+) | F9: Yuengling | G9: 33 | H9: Yuengling (33) + All Other: CAPE MAY BREWING COMPANY (19) + All Other: SIERRA NEVADA BREWING COMPANY (17) + All Other: ARTISANAL BREWING VENTURES (EBI) (11) + All Other: THE GAMBRINUS COMPANY (11) | I9: Yes
A10: 08/05/2026 | B10: Shane Barreca | C10: BOTTLE KING (A) DUMONT | D10: 70 | E10: Gold (70+) | F10: All Other: PAULANER | G10: 43 | H10: All Other: PAULANER (43) + All Other: HOFBRAU (20) + Yuengling (7) | I10: Yes
A11: 08/17/2026 | B11: Mike Ast | C11: BOTTLE KING (A) WAYNE | D11: 69 | E11: Silver (40-69) | F11: All Other: PAULANER | G11: 36 | H11: All Other: PAULANER (36) + All Other: HOFBRAU (11) + All Other: STEVEN'S POINT BREWERY (11) + All Other: TOTAL BEVERAGE SOLUTION (11) | I11: Yes
A12: 08/13/2026 | B12: Alex Rodriguez | C12: CHARLIE'S LIQUOR AND CONVENIENCE | D12: 50 | E12: Silver (40-69) | F12: Constellation | G12: 20 | H12: Molson Coors (20) + Constellation (20) + HUSA (Heineken USA) (10) | I12: Yes
A13: 07/29/2026 | B13: Shane Barreca | C13: BOTTLE KING (A) RAMSEY | D13: 42 | E13: Silver (40-69) | F13: Boston Beer | G13: 26 | H13: Boston Beer (26) + Molson Coors (16) | I13: Yes
A14: 08/10/2026 | B14: Shane Barreca | C14: MONTVALE WINE/LIQ & BEER | D14: 38 | E14: Bronze (20-39) | F14: All Other: PAULANER | G14: 33 | H14: All Other: PAULANER (33) + All Other: HOFBRAU (5) | I14: Yes
A15: 07/14/2026 | B15: Shane Barreca | C15: CORK & KEG (A) | D15: 32 | E15: Bronze (20-39) | F15: Boston Beer | G15: 18 | H15: Boston Beer (18) + Carbliss (14) | I15: Yes
A16: 08/18/2026 | B16: John O’Donoghue | C16: SHOP RITE LIQUORS | D16: 29 | E16: Bronze (20-39) | F16: All Other: F.X. MATT BREWING COMPANY | G16: 9 | H16: All Other: F.X. MATT BREWING COMPANY (9) + All Other: BARREL ONE COLLECTIVE (5) + All Other: HOFBRAU (5) + All Other: FLYING DOG BREWERY (5) + All Other: STEVEN'S POINT BREWERY (5) | I16: Yes
... A33: 08/28/2026 | B33: patrick infante | C33: SWIZZLE STICK LIQ (A) | D33: 0 | E33: Non-qualifying (<10) | F33: Constellation | G33: 0 | H33: Constellation (0) + Molson Coors (0) | I33: No

Sheet Display Detail
A1: Display ID | B1: Date | C1: Date / Time | D1: Rep / Associate | E1: Role | F1: District Manager | G1: Account # | H1: Account (DBA) | I1: City | J1: Supplier Group | K1: Tier # | L1: Display Tier | M1: Cases | N1: Cases from This Supplier | O1: Point Class | P1: Points | Q1: Qualifying? | R1: Lead Brand | S1: All Brands in Display | T1: Raw Supplier(s) | U1: SKU Lines | V1: Multi-Supplier? | W1: Supplier Split (cases) | X1: Duplicate Flag | Y1: Photo Link
A2: D0001 | B2: 08/19/2026 | C2: 08/19/2026 04:06 PM | D2: Dave Ehlers | E2: Sales Rep | F2: Michael Engel | G2: 58001 | H2: TOTAL WINE & MORE (RIVER EDGE) | I2: RIVER EDGE | J2: Mark Anthony | K2: 4 | L2: Gold (70+) | M2: 250 | N2: 250 | O2: Priority | P2: 1000 | Q2: Yes | R2: WHITE CLAW ORIGINAL HARD SELTZER | S2: WHITE CLAW ORIGINAL HARD SELTZER | T2: MARK ANTHONY GROUP | U2: 5 | V2: No | W2: Mark Anthony (250) | X2: — | Y2: View Photo
A3: D0002 | B3: 07/22/2026 | C3: 07/22/2026 03:13 PM | D3: Mike Ast | E3: Sales Rep | F3: Paul Deady | G3: 12011 | H3: BOTTLE KING (A) WAYNE | I3: WAYNE | J3: Mark Anthony | K3: 4 | L3: Gold (70+) | M3: 225 | N3: 225 | O3: Priority | P3: 1000 | Q3: Yes | R3: WHITE CLAW SURF HARD SELTZER | S3: WHITE CLAW ORIGINAL HARD SELTZER, WHITE CLAW SURF HARD SELTZER, WHITE CLAW SURGE HARD SELTZER | T3: MARK ANTHONY GROUP | U3: 8 | V3: No | W3: Mark Anthony (225) | X3: — | Y3: View Photo
A4: D0003 | B4: 08/18/2026 | C4: 08/18/2026 02:06 PM | D4: mickey obrien | E4: Sales Associate | F4: Michael Engel | G4: 58001 | H4: TOTAL WINE & MORE (RIVER EDGE) | I4: RIVER EDGE | J4: Mark Anthony | K4: 4 | L4: Gold (70+) | M4: 218 | N4: 218 | O4: Priority | P4: 1000 | Q4: Yes | R4: WHITE CLAW ORIGINAL HARD SELTZER | S4: WHITE CLAW ORIGINAL HARD SELTZER, WHITE CLAW SURF HARD SELTZER | T4: MARK ANTHONY GROUP | U4: 5 | V4: No | W4: Mark Anthony (218) | X4: — | Y4: View Photo
A5: D0004 | B5: 07/02/2026 | C5: 07/02/2026 09:32 AM | D5: mickey obrien | E5: Sales Associate | F5: Michael Engel | G5: 58001 | H5: TOTAL WINE & MORE (RIVER EDGE) | I5: RIVER EDGE | J5: Mark Anthony | K5: 4 | L5: Gold (70+) | M5: 200 | N5: 200 | O5: Priority | P5: 1000 | Q5: Yes | R5: WHITE CLAW SURF HARD SELTZER | S5: WHITE CLAW SURF HARD SELTZER | T5: MARK ANTHONY GROUP | U5: 1 | V5: No | W5: Mark Anthony (200) | X5: — | Y5: View Photo
A6: D0005 | B6: 07/07/2026 | C6: 07/07/2026 11:42 AM | D6: patrick infante | E6: Sales Associate | F6: Michael Engel | G6: 49066 | H6: MITSUWA MARKET (A) | I6: EDGEWATER | J6: Constellation | K6: 4 | L6: Gold (70+) | M6: 200 | N6: 100 | O6: Priority | P6: 1000 | Q6: Yes | R6: HEINEKEN | S6: HEINEKEN, MODELO CERVEZA | T6: CONSTELLATION BRANDS, HEINEKEN | U6: 2 | V6: Yes | W6: HUSA (Heineken USA) (100) + Constellation (100) | X6: — | Y6: View Photo
A7: D0006 | B7: 07/17/2026 | C7: 07/17/2026 12:22 PM | D7: Alex Rodriguez | E7: Sales Rep | F7: Mike Kennedy | G7: 12005 | H7: SHAY'S LIQUORS | I7: WAYNE | J7: Boston Beer | K7: 4 | L7: Gold (70+) | M7: 200 | N7: 200 | O7: Priority | P7: 1000 | Q7: Yes | R7: SUN CRUISERS RTD | S7: SUN CRUISER ICED TEA VODKA, SUN CRUISERS RTD | T7: BOSTON BEER COMPANY | U7: 5 | V7: No | W7: Boston Beer (200) | X7: — | Y7: View Photo
A8: D0007 | B8: 07/29/2026 | C8: 07/29/2026 03:47 PM | D8: Dave Ehlers | E8: Sales Rep | F8: Michael Engel | G8: 58001 | H8: TOTAL WINE & MORE (RIVER EDGE) | I8: RIVER EDGE | J8: Molson Coors | K8: 4 | L8: Gold (70+) | M8: 200 | N8: 200 | O8: Priority | P8: 1000 | Q8: Yes | R8: MILLER LITE | S8: MILLER LITE | T8: MOLSON COORS BEVERAGE COMPANY | U8: 1 | V8: No | W8: Molson Coors (200) | X8: First of a repeat set | Y8: View Photo
A9: D0008 | B9: 08/03/2026 | C9: 08/03/2026 09:42 AM | D9: Mike Ast | E9: Sales Rep | F9: Paul Deady | G9: 11003 | H9: LINCOLN PARK FINE WINES & SPIRITS | I9: LINCOLN PARK | J9: Mark Anthony | K9: 4 | L9: Gold (70+) | M9: 200 | N9: 200 | O9: Priority | P9: 1000 | Q9: Yes | R9: WHITE CLAW ORIGINAL HARD SELTZER | S9: WHITE CLAW ORIGINAL HARD SELTZER, WHITE CLAW SURF HARD SELTZER | T9: MARK ANTHONY GROUP | U9: 6 | V9: No | W9: Mark Anthony (200) | X9: — | Y9: View Photo
A10: D0009 | B10: 08/12/2026 | C10: 08/12/2026 01:02 PM | D10: Nicholas Micco | E10: Sales Associate | F10: Michael Engel | G10: 29004 | H10: SHOP-RITE LIQ LYNDHURST | I10: LYNDHURST | J10: Constellation | K10: 4 | L10: Gold (70+) | M10: 200 | N10: 200 | O10: Priority | P10: 1000 | Q10: Yes | R10: CORONA EXTRA | S10: CORONA EXTRA, MODELO CERVEZA | T10: CONSTELLATION BRANDS | U10: 4 | V10: No | W10: Constellation (200) | X10: — | Y10: View Photo
A11: D0010 | B11: 08/10/2026 | C11: 08/10/2026 08:53 AM | D11: Shane Barreca | E11: Sales Rep | F11: Paul Deady | G11: 67005 | H11: SHOPRITE LIQ (A)NORTHVLE | I11: NORTHVALE | J11: HUSA (Heineken USA) | K11: 4 | L11: Gold (70+) | M11: 193 | N11: 193 | O11: Priority | P11: 1000 | Q11: Yes | R11: HEINEKEN | S11: HEINEKEN | T11: HEINEKEN | U11: 7 | V11: No | W11: HUSA (Heineken USA) (193) | X11: — | Y11: View Photo
A12: D0011 | B12: 07/20/2026 | C12: 07/20/2026 07:43 AM | D12: Shane Barreca | E12: Sales Rep | F12: Paul Deady | G12: 70001 | H12: MONTVALE WINE/LIQ & BEER | I12: MONTVALE | J12: Mark Anthony | K12: 4 | L12: Gold (70+) | M12: 191 | N12: 191 | O12: Priority | P12: 1000 | Q12: Yes | R12: WHITE CLAW ORIGINAL HARD SELTZER | S12: WHITE CLAW ORIGINAL HARD SELTZER, WHITE CLAW SURF HARD SELTZER | T12: MARK ANTHONY GROUP | U12: 5 | V12: No | W12: Mark Anthony (191) | X12: — | Y12: View Photo
A13: D0012 | B13: 07/06/2026 | C13: 07/06/2026 02:35 PM | D13: phil Ernst | E13: Sales Rep | F13: Michael Engel | G13: 46019 | H13: PALISADES WINE AND LIQUOR | I13: PALISADES PARK | J13: Molson Coors | K13: 4 | L13: Gold (70+) | M13: 190 | N13: 190 | O13: Priority | P13: 1000 | Q13: Yes | R13: COORS | S13: COORS, COORS LIGHT | T13: MOLSON COORS BEVERAGE COMPANY | U13: 2 | V13: No | W13: Molson Coors (190) | X13: — | Y13: View Photo
... A445: D0444 | B445: 08/28/2026 | C445: 08/28/2026 12:04 PM | D445: patrick infante | E445: Sales Associate | F445: Denise Montes | G445: 21033 | H445: THE LIQUOR SHOP | I445: PATERSON | J445: Constellation | K445: 2 | L445: Bronze (20-39) | M445: 20 | N445: 20 | O445: Priority | P445: 300 | Q445: Yes | R445: CORONA EXTRA | S445: CORONA EXTRA | T445: CONSTELLATION BRANDS | U445: 1 | V445: No | W445: Constellation (20) | X445: — | Y445: View Photo
A446: D0445 | B446: 07/27/2026 | C446: 07/27/2026 12:45 PM | D446: Alex Rodriguez | E446: Sales Rep | G446: 250036 | H446: WATCHUNG LIQUOR (P) | I446: PLAINFIELD | J446: All Other: CENTRAL BEER IMPORT & EXPORT FAMOSA | K446: 1 | L446: Other (10-19) | M446: 19 | N446: 19 | O446: All Other | P446: 100 | Q446: Yes | R446: FAMOSA | S446: FAMOSA | T446: CENTRAL BEER IMPORT & EXPORT FAMOSA | U446: 1 | V446: No | W446: All Other: CENTRAL BEER IMPORT & EXPORT FAMOSA (19) | X446: — | Y446: View Photo
A447: D0446 | B447: 07/06/2026 | C447: 07/06/2026 11:25 AM | D447: Mike Ast | E447: Sales Rep | F447: Paul Deady | G447: 17010 | H447: FRANK'S FINE WINE & FOODS | I447: HALEDON | J447: HUSA (Heineken USA) | K447: 1 | L447: Other (10-19) | M447: 18 | N447: 18 | O447: Priority | P447: 200 | Q447: Yes | R447: DOS EQUIS | S447: DOS EQUIS | T447: HEINEKEN | U447: 2 | V447: No | W447: HUSA (Heineken USA) (18) | X447: — | Y447: View Photo
A448: D0447 | B448: 07/30/2026 | C448: 07/30/2026 10:31 AM | D448: phil Ernst | E448: Sales Rep | F448: Michael Engel | G448: 83010 | H448: BOTTLE KING (A) GLEN ROCK | I448: GLEN ROCK | J448: All Other: ATHLETIC BREWING COMPANY | K448: 1 | L448: Other (10-19) | M448: 18 | N448: 18 | O448: All Other | P448: 100 | Q448: Yes | R448: ATHLETIC BREWING COMPANY | S448: ATHLETIC BREWING COMPANY | T448: ATHLETIC BREWING COMPANY | U448: 1 | V448: No | W448: All Other: ATHLETIC BREWING COMPANY (18) | X448: — | Y448: View Photo
A449: D0448 | B449: 08/03/2026 | C449: 08/03/2026 11:39 AM | D449: patrick infante | E449: Sales Associate | F449: Denise Montes | G449: 37013 | H449: JOE'S LIQUORS | I449: GARFIELD | J449: Constellation | K449: 1 | L449: Other (10-19) | M449: 18 | N449: 18 | O449: Priority | P449: 200 | Q449: Yes | R449: CORONA EXTRA | S449: CORONA EXTRA | T449: CONSTELLATION BRANDS | U449: 2 | V449: No | W449: Constellation (18) | X449: — | Y449: View Photo
A450: D0449 | B450: 08/05/2026 | C450: 08/05/2026 01:32 PM | D450: Michael Harboy | E450: Sales Rep | F450: Mike Kennedy | G450: 150248 | H450: THE WINE RACK NORTH CALDWELL | I450: NORTH CALDWELL | J450: All Other: TALKHOUSE ENCORE | K450: 1 | L450: Other (10-19) | M450: 18 | N450: 18 | O450: All Other | P450: 100 | Q450: Yes | R450: TALKHOUSE ENCORE VARIETY PACK | S450: TALKHOUSE ENCORE VARIETY PACK | T450: TALKHOUSE ENCORE | U450: 2 | V450: No | W450: All Other: TALKHOUSE ENCORE (18) | X450: — | Y450: View Photo
A451: D0450 | B451: 08/07/2026 | C451: 08/07/2026 03:32 PM | D451: mickey obrien | E451: Sales Associate | F451: Michael Engel | G451: 40022 | H451: BUY RITE OF HACKENSACK | I451: HACKENSACK | J451: Molson Coors | K451: 1 | L451: Other (10-19) | M451: 18 | N451: 18 | O451: Priority | P451: 200 | Q451: Yes | R451: MILLER LITE | S451: MILLER LITE | T451: MOLSON COORS BEVERAGE COMPANY | U451: 3 | V451: No | W451: Molson Coors (18) | X451: — | Y451: View Photo
A452: D0451 | B452: 07/02/2026 | C452: 07/02/2026 10:47 AM | D452: David Fletcher | E452: Sales Associate | F452: Michael Engel | G452: 76010 | H452: USA WINE TRADERS CLUB (SADDLE BROOK) | I452: SADDLE BROOK | J452: Boston Beer | K452: 1 | L452: Other (10-19) | M452: 15 | N452: 15 | O452: Priority | P452: 200 | Q452: Yes | R452: TWISTED TEA | S452: TWISTED TEA | T452: BOSTON BEER COMPANY | U452: 3 | V452: No | W452: Boston Beer (15) | X452: First of a repeat set | Y452: View Photo
A453: D0452 | B453: 07/14/2026 | C453: 07/14/2026 12:32 PM | D453: Mike Ast | E453: Sales Rep | F453: Paul Deady | G453: 96002 | H453: WINE & SPIRIT WORLD(W) | I453: WYCKOFF | J453: Boston Beer | K453: 1 | L453: Other (10-19) | M453: 15 | N453: 15 | O453: Priority | P453: 200 | Q453: Yes | R453: TWISTED TEA | S453: TWISTED TEA | T453: BOSTON BEER COMPANY | U453: 2 | V453: No | W453: Boston Beer (15) | X453: — | Y453: View Photo
A454: D0453 | B454: 07/14/2026 | C454: 07/14/2026 12:37 PM | D454: Mike Ast | E454: Sales Rep | F454: Paul Deady | G454: 96002 | H454: WINE & SPIRIT WORLD(W) | I454: WYCKOFF | J454: HUSA (Heineken USA) | K454: 1 | L454: Other (10-19) | M454: 15 | N454: 15 | O454: Priority | P454: 200 | Q454: Yes | R454: DOS EQUIS | S454: DOS EQUIS | T454: HEINEKEN | U454: 2 | V454: No | W454: HUSA (Heineken USA) (15) | X454: — | Y454: View Photo
A455: D0454 | B455: 07/15/2026 | C455: 07/15/2026 01:46 PM | D455: Dave Ehlers | E455: Sales Rep | F455: Michael Engel | G455: 40022 | H455: BUY RITE OF HACKENSACK | I455: HACKENSACK | J455: Molson Coors | K455: 1 | L455: Other (10-19) | M455: 15 | N455: 15 | O455: Priority | P455: 200 | Q455: Yes | R455: BLUE MOON | S455: BLUE MOON | T455: MOLSON COORS BEVERAGE COMPANY | U455: 3 | V455: No | W455: Molson Coors (15) | X455: First of a repeat set | Y455: View Photo
A456: D0455 | B456: 07/15/2026 | C456: 07/15/2026 01:46 PM | D456: mickey obrien | E456: Sales Associate | F456: Michael Engel | G456: 40022 | H456: BUY RITE OF HACKENSACK | I456: HACKENSACK | J456: Molson Coors | K456: 1 | L456: Other (10-19) | M456: 15 | N456: 15 | O456: Priority | P456: 200 | Q456: Yes | R456: BLUE MOON | S456: BLUE MOON | T456: MOLSON COORS BEVERAGE COMPANY | U456: 3 | V456: No | W456: Molson Coors (15) | X456: Possible duplicate | Y456: View Photo
A457: D0456 | B457: 08/03/2026 | C457: 08/03/2026 12:52 PM | D457: patrick infante | E457: Sales Associate | F457: Denise Montes | G457: 29011 | H457: WORLD OF WINE & LIQUOR | I457: LYNDHURST | J457: HUSA (Heineken USA) | K457: 1 | L457: Other (10-19) | M457: 15 | N457: 15 | O457: Priority | P457: 200 | Q457: Yes | R457: HEINEKEN | S457: HEINEKEN | T457: HEINEKEN | U457: 2 | V457: No | W457: HUSA (Heineken USA) (15) | X457: — | Y457: View Photo
A458: D0457 | B458: 08/04/2026 | C458: 08/04/2026 10:26 AM | D458: James Heaney | E458: Sales Rep | F458: Denise Montes | G458: 29011 | H458: WORLD OF WINE & LIQUOR | I458: LYNDHURST | J458: HUSA (Heineken USA) | K458: 1 | L458: Other (10-19) | M458: 15 | N458: 15 | O458: Priority | P458: 200 | Q458: Yes | R458: HEINEKEN | S458: HEINEKEN | T458: HEINEKEN | U458: 3 | V458: No | W458: HUSA (Heineken USA) (15) | X458: — | Y458: View Photo
... A656: D0655 | B656: 08/28/2026 | C656: 08/28/2026 01:45 PM | D656: patrick infante | E656: Sales Associate | F656: Denise Montes | G656: 24002 | H656: SWIZZLE STICK LIQ (A) | I656: CLIFTON | J656: Constellation | K656: 0 | L656: Non-qualifying (<10) | M656: 0 | N656: 0 | O656: Priority | P656: 0 | Q656: No | R656: CORONA EXTRA | S656: CORONA EXTRA, MILLER LITE, MODELO CERVEZA | T656: CONSTELLATION BRANDS, MOLSON COORS BEVERAGE COMPANY | U656: 3 | V656: Yes | W656: Constellation (0) + Molson Coors (0) | X656: — | Y656: View Photo

Sheet Notes & Method
A1: Notes & Method
A2: How every number in this workbook was derived, and what to watch for.
A4: Scope
A5: Program | B5: Kohler iSell Beer Summer Display Auction (Sales Reps) and Summer Display Rewards (Sales Associates), July/August 2026.
A6: Source data | B6: iSellBeer display photo export, one row per SKU per photo. Loaded from DisplayPhotoReport.csv in the display-auction-tracker folder of the dashboards repo — the same file that drives the live leaderboard.
A7: Window | B7: 07/01/2026 through 08/31/2026 — the complete program period.
A8: Last pull | B8: Report_59, pulled 08/31/2026.
A9: What counts as one display
A10: Display definition | B10: One display = one photo submission = all export rows sharing the same Photo Taker + Account # + Date/Time. Multiple SKU rows under one photo are summed into that display's case count. This matches how the live tracker scores the board.
A11: Case count | B11: The display's TOTAL cases across every SKU in the photo. This is the number the tier is scored on.
A12: Tier | B12: Gold 70+ · Silver 40-69 · Bronze 20-39 · Other 10-19 · under 10 cases does not qualify. A display appears in exactly one tier.
A13: Supplier attribution
A14: Rule | B14: Each display is credited to the single supplier group holding the most cases in that photo, so no display is counted twice. 29 of 655 submissions (13 of the 494 qualifying) carry more than one supplier — all are listed on the Multi-Supplier Audit tab with their full case split.
A15: Why brand, not the Supplier column | B15: Supplier is mapped from the brand rather than read off the export's Supplier column, because three groups do not line up with it: Garage Beer appears under both GARAGE BEER CO. and MAHOU USA (its contract brewer), Lytt under both BOSTON BEER COMPANY and LYTT LLC, and Montauk sits under TILRAY BRANDS next to the unrelated Popsicle FMB.
A16: Pabst | B16: Named on the program slide, but no Pabst display was submitted in July or August — the row reads zero.
A17: Points
A18: Scale used | B18: Points are the live tracker's published scale: Priority 200 / 300 / 500 / 1000 for Other / Bronze / Silver / Gold, All Other 100 / 200 / 300 / 600. Workbook total 302,200 points reconciles exactly to the published leaderboard.
A19: ATTENTION — differs from the slide | B19: The program slide shows a 10x-smaller scale (Priority 100 Gold / 50 Silver / 30 Bronze, All Other 60 / 30 / 10, plus 10 points for any 10+ case display). Scaled up, that is Priority 1000/500/300/100 and All Other 600/300/100/100 — which agrees with the tracker at Gold and Silver but not at the two smallest tiers (tracker Priority-Other 200 vs slide 100; tracker All-Other-Bronze 200 vs slide 100). The tracker's values were confirmed directly by Kohler when each tier first appeared, so they are what the board pays. Worth a quick confirmation before the September auction if points are being redeemed off the slide.
A20: Priority vs All Other | B20: Assigned per brand from the tracker's own confirmed brand lists, not from the supplier grouping. Two consequences worth knowing: Molson Coors covers both Priority brands (Coors, Miller Lite, Blue Moon) and an All Other one (Redd's); and Monaco and Fever-Tree score as Priority on the tracker although neither appears on the program slide's supplier list.
A21: Mixed-class displays | B21: A display carrying both Priority and All Other brands is classed by whichever side holds more cases, then scored on the display's total cases — the rule Kohler confirmed when this first appeared.
A22: Data quality
A23: Complete fields | B23: Photo Taker, Role, District Manager, Account #, DBA, City, Brand, SKU, Quantity, Date/Time and the photo link are populated on every one of the 1,479 source rows. Nothing needed to identify a display, its cases, or its rep is missing.
A24: Blank Brand Family | B24: 94 rows carry no Brand Family and fall back to the raw Brand column (Carbliss, Monaco, Sinless, Sun Cruisers). Handled, no data lost.
A25: Blank Supplier | B25: 1 row (a Monaco line) has no Supplier value. It is resolved by brand, so it lands in All Other rather than Unspecified.
A26: Zero-quantity rows | B26: 97 rows carry Quantity 0. They are real SKU lines on real photos and are kept, but contribute no cases — a display made up entirely of them scores as non-qualifying.
A27: Non-qualifying displays | B27: 161 of the 655 submissions came in under 10 cases. They are kept in the detail (greyed out, Qualifying? = No) so the tabs reconcile to the full submission count, but they are excluded from every qualifying total.
A28: Duplicates
A29: What was checked | B29: Every qualifying display was compared against the others on the same account and the same day. Three patterns are flagged on the Duplicate Check tab, and the Display Detail tab carries a matching Duplicate Flag column you can filter on.
A30: Same person — exact repeat | B30: 2 displays. One person logged the identical account, day, case count and brand twice, minutes apart (Klejdi Lamo, Shop Rite Stanhope, 70 cases of Sun Cruisers, 12:09 and 12:10 PM; mickey obrien, Buy Rite of Fairview, 65 cases of Modelo, 12:19 and 12:26 PM). These look like straightforward double submissions.
A31: Cross-person — exact match | B31: 35 displays. Two or more people logged the same account, day, cases and brands. Most pair a Sales Rep with the Sales Associate working the same store — whether that is double counting depends on whether both programs are meant to pay on the same physical display.
A32: Cross-person — same brands, different cases | B32: 28 displays. Same account, day and brands, but each person recorded a different case count (e.g. Buy Rite of Hackensack 07/15: Dave Ehlers logged 77 cases of Modelo, mickey obrien logged 82).
A33: Nothing was removed | B33: Every summary figure in this workbook includes all 494 qualifying displays and matches the published leaderboard. The 65 flagged displays carry 43,800 points (14.5% of the board) — decide the treatment first, then rerun if any are to be excluded.
A34: Not duplicates | B34: No photo URL appears on more than one display, so nothing is double-counted at the photo level. Repeat visits to the same account on DIFFERENT days, and different brands photographed separately on the same visit, are normal program activity and are not flagged.
A35: Reconciliation
A36: Check | B36: 655 total submissions · 494 qualifying · 302,200 points. All three tie exactly to the live tracker at gavinsharkey5.github.io/Kohler-Dist-Master-Dashboard/isellbeer/display-auction-tracker/.
