Workbook

Sheet 2026 Planning by Brand
A1: Supplier / Brand Family | B1: Supplier | C1: Brand Manager | D1: Segment | E1: Sub-Segment | F1: Unique ID | G1: Unique ID 2 | H1: Estimated 2025 Finish | I1: Estimated % +/- | J1: 2025 Finish | K1: 2026 Brewery Goal +/-% | L1: 2026 Brewery CE Change | M1: 2026 Brewery Goal CE | N1: 2026 Kohler Goal +/-% | O1: 2026 Kohler CE Change | P1: 2026 Kohler Goal CE | R1: Notes
A2: Total | F2: =A2&"|"&B2 -> Total| | H2: =_xlfn.XLOOKUP(F2,'DATA - 2025 Review'!C:C,'DATA - 2025 Review'!I:I,"") -> 7085209.6 | I2: =_xlfn.XLOOKUP(F2,'DATA - 2025 Review'!C:C,'DATA - 2025 Review'!J:J,"") -> -0.05884793 | J2: =_xlfn.XLOOKUP(F2,'2025 Finish (ACTUAL)'!C:C,'2025 Finish (ACTUAL)'!D:D) -> 7067012.3 | K2: =L2/H2 -> -0.0062418651 | L2: =SUMIFS(L3:L472,A3:A472,"<>",B3:B472,"") -> -44224.923 | M2: =SUMIFS(M3:M472,A3:A472,"<>",B3:B472,"") -> 7055675.3 | N2: =O2/H2 -> -0.024569207 | O2: =SUMIFS(O3:O472,A3:A472,"<>",B3:B472,"") -> -174077.98 | P2: =SUMIFS(P3:P472,A3:A472,"<>",B3:B472,"") -> 6908383
A3: Constellation Brands | C3: =_xlfn.XLOOKUP(A3,'Brand Managers'!A:A,'Brand Managers'!B:B) -> Steve Halloran | F3: =A3&"|"&B3 -> Constellation Brands| | G3: =A3&"|"&B3&"|"&D3&"|"&E3 -> Constellation Brands||| | H3: =_xlfn.XLOOKUP(F3,'DATA - 2025 Review'!C:C,'DATA - 2025 Review'!I:I,"") -> 2620051.9 | I3: =_xlfn.XLOOKUP(F3,'DATA - 2025 Review'!C:C,'DATA - 2025 Review'!J:J) -> -0.057688778 | J3: =_xlfn.XLOOKUP(F3,'2025 Finish (ACTUAL)'!C:C,'2025 Finish (ACTUAL)'!D:D) -> 2631932.7 | K3: =L3/J3 -> 0.00061581932 | L3: =SUMIF(B:B,A3,L:L) -> 1620.795 | M3: =SUMIF(B:B,A3,M:M) -> 2633553.5 | N3: =O3/J3 -> -0.019964201 | O3: =SUMIF(B:B,A3,O:O) -> -52544.434 | P3: =SUMIF(B:B,A3,P:P) -> 2579388.3
A4: Corona Extra | B4: Constellation Brands | C4: Steve Halloran | D4: =_xlfn.XLOOKUP(F4,'DATA - Segments'!C:C,'DATA - Segments'!D:D) -> Beer | E4: =_xlfn.XLOOKUP(F4,'DATA - Segments'!C:C,'DATA - Segments'!E:E) -> Beer - Import | F4: =A4&"|"&B4 -> Corona Extra|Constellation Brands | G4: =A4&"|"&B4&"|"&D4&"|"&E4 -> Corona Extra|Constellation Brands|Beer|Beer - Import | H4: =_xlfn.XLOOKUP(F4,'DATA - 2025 Review'!C:C,'DATA - 2025 Review'!I:I,"") -> 1218179.5 | I4: =_xlfn.XLOOKUP(F4,'DATA - 2025 Review'!C:C,'DATA - 2025 Review'!J:J) -> -0.073932646 | J4: =_xlfn.XLOOKUP(F4,'2025 Finish (ACTUAL)'!$C:$C,'2025 Finish (ACTUAL)'!$D:$D) -> 1217068.1 | K4: -0.042 | L4: =K4*J4 -> -51116.86 | M4: =L4+J4 -> 1165951.2 | N4: -0.042 | O4: =N4*J4 -> -51116.86 | P4: =O4+J4 -> 1165951.2
A5: Modelo Especial | B5: Constellation Brands | C5: Steve Halloran | D5: =_xlfn.XLOOKUP(F5,'DATA - Segments'!C:C,'DATA - Segments'!D:D) -> Beer | E5: =_xlfn.XLOOKUP(F5,'DATA - Segments'!C:C,'DATA - Segments'!E:E) -> Beer - Import | F5: =A5&"|"&B5 -> Modelo Especial|Constellation Brands | G5: =A5&"|"&B5&"|"&D5&"|"&E5 -> Modelo Especial|Constellation Brands|Beer|Beer - Import | H5: =_xlfn.XLOOKUP(F5,'DATA - 2025 Review'!C:C,'DATA - 2025 Review'!I:I,"") -> 1053905.8 | I5: =_xlfn.XLOOKUP(F5,'DATA - 2025 Review'!C:C,'DATA - 2025 Review'!J:J) -> -0.057997953 | J5: =_xlfn.XLOOKUP(F5,'2025 Finish (ACTUAL)'!$C:$C,'2025 Finish (ACTUAL)'!$D:$D) -> 1061492.6 | K5: 0.04 | L5: =K5*J5 -> 42459.703 | M5: =L5+J5 -> 1103952.3 | N5: -0.01 | O5: =N5*J5 -> -10614.926 | P5: =O5+J5 -> 1050877.6
A6: Modelo Chelada | B6: Constellation Brands | C6: Steve Halloran | D6: =_xlfn.XLOOKUP(F6,'DATA - Segments'!C:C,'DATA - Segments'!D:D) -> Beer | E6: =_xlfn.XLOOKUP(F6,'DATA - Segments'!C:C,'DATA - Segments'!E:E) -> Beer - Import | F6: =A6&"|"&B6 -> Modelo Chelada|Constellation Brands | G6: =A6&"|"&B6&"|"&D6&"|"&E6 -> Modelo Chelada|Constellation Brands|Beer|Beer - Import | H6: =_xlfn.XLOOKUP(F6,'DATA - 2025 Review'!C:C,'DATA - 2025 Review'!I:I,"") -> 84035.676 | I6: =_xlfn.XLOOKUP(F6,'DATA - 2025 Review'!C:C,'DATA - 2025 Review'!J:J) -> 0.075794355 | J6: =_xlfn.XLOOKUP(F6,'2025 Finish (ACTUAL)'!$C:$C,'2025 Finish (ACTUAL)'!$D:$D) -> 86203.667 | K6: 0.06 | L6: =K6*J6 -> 5172.22 | M6: =L6+J6 -> 91375.887 | N6: 0.06 | O6: =N6*J6 -> 5172.22 | P6: =O6+J6 -> 91375.887
A7: Victoria | B7: Constellation Brands | C7: Steve Halloran | D7: =_xlfn.XLOOKUP(F7,'DATA - Segments'!C:C,'DATA - Segments'!D:D) -> Beer | E7: =_xlfn.XLOOKUP(F7,'DATA - Segments'!C:C,'DATA - Segments'!E:E) -> Beer - Import | F7: =A7&"|"&B7 -> Victoria|Constellation Brands | G7: =A7&"|"&B7&"|"&D7&"|"&E7 -> Victoria|Constellation Brands|Beer|Beer - Import | H7: =_xlfn.XLOOKUP(F7,'DATA - 2025 Review'!C:C,'DATA - 2025 Review'!I:I,"") -> 61653.515 | I7: =_xlfn.XLOOKUP(F7,'DATA - 2025 Review'!C:C,'DATA - 2025 Review'!J:J) -> 0.096523882 | J7: =_xlfn.XLOOKUP(F7,'2025 Finish (ACTUAL)'!$C:$C,'2025 Finish (ACTUAL)'!$D:$D) -> 62550.664 | K7: 0.1 | L7: =K7*J7 -> 6255.0664 | M7: =L7+J7 -> 68805.73 | N7: 0.1 | O7: =N7*J7 -> 6255.0664 | P7: =O7+J7 -> 68805.73
A8: Corona Light | B8: Constellation Brands | C8: Steve Halloran | D8: =_xlfn.XLOOKUP(F8,'DATA - Segments'!C:C,'DATA - Segments'!D:D) -> Beer | E8: =_xlfn.XLOOKUP(F8,'DATA - Segments'!C:C,'DATA - Segments'!E:E) -> Beer - Import | F8: =A8&"|"&B8 -> Corona Light|Constellation Brands | G8: =A8&"|"&B8&"|"&D8&"|"&E8 -> Corona Light|Constellation Brands|Beer|Beer - Import | H8: =_xlfn.XLOOKUP(F8,'DATA - 2025 Review'!C:C,'DATA - 2025 Review'!I:I,"") -> 48789.669 | I8: =_xlfn.XLOOKUP(F8,'DATA - 2025 Review'!C:C,'DATA - 2025 Review'!J:J) -> -0.15743326 | J8: =_xlfn.XLOOKUP(F8,'2025 Finish (ACTUAL)'!$C:$C,'2025 Finish (ACTUAL)'!$D:$D) -> 49496 | K8: -0.08 | L8: =K8*J8 -> -3959.68 | M8: =L8+J8 -> 45536.32 | N8: -0.08 | O8: =N8*J8 -> -3959.68 | P8: =O8+J8 -> 45536.32
A9: Corona Familiar | B9: Constellation Brands | C9: Steve Halloran | D9: =_xlfn.XLOOKUP(F9,'DATA - Segments'!C:C,'DATA - Segments'!D:D) -> Beer | E9: =_xlfn.XLOOKUP(F9,'DATA - Segments'!C:C,'DATA - Segments'!E:E) -> Beer - Import | F9: =A9&"|"&B9 -> Corona Familiar|Constellation Brands | G9: =A9&"|"&B9&"|"&D9&"|"&E9 -> Corona Familiar|Constellation Brands|Beer|Beer - Import | H9: =_xlfn.XLOOKUP(F9,'DATA - 2025 Review'!C:C,'DATA - 2025 Review'!I:I,"") -> 35524.507 | I9: =_xlfn.XLOOKUP(F9,'DATA - 2025 Review'!C:C,'DATA - 2025 Review'!J:J) -> 0.096086016 | J9: =_xlfn.XLOOKUP(F9,'2025 Finish (ACTUAL)'!$C:$C,'2025 Finish (ACTUAL)'!$D:$D) -> 35513.661 | K9: 0.08 | L9: =K9*J9 -> 2841.0929 | M9: =L9+J9 -> 38354.754 | N9: 0.08 | O9: =N9*J9 -> 2841.0929 | P9: =O9+J9 -> 38354.754
A10: Corona Premier | B10: Constellation Brands | C10: Steve Halloran | D10: =_xlfn.XLOOKUP(F10,'DATA - Segments'!C:C,'DATA - Segments'!D:D) -> Beer | E10: =_xlfn.XLOOKUP(F10,'DATA - Segments'!C:C,'DATA - Segments'!E:E) -> Beer - Import | F10: =A10&"|"&B10 -> Corona Premier|Constellation Brands | G10: =A10&"|"&B10&"|"&D10&"|"&E10 -> Corona Premier|Constellation Brands|Beer|Beer - Import | H10: =_xlfn.XLOOKUP(F10,'DATA - 2025 Review'!C:C,'DATA - 2025 Review'!I:I,"") -> 32988.861 | I10: =_xlfn.XLOOKUP(F10,'DATA - 2025 Review'!C:C,'DATA - 2025 Review'!J:J) -> -0.13464841 | J10: =_xlfn.XLOOKUP(F10,'2025 Finish (ACTUAL)'!$C:$C,'2025 Finish (ACTUAL)'!$D:$D) -> 33624.306 | K10: -0.09 | L10: =K10*J10 -> -3026.1875 | M10: =L10+J10 -> 30598.118 | N10: -0.09 | O10: =N10*J10 -> -3026.1875 | P10: =O10+J10 -> 30598.118
A11: Pacifico | B11: Constellation Brands | C11: Steve Halloran | D11: =_xlfn.XLOOKUP(F11,'DATA - Segments'!C:C,'DATA - Segments'!D:D) -> Beer | E11: =_xlfn.XLOOKUP(F11,'DATA - Segments'!C:C,'DATA - Segments'!E:E) -> Beer - Import | F11: =A11&"|"&B11 -> Pacifico|Constellation Brands | G11: =A11&"|"&B11&"|"&D11&"|"&E11 -> Pacifico|Constellation Brands|Beer|Beer - Import | H11: =_xlfn.XLOOKUP(F11,'DATA - 2025 Review'!C:C,'DATA - 2025 Review'!I:I,"") -> 33073.875 | I11: =_xlfn.XLOOKUP(F11,'DATA - 2025 Review'!C:C,'DATA - 2025 Review'!J:J) -> 0.18824026 | J11: =_xlfn.XLOOKUP(F11,'2025 Finish (ACTUAL)'!$C:$C,'2025 Finish (ACTUAL)'!$D:$D) -> 33530.222 | K11: 0.1 | L11: =K11*J11 -> 3353.0222 | M11: =L11+J11 -> 36883.244 | N11: 0.1 | O11: =N11*J11 -> 3353.0222 | P11: =O11+J11 -> 36883.244
A12: Modelo Negra | B12: Constellation Brands | C12: Steve Halloran | D12: =_xlfn.XLOOKUP(F12,'DATA - Segments'!C:C,'DATA - Segments'!D:D) -> Beer | E12: =_xlfn.XLOOKUP(F12,'DATA - Segments'!C:C,'DATA - Segments'!E:E) -> Beer - Import | F12: =A12&"|"&B12 -> Modelo Negra|Constellation Brands | G12: =A12&"|"&B12&"|"&D12&"|"&E12 -> Modelo Negra|Constellation Brands|Beer|Beer - Import | H12: =_xlfn.XLOOKUP(F12,'DATA - 2025 Review'!C:C,'DATA - 2025 Review'!I:I,"") -> 24998.023 | I12: =_xlfn.XLOOKUP(F12,'DATA - 2025 Review'!C:C,'DATA - 2025 Review'!J:J) -> -0.060766114 | J12: =_xlfn.XLOOKUP(F12,'2025 Finish (ACTUAL)'!$C:$C,'2025 Finish (ACTUAL)'!$D:$D) -> 25034.555 | K12: -0.04 | L12: =K12*J12 -> -1001.3822 | M12: =L12+J12 -> 24033.173 | N12: -0.04 | O12: =N12*J12 -> -1001.3822 | P12: =O12+J12 -> 24033.173
A13: Corona NA | B13: Constellation Brands | C13: Steve Halloran | D13: =_xlfn.XLOOKUP(F13,'DATA - Segments'!C:C,'DATA - Segments'!D:D) -> Beer | E13: =_xlfn.XLOOKUP(F13,'DATA - Segments'!C:C,'DATA - Segments'!E:E) -> Beer - Non-Alc | F13: =A13&"|"&B13 -> Corona NA|Constellation Brands | G13: =A13&"|"&B13&"|"&D13&"|"&E13 -> Corona NA|Constellation Brands|Beer|Beer - Non-Alc | H13: =_xlfn.XLOOKUP(F13,'DATA - 2025 Review'!C:C,'DATA - 2025 Review'!I:I,"") -> 8547.5698 | I13: =_xlfn.XLOOKUP(F13,'DATA - 2025 Review'!C:C,'DATA - 2025 Review'!J:J) -> 0.43656636 | J13: =_xlfn.XLOOKUP(F13,'2025 Finish (ACTUAL)'!$C:$C,'2025 Finish (ACTUAL)'!$D:$D) -> 8481 | K13: 0.25 | L13: =K13*J13 -> 2120.25 | M13: =L13+J13 -> 10601.25 | N13: 0.25 | O13: =N13*J13 -> 2120.25 | P13: =O13+J13 -> 10601.25
A14: Modelo Oro | B14: Constellation Brands | C14: Steve Halloran | D14: =_xlfn.XLOOKUP(F14,'DATA - Segments'!C:C,'DATA - Segments'!D:D) -> Beer | E14: =_xlfn.XLOOKUP(F14,'DATA - Segments'!C:C,'DATA - Segments'!E:E) -> Beer - Import | F14: =A14&"|"&B14 -> Modelo Oro|Constellation Brands | G14: =A14&"|"&B14&"|"&D14&"|"&E14 -> Modelo Oro|Constellation Brands|Beer|Beer - Import | H14: =_xlfn.XLOOKUP(F14,'DATA - 2025 Review'!C:C,'DATA - 2025 Review'!I:I,"") -> 5403.01 | I14: =_xlfn.XLOOKUP(F14,'DATA - 2025 Review'!C:C,'DATA - 2025 Review'!J:J) -> -0.14913228 | J14: =_xlfn.XLOOKUP(F14,'2025 Finish (ACTUAL)'!$C:$C,'2025 Finish (ACTUAL)'!$D:$D) -> 5453 | K14: -0.05 | L14: =K14*J14 -> -272.65 | M14: =L14+J14 -> 5180.35 | N14: -0.25 | O14: =N14*J14 -> -1363.25 | P14: =O14+J14 -> 4089.75
A15: Corona Sunbrew | B15: Constellation Brands | C15: Steve Halloran | D15: =_xlfn.XLOOKUP(F15,'DATA - Segments'!C:C,'DATA - Segments'!D:D) -> Beer | E15: =_xlfn.XLOOKUP(F15,'DATA - Segments'!C:C,'DATA - Segments'!E:E) -> Beer - Import | F15: =A15&"|"&B15 -> Corona Sunbrew|Constellation Brands | G15: =A15&"|"&B15&"|"&D15&"|"&E15 -> Corona Sunbrew|Constellation Brands|Beer|Beer - Import | H15: =_xlfn.XLOOKUP(F15,'DATA - 2025 Review'!C:C,'DATA - 2025 Review'!I:I,"") -> 9752.12 | I15: =_xlfn.XLOOKUP(F15,'DATA - 2025 Review'!C:C,'DATA - 2025 Review'!J:J) -> 0.8660773 | J15: =_xlfn.XLOOKUP(F15,'2025 Finish (ACTUAL)'!$C:$C,'2025 Finish (ACTUAL)'!$D:$D) -> 9386 | K15: 0.2 | L15: =K15*J15 -> 1877.2 | M15: =L15+J15 -> 11263.2 | N15: 0.2 | O15: =N15*J15 -> 1877.2 | P15: =O15+J15 -> 11263.2
A16: Corona Refresca | B16: Constellation Brands | D16: =_xlfn.XLOOKUP(F16,'DATA - Segments'!C:C,'DATA - Segments'!D:D) -> FMB | E16: =_xlfn.XLOOKUP(F16,'DATA - Segments'!C:C,'DATA - Segments'!E:E) -> FMB | F16: =A16&"|"&B16 -> Corona Refresca|Constellation Brands | G16: =A16&"|"&B16&"|"&D16&"|"&E16 -> Corona Refresca|Constellation Brands|FMB|FMB | H16: =_xlfn.XLOOKUP(F16,'DATA - 2025 Review'!C:C,'DATA - 2025 Review'!I:I,"") -> 1195.0132 | I16: =_xlfn.XLOOKUP(F16,'DATA - 2025 Review'!C:C,'DATA - 2025 Review'!J:J) -> -0.7722917 | J16: =_xlfn.XLOOKUP(F16,'2025 Finish (ACTUAL)'!$C:$C,'2025 Finish (ACTUAL)'!$D:$D) -> 1093 | K16: -1 | L16: =K16*J16 -> -1093 | M16: =L16+J16 -> 0 | N16: -1 | O16: =N16*J16 -> -1093 | P16: =O16+J16 -> 0
A17: Modelo Aquas Frescas | B17: Constellation Brands | C17: Steve Halloran | D17: =_xlfn.XLOOKUP(F17,'DATA - Segments'!C:C,'DATA - Segments'!D:D) -> FMB | E17: =_xlfn.XLOOKUP(F17,'DATA - Segments'!C:C,'DATA - Segments'!E:E) -> FMB | F17: =A17&"|"&B17 -> Modelo Aquas Frescas|Constellation Brands | G17: =A17&"|"&B17&"|"&D17&"|"&E17 -> Modelo Aquas Frescas|Constellation Brands|FMB|FMB | H17: =_xlfn.XLOOKUP(F17,'DATA - 2025 Review'!C:C,'DATA - 2025 Review'!I:I,"") -> 1856.6564 | I17: =_xlfn.XLOOKUP(F17,'DATA - 2025 Review'!C:C,'DATA - 2025 Review'!J:J) -> -0.51649572 | J17: =_xlfn.XLOOKUP(F17,'2025 Finish (ACTUAL)'!$C:$C,'2025 Finish (ACTUAL)'!$D:$D) -> 2036 | K17: -0.5 | L17: =K17*J17 -> -1018 | M17: =L17+J17 -> 1018 | N17: -0.5 | O17: =N17*J17 -> -1018 | P17: =O17+J17 -> 1018
A18: Fresca Mixed | B18: Constellation Brands | D18: =_xlfn.XLOOKUP(F18,'DATA - Segments'!C:C,'DATA - Segments'!D:D) -> RTD | E18: =_xlfn.XLOOKUP(F18,'DATA - Segments'!C:C,'DATA - Segments'!E:E) -> RTD | F18: =A18&"|"&B18 -> Fresca Mixed|Constellation Brands | G18: =A18&"|"&B18&"|"&D18&"|"&E18 -> Fresca Mixed|Constellation Brands|RTD|RTD | H18: =_xlfn.XLOOKUP(F18,'DATA - 2025 Review'!C:C,'DATA - 2025 Review'!I:I,"") -> 546.8311 | I18: =_xlfn.XLOOKUP(F18,'DATA - 2025 Review'!C:C,'DATA - 2025 Review'!J:J) -> -0.50868724 | J18: =_xlfn.XLOOKUP(F18,'2025 Finish (ACTUAL)'!$C:$C,'2025 Finish (ACTUAL)'!$D:$D) -> 605 | K18: -1 | L18: =K18*J18 -> -605 | M18: =L18+J18 -> 0 | N18: -1 | O18: =N18*J18 -> -605 | P18: =O18+J18 -> 0
A19: The Drop | B19: Constellation Brands | D19: =_xlfn.XLOOKUP(F19,'DATA - Segments'!C:C,'DATA - Segments'!D:D) -> FMB | E19: =_xlfn.XLOOKUP(F19,'DATA - Segments'!C:C,'DATA - Segments'!E:E) -> FMB | F19: =A19&"|"&B19 -> The Drop|Constellation Brands | G19: =A19&"|"&B19&"|"&D19&"|"&E19 -> The Drop|Constellation Brands|FMB|FMB | H19: =_xlfn.XLOOKUP(F19,'DATA - 2025 Review'!C:C,'DATA - 2025 Review'!I:I,"") -> 351 | I19: =_xlfn.XLOOKUP(F19,'DATA - 2025 Review'!C:C,'DATA - 2025 Review'!J:J) -> 0 | J19: =_xlfn.XLOOKUP(F19,'2025 Finish (ACTUAL)'!$C:$C,'2025 Finish (ACTUAL)'!$D:$D) -> 365 | K19: -1 | L19: =K19*J19 -> -365 | M19: =L19+J19 -> 0 | N19: -1 | O19: =N19*J19 -> -365 | P19: =O19+J19 -> 0
A20: Corona Seltzer | B20: Constellation Brands | F20: =A20&"|"&B20 -> Corona Seltzer|Constellation Brands | G20: =A20&"|"&B20&"|"&D20&"|"&E20 -> Corona Seltzer|Constellation Brands|| | H20: =_xlfn.XLOOKUP(F20,'DATA - 2025 Review'!C:C,'DATA - 2025 Review'!I:I,"") -> 0 | I20: =_xlfn.XLOOKUP(F20,'DATA - 2025 Review'!C:C,'DATA - 2025 Review'!J:J) -> -1 | K20: -1 | M20: =L20+J20 -> 0 | N20: -1 | O20: =N20*J20 -> 0 | P20: =O20+J20 -> 0
A21: MolsonCoors Beverage Company | C21: =_xlfn.XLOOKUP(A21,'Brand Managers'!A:A,'Brand Managers'!B:B) -> Dan Downing | F21: =A21&"|"&B21 -> MolsonCoors Beverage Company| | G21: =A21&"|"&B21&"|"&D21&"|"&E21 -> MolsonCoors Beverage Company||| | H21: =_xlfn.XLOOKUP(F21,'DATA - 2025 Review'!C:C,'DATA - 2025 Review'!I:I,"") -> 1873956.7 | I21: =_xlfn.XLOOKUP(F21,'DATA - 2025 Review'!C:C,'DATA - 2025 Review'!J:J) -> -0.078339709 | J21: =_xlfn.XLOOKUP(F21,'2025 Finish (ACTUAL)'!$C:$C,'2025 Finish (ACTUAL)'!$D:$D) -> 1864356.1 | K21: =L21/J21 -> -0.027720047 | L21: =SUMIF(B:B,A21,L:L) -> -51680.037 | M21: =SUMIF(B:B,A21,M:M) -> 1812676 | N21: =O21/J21 -> -0.040256919 | O21: =SUMIF(B:B,A21,O:O) -> -75053.231 | P21: =SUMIF(B:B,A21,P:P) -> 1789302.8
A22: Coors Light | B22: MolsonCoors Beverage Company | C22: Dan Downing | D22: =_xlfn.XLOOKUP(F22,'DATA - Segments'!C:C,'DATA - Segments'!D:D) -> Beer | E22: =_xlfn.XLOOKUP(F22,'DATA - Segments'!C:C,'DATA - Segments'!E:E) -> Beer - Premium | F22: =A22&"|"&B22 -> Coors Light|MolsonCoors Beverage Company | G22: =A22&"|"&B22&"|"&D22&"|"&E22 -> Coors Light|MolsonCoors Beverage Company|Beer|Beer - Premium | H22: =_xlfn.XLOOKUP(F22,'DATA - 2025 Review'!C:C,'DATA - 2025 Review'!I:I,"") -> 798103.69 | I22: =_xlfn.XLOOKUP(F22,'DATA - 2025 Review'!C:C,'DATA - 2025 Review'!J:J) -> -0.098448146 | J22: =_xlfn.XLOOKUP(F22,'2025 Finish (ACTUAL)'!$C:$C,'2025 Finish (ACTUAL)'!$D:$D) -> 792237.3 | K22: -0.06 | L22: =K22*J22 -> -47534.238 | M22: =L22+J22 -> 744703.07 | N22: -0.06 | O22: =N22*J22 -> -47534.238 | P22: =O22+J22 -> 744703.07
A23: Lite | B23: MolsonCoors Beverage Company | C23: Dan Downing | D23: =_xlfn.XLOOKUP(F23,'DATA - Segments'!C:C,'DATA - Segments'!D:D) -> Beer | E23: =_xlfn.XLOOKUP(F23,'DATA - Segments'!C:C,'DATA - Segments'!E:E) -> Beer - Premium | F23: =A23&"|"&B23 -> Lite|MolsonCoors Beverage Company | G23: =A23&"|"&B23&"|"&D23&"|"&E23 -> Lite|MolsonCoors Beverage Company|Beer|Beer - Premium | H23: =_xlfn.XLOOKUP(F23,'DATA - 2025 Review'!C:C,'DATA - 2025 Review'!I:I,"") -> 517515.29 | I23: =_xlfn.XLOOKUP(F23,'DATA - 2025 Review'!C:C,'DATA - 2025 Review'!J:J) -> -0.068860275 | J23: =_xlfn.XLOOKUP(F23,'2025 Finish (ACTUAL)'!$C:$C,'2025 Finish (ACTUAL)'!$D:$D) -> 514391.6 | K23: -0.04 | L23: =K23*J23 -> -20575.664 | M23: =L23+J23 -> 493815.93 | N23: -0.04 | O23: =N23*J23 -> -20575.664 | P23: =O23+J23 -> 493815.93
A24: Blue Moon | B24: MolsonCoors Beverage Company | C24: Dan Downing | D24: =_xlfn.XLOOKUP(F24,'DATA - Segments'!C:C,'DATA - Segments'!D:D) -> Beer | E24: =_xlfn.XLOOKUP(F24,'DATA - Segments'!C:C,'DATA - Segments'!E:E) -> Beer - Craft | F24: =A24&"|"&B24 -> Blue Moon|MolsonCoors Beverage Company | G24: =A24&"|"&B24&"|"&D24&"|"&E24 -> Blue Moon|MolsonCoors Beverage Company|Beer|Beer - Craft | H24: =_xlfn.XLOOKUP(F24,'DATA - 2025 Review'!C:C,'DATA - 2025 Review'!I:I,"") -> 123830.6 | I24: =_xlfn.XLOOKUP(F24,'DATA - 2025 Review'!C:C,'DATA - 2025 Review'!J:J) -> -0.072981964 | J24: =_xlfn.XLOOKUP(F24,'2025 Finish (ACTUAL)'!$C:$C,'2025 Finish (ACTUAL)'!$D:$D) -> 123103.9 | K24: -0.045 | L24: =K24*J24 -> -5539.6754 | M24: =L24+J24 -> 117564.22 | N24: -0.045 | O24: =N24*J24 -> -5539.6754 | P24: =O24+J24 -> 117564.22
A25: Coors | B25: MolsonCoors Beverage Company | C25: Dan Downing | D25: =_xlfn.XLOOKUP(F25,'DATA - Segments'!C:C,'DATA - Segments'!D:D) -> Beer | E25: =_xlfn.XLOOKUP(F25,'DATA - Segments'!C:C,'DATA - Segments'!E:E) -> Beer - Premium | F25: =A25&"|"&B25 -> Coors|MolsonCoors Beverage Company | G25: =A25&"|"&B25&"|"&D25&"|"&E25 -> Coors|MolsonCoors Beverage Company|Beer|Beer - Premium | H25: =_xlfn.XLOOKUP(F25,'DATA - 2025 Review'!C:C,'DATA - 2025 Review'!I:I,"") -> 114505.24 | I25: =_xlfn.XLOOKUP(F25,'DATA - 2025 Review'!C:C,'DATA - 2025 Review'!J:J) -> 0.06073403 | J25: =_xlfn.XLOOKUP(F25,'2025 Finish (ACTUAL)'!$C:$C,'2025 Finish (ACTUAL)'!$D:$D) -> 112534.69 | K25: 0.085 | L25: =K25*J25 -> 9565.449 | M25: =L25+J25 -> 122100.14 | N25: 0.085 | O25: =N25*J25 -> 9565.449 | P25: =O25+J25 -> 122100.14
A26: Miller High Life | B26: MolsonCoors Beverage Company | C26: Dan Downing | D26: =_xlfn.XLOOKUP(F26,'DATA - Segments'!C:C,'DATA - Segments'!D:D) -> Beer | E26: =_xlfn.XLOOKUP(F26,'DATA - Segments'!C:C,'DATA - Segments'!E:E) -> Beer - Economy | F26: =A26&"|"&B26 -> Miller High Life|MolsonCoors Beverage Company | G26: =A26&"|"&B26&"|"&D26&"|"&E26 -> Miller High Life|MolsonCoors Beverage Company|Beer|Beer - Economy | H26: =_xlfn.XLOOKUP(F26,'DATA - 2025 Review'!C:C,'DATA - 2025 Review'!I:I,"") -> 66853.721 | I26: =_xlfn.XLOOKUP(F26,'DATA - 2025 Review'!C:C,'DATA - 2025 Review'!J:J) -> -0.041370959 | J26: =_xlfn.XLOOKUP(F26,'2025 Finish (ACTUAL)'!$C:$C,'2025 Finish (ACTUAL)'!$D:$D) -> 66734.691 | K26: -0.01 | L26: =K26*J26 -> -667.34691 | M26: =L26+J26 -> 66067.344 | N26: -0.03 | O26: =N26*J26 -> -2002.0407 | P26: =O26+J26 -> 64732.65
A27: Peroni | B27: MolsonCoors Beverage Company | C27: Dan Downing | D27: =_xlfn.XLOOKUP(F27,'DATA - Segments'!C:C,'DATA - Segments'!D:D) -> Beer | E27: =_xlfn.XLOOKUP(F27,'DATA - Segments'!C:C,'DATA - Segments'!E:E) -> Beer - Import | F27: =A27&"|"&B27 -> Peroni|MolsonCoors Beverage Company | G27: =A27&"|"&B27&"|"&D27&"|"&E27 -> Peroni|MolsonCoors Beverage Company|Beer|Beer - Import | H27: =_xlfn.XLOOKUP(F27,'DATA - 2025 Review'!C:C,'DATA - 2025 Review'!I:I,"") -> 57815.761 | I27: =_xlfn.XLOOKUP(F27,'DATA - 2025 Review'!C:C,'DATA - 2025 Review'!J:J) -> 0.12607869 | J27: =_xlfn.XLOOKUP(F27,'2025 Finish (ACTUAL)'!$C:$C,'2025 Finish (ACTUAL)'!$D:$D) -> 57382.712 | K27: 0.126 | L27: =K27*J27 -> 7230.2218 | M27: =L27+J27 -> 64612.934 | N27: 0.126 | O27: =N27*J27 -> 7230.2218 | P27: =O27+J27 -> 64612.934
A28: Fosters | B28: MolsonCoors Beverage Company | C28: Dan Downing | D28: =_xlfn.XLOOKUP(F28,'DATA - Segments'!C:C,'DATA - Segments'!D:D) -> Beer | E28: =_xlfn.XLOOKUP(F28,'DATA - Segments'!C:C,'DATA - Segments'!E:E) -> Beer - Import | F28: =A28&"|"&B28 -> Fosters|MolsonCoors Beverage Company | G28: =A28&"|"&B28&"|"&D28&"|"&E28 -> Fosters|MolsonCoors Beverage Company|Beer|Beer - Import | H28: =_xlfn.XLOOKUP(F28,'DATA - 2025 Review'!C:C,'DATA - 2025 Review'!I:I,"") -> 22754.153 | I28: =_xlfn.XLOOKUP(F28,'DATA - 2025 Review'!C:C,'DATA - 2025 Review'!J:J) -> -0.096091369 | J28: =_xlfn.XLOOKUP(F28,'2025 Finish (ACTUAL)'!$C:$C,'2025 Finish (ACTUAL)'!$D:$D) -> 22845.126 | K28: -0.114 | L28: =K28*J28 -> -2604.3444 | M28: =L28+J28 -> 20240.782 | N28: -0.114 | O28: =N28*J28 -> -2604.3444 | P28: =O28+J28 -> 20240.782
A29: Tyskie Gronie | B29: MolsonCoors Beverage Company | C29: Dan Downing | D29: =_xlfn.XLOOKUP(F29,'DATA - Segments'!C:C,'DATA - Segments'!D:D) -> Beer | E29: =_xlfn.XLOOKUP(F29,'DATA - Segments'!C:C,'DATA - Segments'!E:E) -> Beer - Import | F29: =A29&"|"&B29 -> Tyskie Gronie|MolsonCoors Beverage Company | G29: =A29&"|"&B29&"|"&D29&"|"&E29 -> Tyskie Gronie|MolsonCoors Beverage Company|Beer|Beer - Import | H29: =_xlfn.XLOOKUP(F29,'DATA - 2025 Review'!C:C,'DATA - 2025 Review'!I:I,"") -> 20010.671 | I29: =_xlfn.XLOOKUP(F29,'DATA - 2025 Review'!C:C,'DATA - 2025 Review'!J:J) -> 0.01029807 | J29: =_xlfn.XLOOKUP(F29,'2025 Finish (ACTUAL)'!$C:$C,'2025 Finish (ACTUAL)'!$D:$D) -> 19094.721 | K29: -0.114 | L29: =K29*J29 -> -2176.7982 | M29: =L29+J29 -> 16917.923 | N29: -0.114 | O29: =N29*J29 -> -2176.7982 | P29: =O29+J29 -> 16917.923
A30: Arnold Palmer | B30: MolsonCoors Beverage Company | C30: Dan Downing | D30: =_xlfn.XLOOKUP(F30,'DATA - Segments'!C:C,'DATA - Segments'!D:D) -> FMB | E30: =_xlfn.XLOOKUP(F30,'DATA - Segments'!C:C,'DATA - Segments'!E:E) -> FMB | F30: =A30&"|"&B30 -> Arnold Palmer|MolsonCoors Beverage Company | G30: =A30&"|"&B30&"|"&D30&"|"&E30 -> Arnold Palmer|MolsonCoors Beverage Company|FMB|FMB | H30: =_xlfn.XLOOKUP(F30,'DATA - 2025 Review'!C:C,'DATA - 2025 Review'!I:I,"") -> 18022.648 | I30: =_xlfn.XLOOKUP(F30,'DATA - 2025 Review'!C:C,'DATA - 2025 Review'!J:J) -> -0.16769892 | J30: =_xlfn.XLOOKUP(F30,'2025 Finish (ACTUAL)'!$C:$C,'2025 Finish (ACTUAL)'!$D:$D) -> 17932 | K30: -0.05 | L30: =K30*J30 -> -896.6 | M30: =L30+J30 -> 17035.4 | N30: -0.2 | O30: =N30*J30 -> -3586.4 | P30: =O30+J30 -> 14345.6
A31: Keystone | B31: MolsonCoors Beverage Company | C31: Dan Downing | D31: =_xlfn.XLOOKUP(F31,'DATA - Segments'!C:C,'DATA - Segments'!D:D) -> Beer | E31: =_xlfn.XLOOKUP(F31,'DATA - Segments'!C:C,'DATA - Segments'!E:E) -> Beer - Economy | F31: =A31&"|"&B31 -> Keystone|MolsonCoors Beverage Company | G31: =A31&"|"&B31&"|"&D31&"|"&E31 -> Keystone|MolsonCoors Beverage Company|Beer|Beer - Economy | H31: =_xlfn.XLOOKUP(F31,'DATA - 2025 Review'!C:C,'DATA - 2025 Review'!I:I,"") -> 14500.068 | I31: =_xlfn.XLOOKUP(F31,'DATA - 2025 Review'!C:C,'DATA - 2025 Review'!J:J) -> -0.17723108 | J31: =_xlfn.XLOOKUP(F31,'2025 Finish (ACTUAL)'!$C:$C,'2025 Finish (ACTUAL)'!$D:$D) -> 14746.5 | K31: -0.157 | L31: =K31*J31 -> -2315.2005 | M31: =L31+J31 -> 12431.3 | N31: -0.157 | O31: =N31*J31 -> -2315.2005 | P31: =O31+J31 -> 12431.3
A32: Steel Reserve | B32: MolsonCoors Beverage Company | C32: Dan Downing | D32: =_xlfn.XLOOKUP(F32,'DATA - Segments'!C:C,'DATA - Segments'!D:D) -> Beer | E32: =_xlfn.XLOOKUP(F32,'DATA - Segments'!C:C,'DATA - Segments'!E:E) -> Beer - Economy | F32: =A32&"|"&B32 -> Steel Reserve|MolsonCoors Beverage Company | G32: =A32&"|"&B32&"|"&D32&"|"&E32 -> Steel Reserve|MolsonCoors Beverage Company|Beer|Beer - Economy | H32: =_xlfn.XLOOKUP(F32,'DATA - 2025 Review'!C:C,'DATA - 2025 Review'!I:I,"") -> 13279.784 | I32: =_xlfn.XLOOKUP(F32,'DATA - 2025 Review'!C:C,'DATA - 2025 Review'!J:J) -> -0.069288139 | J32: =_xlfn.XLOOKUP(F32,'2025 Finish (ACTUAL)'!$C:$C,'2025 Finish (ACTUAL)'!$D:$D) -> 13417.249 | K32: -0.034 | L32: =K32*J32 -> -456.18648 | M32: =L32+J32 -> 12961.063 | N32: -0.034 | O32: =N32*J32 -> -456.18648 | P32: =O32+J32 -> 12961.063
A33: Molson | B33: MolsonCoors Beverage Company | C33: Dan Downing | D33: =_xlfn.XLOOKUP(F33,'DATA - Segments'!C:C,'DATA - Segments'!D:D) -> Beer | E33: =_xlfn.XLOOKUP(F33,'DATA - Segments'!C:C,'DATA - Segments'!E:E) -> Beer - Import | F33: =A33&"|"&B33 -> Molson|MolsonCoors Beverage Company | G33: =A33&"|"&B33&"|"&D33&"|"&E33 -> Molson|MolsonCoors Beverage Company|Beer|Beer - Import | H33: =_xlfn.XLOOKUP(F33,'DATA - 2025 Review'!C:C,'DATA - 2025 Review'!I:I,"") -> 10160.468 | I33: =_xlfn.XLOOKUP(F33,'DATA - 2025 Review'!C:C,'DATA - 2025 Review'!J:J) -> -0.20024385 | J33: =_xlfn.XLOOKUP(F33,'2025 Finish (ACTUAL)'!$C:$C,'2025 Finish (ACTUAL)'!$D:$D) -> 10193.958 | K33: 0.03 | L33: =K33*J33 -> 305.81873 | M33: =L33+J33 -> 10499.776 | N33: -0.2 | O33: =N33*J33 -> -2038.7915 | P33: =O33+J33 -> 8155.1662
... A53: Steel Reserve Alloy Series | B53: MolsonCoors Beverage Company | C53: Dan Downing | D53: =_xlfn.XLOOKUP(F53,'DATA - Segments'!C:C,'DATA - Segments'!D:D) -> Beer | E53: =_xlfn.XLOOKUP(F53,'DATA - Segments'!C:C,'DATA - Segments'!E:E) -> Beer - Economy | F53: =A53&"|"&B53 -> Steel Reserve Alloy Series|MolsonCoors Beverage Company | G53: =A53&"|"&B53&"|"&D53&"|"&E53 -> Steel Reserve Alloy Series|MolsonCoors Beverage Company|Beer|Beer - Economy | H53: =_xlfn.XLOOKUP(F53,'DATA - 2025 Review'!C:C,'DATA - 2025 Review'!I:I,"") -> 10 | I53: =_xlfn.XLOOKUP(F53,'DATA - 2025 Review'!C:C,'DATA - 2025 Review'!J:J) -> -0.85074627 | J53: =_xlfn.XLOOKUP(F53,'2025 Finish (ACTUAL)'!$C:$C,'2025 Finish (ACTUAL)'!$D:$D) -> 10 | K53: -0.06 | L53: =K53*J53 -> -0.6 | M53: =L53+J53 -> 9.4 | N53: 0 | O53: =N53*J53 -> 0 | P53: =O53+J53 -> 10
A54: Lech | B54: MolsonCoors Beverage Company | F54: =A54&"|"&B54 -> Lech|MolsonCoors Beverage Company | G54: =A54&"|"&B54&"|"&D54&"|"&E54 -> Lech|MolsonCoors Beverage Company|| | H54: =_xlfn.XLOOKUP(F54,'DATA - 2025 Review'!C:C,'DATA - 2025 Review'!I:I,"") -> 0 | I54: =_xlfn.XLOOKUP(F54,'DATA - 2025 Review'!C:C,'DATA - 2025 Review'!J:J) -> -1 | K54: 0 | M54: =L54+J54 -> 0 | N54: 0 | O54: =N54*J54 -> 0 | P54: =O54+J54 -> 0
A55: Fever Tree | B55: MolsonCoors Beverage Company | C55: Dan Downing | D55: =_xlfn.XLOOKUP(F55,'DATA - Segments'!C:C,'DATA - Segments'!D:D) -> Non-Alc | E55: =_xlfn.XLOOKUP(F55,'DATA - Segments'!C:C,'DATA - Segments'!E:E) -> Non-Alc - Soda | F55: =A55&"|"&B55 -> Fever Tree|MolsonCoors Beverage Company | G55: =A55&"|"&B55&"|"&D55&"|"&E55 -> Fever Tree|MolsonCoors Beverage Company|Non-Alc|Non-Alc - Soda | H55: =_xlfn.XLOOKUP(F55,'DATA - 2025 Review'!C:C,'DATA - 2025 Review'!I:I,"") -> 2400.8189 | I55: =_xlfn.XLOOKUP(F55,'DATA - 2025 Review'!C:C,'DATA - 2025 Review'!J:J) -> 0 | J55: =_xlfn.XLOOKUP(F55,'2025 Finish (ACTUAL)'!$C:$C,'2025 Finish (ACTUAL)'!$D:$D) -> 3470.7233 | K55: 6.27 | L55: =K55*J55 -> 21761.435 | M55: =L55+J55 -> 25232.159 | N55: 2.5 | O55: =N55*J55 -> 8676.8083 | P55: =O55+J55 -> 12147.532
A56: Milwaukee's Best | B56: MolsonCoors Beverage Company | F56: =A56&"|"&B56 -> Milwaukee's Best|MolsonCoors Beverage Company | G56: =A56&"|"&B56&"|"&D56&"|"&E56 -> Milwaukee's Best|MolsonCoors Beverage Company|| | H56: =_xlfn.XLOOKUP(F56,'DATA - 2025 Review'!C:C,'DATA - 2025 Review'!I:I,"") -> -5 | I56: =_xlfn.XLOOKUP(F56,'DATA - 2025 Review'!C:C,'DATA - 2025 Review'!J:J) -> 1 | K56: -0.1 | M56: =L56+J56 -> 0 | N56: -0.1 | O56: =N56*J56 -> 0 | P56: =O56+J56 -> 0
A57: Leinenkugel | B57: MolsonCoors Beverage Company | C57: Dan Downing | D57: =_xlfn.XLOOKUP(F57,'DATA - Segments'!C:C,'DATA - Segments'!D:D) -> Beer | E57: =_xlfn.XLOOKUP(F57,'DATA - Segments'!C:C,'DATA - Segments'!E:E) -> Beer - Craft | F57: =A57&"|"&B57 -> Leinenkugel|MolsonCoors Beverage Company | G57: =A57&"|"&B57&"|"&D57&"|"&E57 -> Leinenkugel|MolsonCoors Beverage Company|Beer|Beer - Craft | H57: =_xlfn.XLOOKUP(F57,'DATA - 2025 Review'!C:C,'DATA - 2025 Review'!I:I,"") -> 17424.431 | I57: =_xlfn.XLOOKUP(F57,'DATA - 2025 Review'!C:C,'DATA - 2025 Review'!J:J) -> -0.19509171 | J57: =_xlfn.XLOOKUP(F57,'2025 Finish (ACTUAL)'!$C:$C,'2025 Finish (ACTUAL)'!$D:$D) -> 17664.34 | K57: -0.1348 | L57: =K57*J57 -> -2381.1531 | M57: =L57+J57 -> 15283.187 | N57: -0.15 | O57: =N57*J57 -> -2649.651 | P57: =O57+J57 -> 15014.689
A58: Happy Thursday Spiked Refresher | B58: MolsonCoors Beverage Company | C58: Dan Downing | D58: =_xlfn.XLOOKUP(F58,'DATA - Segments'!C:C,'DATA - Segments'!D:D) -> FMB | E58: =_xlfn.XLOOKUP(F58,'DATA - Segments'!C:C,'DATA - Segments'!E:E) -> FMB | F58: =A58&"|"&B58 -> Happy Thursday Spiked Refresher|MolsonCoors Beverage Company | G58: =A58&"|"&B58&"|"&D58&"|"&E58 -> Happy Thursday Spiked Refresher|MolsonCoors Beverage Company|FMB|FMB | H58: =_xlfn.XLOOKUP(F58,'DATA - 2025 Review'!C:C,'DATA - 2025 Review'!I:I,"") -> 279.1091 | I58: =_xlfn.XLOOKUP(F58,'DATA - 2025 Review'!C:C,'DATA - 2025 Review'!J:J) -> -0.6090909 | J58: =_xlfn.XLOOKUP(F58,'2025 Finish (ACTUAL)'!$C:$C,'2025 Finish (ACTUAL)'!$D:$D) -> 299 | K58: -0.43 | L58: =K58*J58 -> -128.57 | M58: =L58+J58 -> 170.43 | N58: -0.6 | O58: =N58*J58 -> -179.4 | P58: =O58+J58 -> 119.6
A59: Heineken USA | C59: =_xlfn.XLOOKUP(A59,'Brand Managers'!A:A,'Brand Managers'!B:B) -> Perry Calderone | F59: =A59&"|"&B59 -> Heineken USA| | G59: =A59&"|"&B59&"|"&D59&"|"&E59 -> Heineken USA||| | H59: =_xlfn.XLOOKUP(F59,'DATA - 2025 Review'!C:C,'DATA - 2025 Review'!I:I,"") -> 541821.3 | I59: =_xlfn.XLOOKUP(F59,'DATA - 2025 Review'!C:C,'DATA - 2025 Review'!J:J) -> -0.10487382 | J59: =_xlfn.XLOOKUP(F59,'2025 Finish (ACTUAL)'!$C:$C,'2025 Finish (ACTUAL)'!$D:$D) -> 538278.18 | K59: =L59/J59 -> -0.040452484 | L59: =SUMIF(B:B,A59,L:L) -> -21774.689 | M59: =SUMIF(B:B,A59,M:M) -> 516503.49 | N59: =O59/J59 -> -0.053569377 | O59: =SUMIF(B:B,A59,O:O) -> -28835.227 | P59: =SUMIF(B:B,A59,P:P) -> 509442.95
A60: Heineken USA | B60: Heineken USA | C60: =_xlfn.XLOOKUP(B60,'Brand Managers'!A:A,'Brand Managers'!B:B) -> Perry Calderone | D60: =_xlfn.XLOOKUP(F60,'DATA - Segments'!C:C,'DATA - Segments'!D:D) -> Beer | E60: =_xlfn.XLOOKUP(F60,'DATA - Segments'!C:C,'DATA - Segments'!E:E) -> Beer - Import | F60: =A60&"|"&B60 -> Heineken USA|Heineken USA | G60: =A60&"|"&B60&"|"&D60&"|"&E60 -> Heineken USA|Heineken USA|Beer|Beer - Import | H60: =_xlfn.XLOOKUP(F60,'DATA - 2025 Review'!C:C,'DATA - 2025 Review'!I:I,"") -> 431510.3 | I60: =_xlfn.XLOOKUP(F60,'DATA - 2025 Review'!C:C,'DATA - 2025 Review'!J:J) -> -0.11329014 | J60: =_xlfn.XLOOKUP(F60,'2025 Finish (ACTUAL)'!$C:$C,'2025 Finish (ACTUAL)'!$D:$D) -> 427765.62 | K60: -0.034 | L60: =K60*J60 -> -14544.031 | M60: =L60+J60 -> 413221.59 | N60: -0.05 | O60: =N60*J60 -> -21388.281 | P60: =O60+J60 -> 406377.34
A61: Heineken Light | B61: Heineken USA | C61: =_xlfn.XLOOKUP(B61,'Brand Managers'!A:A,'Brand Managers'!B:B) -> Perry Calderone | D61: =_xlfn.XLOOKUP(F61,'DATA - Segments'!C:C,'DATA - Segments'!D:D) -> Beer | E61: =_xlfn.XLOOKUP(F61,'DATA - Segments'!C:C,'DATA - Segments'!E:E) -> Beer - Import | F61: =A61&"|"&B61 -> Heineken Light|Heineken USA | G61: =A61&"|"&B61&"|"&D61&"|"&E61 -> Heineken Light|Heineken USA|Beer|Beer - Import | H61: =_xlfn.XLOOKUP(F61,'DATA - 2025 Review'!C:C,'DATA - 2025 Review'!I:I,"") -> 35647.77 | I61: =_xlfn.XLOOKUP(F61,'DATA - 2025 Review'!C:C,'DATA - 2025 Review'!J:J) -> -0.091383009 | J61: =_xlfn.XLOOKUP(F61,'2025 Finish (ACTUAL)'!$C:$C,'2025 Finish (ACTUAL)'!$D:$D) -> 35718 | K61: -0.101 | L61: =K61*J61 -> -3607.518 | M61: =L61+J61 -> 32110.482 | N61: -0.1 | O61: =N61*J61 -> -3571.8 | P61: =O61+J61 -> 32146.2
A62: Heineken 0.0 | B62: Heineken USA | C62: =_xlfn.XLOOKUP(B62,'Brand Managers'!A:A,'Brand Managers'!B:B) -> Perry Calderone | D62: =_xlfn.XLOOKUP(F62,'DATA - Segments'!C:C,'DATA - Segments'!D:D) -> Beer | E62: =_xlfn.XLOOKUP(F62,'DATA - Segments'!C:C,'DATA - Segments'!E:E) -> Beer - Non-Alc | F62: =A62&"|"&B62 -> Heineken 0.0|Heineken USA | G62: =A62&"|"&B62&"|"&D62&"|"&E62 -> Heineken 0.0|Heineken USA|Beer|Beer - Non-Alc | H62: =_xlfn.XLOOKUP(F62,'DATA - 2025 Review'!C:C,'DATA - 2025 Review'!I:I,"") -> 26910.814 | I62: =_xlfn.XLOOKUP(F62,'DATA - 2025 Review'!C:C,'DATA - 2025 Review'!J:J) -> 0.081677837 | J62: =_xlfn.XLOOKUP(F62,'2025 Finish (ACTUAL)'!$C:$C,'2025 Finish (ACTUAL)'!$D:$D) -> 26535.735 | K62: 0.029 | L62: =K62*J62 -> 769.53633 | M62: =L62+J62 -> 27305.272 | N62: 0.029 | O62: =N62*J62 -> 769.53633 | P62: =O62+J62 -> 27305.272
A63: Heineken Ultimate 0.0 | B63: Heineken USA | D63: Beer | E63: Beer - Import | G63: =A63&"|"&B63&"|"&D63&"|"&E63 -> Heineken Ultimate 0.0|Heineken USA|Beer|Beer - Import | H63: - | I63: - | L63: - | O63: =N63*J63 -> 0 | P63: =O63+J63 -> 0
A64: Amstel | B64: Heineken USA | C64: =_xlfn.XLOOKUP(B64,'Brand Managers'!A:A,'Brand Managers'!B:B) -> Perry Calderone | D64: =_xlfn.XLOOKUP(F64,'DATA - Segments'!C:C,'DATA - Segments'!D:D) -> Beer | E64: =_xlfn.XLOOKUP(F64,'DATA - Segments'!C:C,'DATA - Segments'!E:E) -> Beer - Import | F64: =A64&"|"&B64 -> Amstel|Heineken USA | G64: =A64&"|"&B64&"|"&D64&"|"&E64 -> Amstel|Heineken USA|Beer|Beer - Import | H64: =_xlfn.XLOOKUP(F64,'DATA - 2025 Review'!C:C,'DATA - 2025 Review'!I:I,"") -> 13542.467 | I64: =_xlfn.XLOOKUP(F64,'DATA - 2025 Review'!C:C,'DATA - 2025 Review'!J:J) -> -0.16363223 | J64: =_xlfn.XLOOKUP(F64,'2025 Finish (ACTUAL)'!$C:$C,'2025 Finish (ACTUAL)'!$D:$D) -> 13528 | K64: -0.155 | L64: =K64*J64 -> -2096.84 | M64: =L64+J64 -> 11431.16 | N64: -0.155 | O64: =N64*J64 -> -2096.84 | P64: =O64+J64 -> 11431.16
A65: Tecate | B65: Heineken USA | C65: =_xlfn.XLOOKUP(B65,'Brand Managers'!A:A,'Brand Managers'!B:B) -> Perry Calderone | D65: =_xlfn.XLOOKUP(F65,'DATA - Segments'!C:C,'DATA - Segments'!D:D) -> Beer | E65: =_xlfn.XLOOKUP(F65,'DATA - Segments'!C:C,'DATA - Segments'!E:E) -> Beer - Import | F65: =A65&"|"&B65 -> Tecate|Heineken USA | G65: =A65&"|"&B65&"|"&D65&"|"&E65 -> Tecate|Heineken USA|Beer|Beer - Import | H65: =_xlfn.XLOOKUP(F65,'DATA - 2025 Review'!C:C,'DATA - 2025 Review'!I:I,"") -> 10767.745 | I65: =_xlfn.XLOOKUP(F65,'DATA - 2025 Review'!C:C,'DATA - 2025 Review'!J:J) -> -0.12993192 | J65: =_xlfn.XLOOKUP(F65,'2025 Finish (ACTUAL)'!$C:$C,'2025 Finish (ACTUAL)'!$D:$D) -> 11132 | K65: -0.132 | L65: =K65*J65 -> -1469.424 | M65: =L65+J65 -> 9662.576 | N65: -0.132 | O65: =N65*J65 -> -1469.424 | P65: =O65+J65 -> 9662.576
A66: Dos Equis | B66: Heineken USA | C66: =_xlfn.XLOOKUP(B66,'Brand Managers'!A:A,'Brand Managers'!B:B) -> Perry Calderone | D66: =_xlfn.XLOOKUP(F66,'DATA - Segments'!C:C,'DATA - Segments'!D:D) -> Beer | E66: =_xlfn.XLOOKUP(F66,'DATA - Segments'!C:C,'DATA - Segments'!E:E) -> Beer - Import | F66: =A66&"|"&B66 -> Dos Equis|Heineken USA | G66: =A66&"|"&B66&"|"&D66&"|"&E66 -> Dos Equis|Heineken USA|Beer|Beer - Import | H66: =_xlfn.XLOOKUP(F66,'DATA - 2025 Review'!C:C,'DATA - 2025 Review'!I:I,"") -> 8312.7525 | I66: =_xlfn.XLOOKUP(F66,'DATA - 2025 Review'!C:C,'DATA - 2025 Review'!J:J) -> -0.050640212 | J66: =_xlfn.XLOOKUP(F66,'2025 Finish (ACTUAL)'!$C:$C,'2025 Finish (ACTUAL)'!$D:$D) -> 8335.8889 | K66: -0.008 | L66: =K66*J66 -> -66.687111 | M66: =L66+J66 -> 8269.2018 | N66: -0.008 | O66: =N66*J66 -> -66.687111 | P66: =O66+J66 -> 8269.2018
A67: Red Stripe | B67: Heineken USA | C67: =_xlfn.XLOOKUP(B67,'Brand Managers'!A:A,'Brand Managers'!B:B) -> Perry Calderone | D67: =_xlfn.XLOOKUP(F67,'DATA - Segments'!C:C,'DATA - Segments'!D:D) -> Beer | E67: =_xlfn.XLOOKUP(F67,'DATA - Segments'!C:C,'DATA - Segments'!E:E) -> Beer - Import | F67: =A67&"|"&B67 -> Red Stripe|Heineken USA | G67: =A67&"|"&B67&"|"&D67&"|"&E67 -> Red Stripe|Heineken USA|Beer|Beer - Import | H67: =_xlfn.XLOOKUP(F67,'DATA - 2025 Review'!C:C,'DATA - 2025 Review'!I:I,"") -> 7332.7771 | I67: =_xlfn.XLOOKUP(F67,'DATA - 2025 Review'!C:C,'DATA - 2025 Review'!J:J) -> -0.04437984 | J67: =_xlfn.XLOOKUP(F67,'2025 Finish (ACTUAL)'!$C:$C,'2025 Finish (ACTUAL)'!$D:$D) -> 7300.5711 | K67: -0.079 | L67: =K67*J67 -> -576.74512 | M67: =L67+J67 -> 6723.826 | N67: -0.079 | O67: =N67*J67 -> -576.74512 | P67: =O67+J67 -> 6723.826
A68: Heineken Silver | B68: Heineken USA | C68: =_xlfn.XLOOKUP(B68,'Brand Managers'!A:A,'Brand Managers'!B:B) -> Perry Calderone | D68: =_xlfn.XLOOKUP(F68,'DATA - Segments'!C:C,'DATA - Segments'!D:D) -> Beer | E68: =_xlfn.XLOOKUP(F68,'DATA - Segments'!C:C,'DATA - Segments'!E:E) -> Beer - Import | F68: =A68&"|"&B68 -> Heineken Silver|Heineken USA | G68: =A68&"|"&B68&"|"&D68&"|"&E68 -> Heineken Silver|Heineken USA|Beer|Beer - Import | H68: =_xlfn.XLOOKUP(F68,'DATA - 2025 Review'!C:C,'DATA - 2025 Review'!I:I,"") -> 3602.698 | I68: =_xlfn.XLOOKUP(F68,'DATA - 2025 Review'!C:C,'DATA - 2025 Review'!J:J) -> -0.36794772 | J68: =_xlfn.XLOOKUP(F68,'2025 Finish (ACTUAL)'!$C:$C,'2025 Finish (ACTUAL)'!$D:$D) -> 3651 | K68: -0.261 | L68: =K68*J68 -> -952.911 | M68: =L68+J68 -> 2698.089 | N68: -0.261 | O68: =N68*J68 -> -952.911 | P68: =O68+J68 -> 2698.089
A69: Murphy's | B69: Heineken USA | C69: =_xlfn.XLOOKUP(B69,'Brand Managers'!A:A,'Brand Managers'!B:B) -> Perry Calderone | D69: =_xlfn.XLOOKUP(F69,'DATA - Segments'!C:C,'DATA - Segments'!D:D) -> Beer | E69: =_xlfn.XLOOKUP(F69,'DATA - Segments'!C:C,'DATA - Segments'!E:E) -> Beer - Import | F69: =A69&"|"&B69 -> Murphy's|Heineken USA | G69: =A69&"|"&B69&"|"&D69&"|"&E69 -> Murphy's|Heineken USA|Beer|Beer - Import | H69: =_xlfn.XLOOKUP(F69,'DATA - 2025 Review'!C:C,'DATA - 2025 Review'!I:I,"") -> 1650.0333 | I69: =_xlfn.XLOOKUP(F69,'DATA - 2025 Review'!C:C,'DATA - 2025 Review'!J:J) -> 0.15526601 | J69: =_xlfn.XLOOKUP(F69,'2025 Finish (ACTUAL)'!$C:$C,'2025 Finish (ACTUAL)'!$D:$D) -> 1656.9936 | K69: 0.195 | L69: =K69*J69 -> 323.11376 | M69: =L69+J69 -> 1980.1074 | N69: 0.15 | O69: =N69*J69 -> 248.54905 | P69: =O69+J69 -> 1905.5427
A70: Strongbow | B70: Heineken USA | C70: =_xlfn.XLOOKUP(B70,'Brand Managers'!A:A,'Brand Managers'!B:B) -> Perry Calderone | D70: =_xlfn.XLOOKUP(F70,'DATA - Segments'!C:C,'DATA - Segments'!D:D) -> Cider | E70: =_xlfn.XLOOKUP(F70,'DATA - Segments'!C:C,'DATA - Segments'!E:E) -> Cider | F70: =A70&"|"&B70 -> Strongbow|Heineken USA | G70: =A70&"|"&B70&"|"&D70&"|"&E70 -> Strongbow|Heineken USA|Cider|Cider | H70: =_xlfn.XLOOKUP(F70,'DATA - 2025 Review'!C:C,'DATA - 2025 Review'!I:I,"") -> 641.75937 | I70: =_xlfn.XLOOKUP(F70,'DATA - 2025 Review'!C:C,'DATA - 2025 Review'!J:J) -> -0.28128877 | J70: =_xlfn.XLOOKUP(F70,'2025 Finish (ACTUAL)'!$C:$C,'2025 Finish (ACTUAL)'!$D:$D) -> 674.36822 | K70: 0.195 | L70: =K70*J70 -> 131.5018 | M70: =L70+J70 -> 805.87002 | N70: -0.2 | O70: =N70*J70 -> -134.87364 | P70: =O70+J70 -> 539.49457
A71: Prestige Lager | B71: Heineken USA | C71: =_xlfn.XLOOKUP(B71,'Brand Managers'!A:A,'Brand Managers'!B:B) -> Perry Calderone | D71: =_xlfn.XLOOKUP(F71,'DATA - Segments'!C:C,'DATA - Segments'!D:D) -> Beer | E71: =_xlfn.XLOOKUP(F71,'DATA - Segments'!C:C,'DATA - Segments'!E:E) -> Beer - Import | F71: =A71&"|"&B71 -> Prestige Lager|Heineken USA | G71: =A71&"|"&B71&"|"&D71&"|"&E71 -> Prestige Lager|Heineken USA|Beer|Beer - Import | H71: =_xlfn.XLOOKUP(F71,'DATA - 2025 Review'!C:C,'DATA - 2025 Review'!I:I,"") -> 811.5556 | I71: =_xlfn.XLOOKUP(F71,'DATA - 2025 Review'!C:C,'DATA - 2025 Review'!J:J) -> 1.3055557 | J71: =_xlfn.XLOOKUP(F71,'2025 Finish (ACTUAL)'!$C:$C,'2025 Finish (ACTUAL)'!$D:$D) -> 690 | K71: 0.195 | L71: =K71*J71 -> 134.55 | M71: =L71+J71 -> 824.55 | N71: 0.25 | O71: =N71*J71 -> 172.5 | P71: =O71+J71 -> 862.5
A72: Buckler | B72: Heineken USA | C72: =_xlfn.XLOOKUP(B72,'Brand Managers'!A:A,'Brand Managers'!B:B) -> Perry Calderone | D72: =_xlfn.XLOOKUP(F72,'DATA - Segments'!C:C,'DATA - Segments'!D:D) -> Beer | E72: =_xlfn.XLOOKUP(F72,'DATA - Segments'!C:C,'DATA - Segments'!E:E) -> Beer - Non-Alc | F72: =A72&"|"&B72 -> Buckler|Heineken USA | G72: =A72&"|"&B72&"|"&D72&"|"&E72 -> Buckler|Heineken USA|Beer|Beer - Non-Alc | H72: =_xlfn.XLOOKUP(F72,'DATA - 2025 Review'!C:C,'DATA - 2025 Review'!I:I,"") -> 351.26211 | I72: =_xlfn.XLOOKUP(F72,'DATA - 2025 Review'!C:C,'DATA - 2025 Review'!J:J) -> -0.41747577 | J72: =_xlfn.XLOOKUP(F72,'2025 Finish (ACTUAL)'!$C:$C,'2025 Finish (ACTUAL)'!$D:$D) -> 301 | K72: 0 | L72: =K72*J72 -> 0 | M72: =L72+J72 -> 301 | N72: 0 | O72: =N72*J72 -> 0 | P72: =O72+J72 -> 301
A73: Carta Blanca | B73: Heineken USA | C73: =_xlfn.XLOOKUP(B73,'Brand Managers'!A:A,'Brand Managers'!B:B) -> Perry Calderone | D73: =_xlfn.XLOOKUP(F73,'DATA - Segments'!C:C,'DATA - Segments'!D:D) -> Beer | E73: =_xlfn.XLOOKUP(F73,'DATA - Segments'!C:C,'DATA - Segments'!E:E) -> Beer - Import | F73: =A73&"|"&B73 -> Carta Blanca|Heineken USA | G73: =A73&"|"&B73&"|"&D73&"|"&E73 -> Carta Blanca|Heineken USA|Beer|Beer - Import | H73: =_xlfn.XLOOKUP(F73,'DATA - 2025 Review'!C:C,'DATA - 2025 Review'!I:I,"") -> 853.14324 | I73: =_xlfn.XLOOKUP(F73,'DATA - 2025 Review'!C:C,'DATA - 2025 Review'!J:J) -> 0.48286803 | J73: =_xlfn.XLOOKUP(F73,'2025 Finish (ACTUAL)'!$C:$C,'2025 Finish (ACTUAL)'!$D:$D) -> 926.99982 | K73: 0.195 | L73: =K73*J73 -> 180.76497 | M73: =L73+J73 -> 1107.7648 | N73: 0.25 | O73: =N73*J73 -> 231.74996 | P73: =O73+J73 -> 1158.7498
A74: Tecate Light | B74: Heineken USA | D74: Beer | E74: Beer - Import | F74: =A74&"|"&B74 -> Tecate Light|Heineken USA | G74: =A74&"|"&B74&"|"&D74&"|"&E74 -> Tecate Light|Heineken USA|Beer|Beer - Import | H74: =_xlfn.XLOOKUP(F74,'DATA - 2025 Review'!C:C,'DATA - 2025 Review'!I:I,"") -> 0 | I74: =_xlfn.XLOOKUP(F74,'DATA - 2025 Review'!C:C,'DATA - 2025 Review'!J:J) -> -1 | K74: 0 | M74: =L74+J74 -> 0 | N74: 0 | O74: =N74*J74 -> 0 | P74: =O74+J74 -> 0
A75: Newcastle | B75: Heineken USA | C75: =_xlfn.XLOOKUP(B75,'Brand Managers'!A:A,'Brand Managers'!B:B) -> Perry Calderone | D75: =_xlfn.XLOOKUP(F75,'DATA - Segments'!C:C,'DATA - Segments'!D:D) -> Beer | E75: =_xlfn.XLOOKUP(F75,'DATA - Segments'!C:C,'DATA - Segments'!E:E) -> Beer - Import | F75: =A75&"|"&B75 -> Newcastle|Heineken USA | G75: =A75&"|"&B75&"|"&D75&"|"&E75 -> Newcastle|Heineken USA|Beer|Beer - Import | H75: =_xlfn.XLOOKUP(F75,'DATA - 2025 Review'!C:C,'DATA - 2025 Review'!I:I,"") -> 1 | I75: =_xlfn.XLOOKUP(F75,'DATA - 2025 Review'!C:C,'DATA - 2025 Review'!J:J) -> 0 | J75: =_xlfn.XLOOKUP(F75,'2025 Finish (ACTUAL)'!$C:$C,'2025 Finish (ACTUAL)'!$D:$D) -> 62 | K75: 0 | L75: =K75*J75 -> 0 | M75: =L75+J75 -> 62 | N75: 0 | O75: =N75*J75 -> 0 | P75: =O75+J75 -> 62
A76: Boston Beer Company | C76: =_xlfn.XLOOKUP(A76,'Brand Managers'!A:A,'Brand Managers'!B:B) -> Chris Politano | F76: =A76&"|"&B76 -> Boston Beer Company| | G76: =A76&"|"&B76&"|"&D76&"|"&E76 -> Boston Beer Company||| | H76: =_xlfn.XLOOKUP(F76,'DATA - 2025 Review'!C:C,'DATA - 2025 Review'!I:I,"") -> 416346.53 | I76: =_xlfn.XLOOKUP(F76,'DATA - 2025 Review'!C:C,'DATA - 2025 Review'!J:J) -> 0.042979171 | J76: =_xlfn.XLOOKUP(F76,'2025 Finish (ACTUAL)'!$C:$C,'2025 Finish (ACTUAL)'!$D:$D) -> 413391.58 | K76: =L76/J76 -> 0.082194368 | L76: =SUMIF(B:B,A76,L:L) -> 33978.46 | M76: =SUMIF(B:B,A76,M:M) -> 447370.04 | N76: =O76/J76 -> 0.025871359 | O76: =SUMIF(B:B,A76,O:O) -> 10695.002 | P76: =SUMIF(B:B,A76,P:P) -> 424086.59
A77: Samuel Adams | B77: Boston Beer Company | C77: =_xlfn.XLOOKUP(B77,'Brand Managers'!A:A,'Brand Managers'!B:B) -> Chris Politano | D77: =_xlfn.XLOOKUP(F77,'DATA - Segments'!C:C,'DATA - Segments'!D:D) -> Beer | E77: =_xlfn.XLOOKUP(F77,'DATA - Segments'!C:C,'DATA - Segments'!E:E) -> Beer - Craft | F77: =A77&"|"&B77 -> Samuel Adams|Boston Beer Company | G77: =A77&"|"&B77&"|"&D77&"|"&E77 -> Samuel Adams|Boston Beer Company|Beer|Beer - Craft | H77: =_xlfn.XLOOKUP(F77,'DATA - 2025 Review'!C:C,'DATA - 2025 Review'!I:I,"") -> 121895.97 | I77: =_xlfn.XLOOKUP(F77,'DATA - 2025 Review'!C:C,'DATA - 2025 Review'!J:J) -> -0.048891945 | J77: =_xlfn.XLOOKUP(F77,'2025 Finish (ACTUAL)'!$C:$C,'2025 Finish (ACTUAL)'!$D:$D) -> 120172.4 | K77: -0.084 | L77: =K77*J77 -> -10094.482 | M77: =L77+J77 -> 110077.92 | N77: -0.084 | O77: =N77*J77 -> -10094.482 | P77: =O77+J77 -> 110077.92
A78: Twisted Tea | B78: Boston Beer Company | C78: =_xlfn.XLOOKUP(B78,'Brand Managers'!A:A,'Brand Managers'!B:B) -> Chris Politano | D78: =_xlfn.XLOOKUP(F78,'DATA - Segments'!C:C,'DATA - Segments'!D:D) -> FMB | E78: =_xlfn.XLOOKUP(F78,'DATA - Segments'!C:C,'DATA - Segments'!E:E) -> FMB | F78: =A78&"|"&B78 -> Twisted Tea|Boston Beer Company | G78: =A78&"|"&B78&"|"&D78&"|"&E78 -> Twisted Tea|Boston Beer Company|FMB|FMB | H78: =_xlfn.XLOOKUP(F78,'DATA - 2025 Review'!C:C,'DATA - 2025 Review'!I:I,"") -> 106892.09 | I78: =_xlfn.XLOOKUP(F78,'DATA - 2025 Review'!C:C,'DATA - 2025 Review'!J:J) -> -0.13282234 | J78: =_xlfn.XLOOKUP(F78,'2025 Finish (ACTUAL)'!$C:$C,'2025 Finish (ACTUAL)'!$D:$D) -> 106786.28 | K78: -0.076 | L78: =K78*J78 -> -8115.7571 | M78: =L78+J78 -> 98670.521 | N78: -0.1 | O78: =N78*J78 -> -10678.628 | P78: =O78+J78 -> 96107.65
A79: Angry Orchard | B79: Boston Beer Company | C79: =_xlfn.XLOOKUP(B79,'Brand Managers'!A:A,'Brand Managers'!B:B) -> Chris Politano | D79: =_xlfn.XLOOKUP(F79,'DATA - Segments'!C:C,'DATA - Segments'!D:D) -> Cider | E79: =_xlfn.XLOOKUP(F79,'DATA - Segments'!C:C,'DATA - Segments'!E:E) -> Cider | F79: =A79&"|"&B79 -> Angry Orchard|Boston Beer Company | G79: =A79&"|"&B79&"|"&D79&"|"&E79 -> Angry Orchard|Boston Beer Company|Cider|Cider | H79: =_xlfn.XLOOKUP(F79,'DATA - 2025 Review'!C:C,'DATA - 2025 Review'!I:I,"") -> 42035.734 | I79: =_xlfn.XLOOKUP(F79,'DATA - 2025 Review'!C:C,'DATA - 2025 Review'!J:J) -> 0.031340846 | J79: =_xlfn.XLOOKUP(F79,'2025 Finish (ACTUAL)'!$C:$C,'2025 Finish (ACTUAL)'!$D:$D) -> 41571.357 | K79: -0.026 | L79: =K79*J79 -> -1080.8553 | M79: =L79+J79 -> 40490.502 | N79: 0 | O79: =N79*J79 -> 0 | P79: =O79+J79 -> 41571.357
A80: Truly | B80: Boston Beer Company | C80: =_xlfn.XLOOKUP(B80,'Brand Managers'!A:A,'Brand Managers'!B:B) -> Chris Politano | D80: =_xlfn.XLOOKUP(F80,'DATA - Segments'!C:C,'DATA - Segments'!D:D) -> Seltzer | E80: =_xlfn.XLOOKUP(F80,'DATA - Segments'!C:C,'DATA - Segments'!E:E) -> Seltzer | F80: =A80&"|"&B80 -> Truly|Boston Beer Company | G80: =A80&"|"&B80&"|"&D80&"|"&E80 -> Truly|Boston Beer Company|Seltzer|Seltzer | H80: =_xlfn.XLOOKUP(F80,'DATA - 2025 Review'!C:C,'DATA - 2025 Review'!I:I,"") -> 36449.92 | I80: =_xlfn.XLOOKUP(F80,'DATA - 2025 Review'!C:C,'DATA - 2025 Review'!J:J) -> -0.23521964 | J80: =_xlfn.XLOOKUP(F80,'2025 Finish (ACTUAL)'!$C:$C,'2025 Finish (ACTUAL)'!$D:$D) -> 36610.722 | K80: -0.189 | L80: =K80*J80 -> -6919.4265 | M80: =L80+J80 -> 29691.296 | N80: -0.2 | O80: =N80*J80 -> -7322.1444 | P80: =O80+J80 -> 29288.578
A81: Dogfish Head Beer | B81: Boston Beer Company | C81: =_xlfn.XLOOKUP(B81,'Brand Managers'!A:A,'Brand Managers'!B:B) -> Chris Politano | D81: =_xlfn.XLOOKUP(F81,'DATA - Segments'!C:C,'DATA - Segments'!D:D) -> Beer | E81: =_xlfn.XLOOKUP(F81,'DATA - Segments'!C:C,'DATA - Segments'!E:E) -> Beer - Craft | F81: =A81&"|"&B81 -> Dogfish Head Beer|Boston Beer Company | G81: =A81&"|"&B81&"|"&D81&"|"&E81 -> Dogfish Head Beer|Boston Beer Company|Beer|Beer - Craft | H81: =_xlfn.XLOOKUP(F81,'DATA - 2025 Review'!C:C,'DATA - 2025 Review'!I:I,"") -> 38138.022 | I81: =_xlfn.XLOOKUP(F81,'DATA - 2025 Review'!C:C,'DATA - 2025 Review'!J:J) -> 0.10210987 | J81: =_xlfn.XLOOKUP(F81,'2025 Finish (ACTUAL)'!$C:$C,'2025 Finish (ACTUAL)'!$D:$D) -> 38432.646 | K81: 0.017 | L81: =K81*J81 -> 653.35498 | M81: =L81+J81 -> 39086.001 | N81: 0.017 | O81: =N81*J81 -> 653.35498 | P81: =O81+J81 -> 39086.001
A82: Sun Cruiser | B82: Boston Beer Company | C82: =_xlfn.XLOOKUP(B82,'Brand Managers'!A:A,'Brand Managers'!B:B) -> Chris Politano | D82: =_xlfn.XLOOKUP(F82,'DATA - Segments'!C:C,'DATA - Segments'!D:D) -> RTD | E82: =_xlfn.XLOOKUP(F82,'DATA - Segments'!C:C,'DATA - Segments'!E:E) -> RTD | F82: =A82&"|"&B82 -> Sun Cruiser|Boston Beer Company | G82: =A82&"|"&B82&"|"&D82&"|"&E82 -> Sun Cruiser|Boston Beer Company|RTD|RTD | H82: =_xlfn.XLOOKUP(F82,'DATA - 2025 Review'!C:C,'DATA - 2025 Review'!I:I,"") -> 59972.952 | I82: =_xlfn.XLOOKUP(F82,'DATA - 2025 Review'!C:C,'DATA - 2025 Review'!J:J) -> 2.6954188 | J82: =_xlfn.XLOOKUP(F82,'2025 Finish (ACTUAL)'!$C:$C,'2025 Finish (ACTUAL)'!$D:$D) -> 57902.5 | K82: 1 | L82: =K82*J82 -> 57902.5 | M82: =L82+J82 -> 115805 | N82: 0.67 | O82: =N82*J82 -> 38794.675 | P82: =O82+J82 -> 96697.175
A83: Hard Mountain Dew | B83: Boston Beer Company | C83: =_xlfn.XLOOKUP(B83,'Brand Managers'!A:A,'Brand Managers'!B:B) -> Chris Politano | D83: =_xlfn.XLOOKUP(F83,'DATA - Segments'!C:C,'DATA - Segments'!D:D) -> FMB | E83: =_xlfn.XLOOKUP(F83,'DATA - Segments'!C:C,'DATA - Segments'!E:E) -> FMB | F83: =A83&"|"&B83 -> Hard Mountain Dew|Boston Beer Company | G83: =A83&"|"&B83&"|"&D83&"|"&E83 -> Hard Mountain Dew|Boston Beer Company|FMB|FMB | H83: =_xlfn.XLOOKUP(F83,'DATA - 2025 Review'!C:C,'DATA - 2025 Review'!I:I,"") -> 7646 | I83: =_xlfn.XLOOKUP(F83,'DATA - 2025 Review'!C:C,'DATA - 2025 Review'!J:J) -> 4.5205776 | J83: =_xlfn.XLOOKUP(F83,'2025 Finish (ACTUAL)'!$C:$C,'2025 Finish (ACTUAL)'!$D:$D) -> 5622 | K83: -0.117 | L83: =K83*J83 -> -657.774 | M83: =L83+J83 -> 4964.226 | N83: -0.117 | O83: =N83*J83 -> -657.774 | P83: =O83+J83 -> 4964.226
A84: Dogfish Head Spirits | B84: Boston Beer Company | C84: =_xlfn.XLOOKUP(B84,'Brand Managers'!A:A,'Brand Managers'!B:B) -> Chris Politano | D84: =_xlfn.XLOOKUP(F84,'DATA - Segments'!C:C,'DATA - Segments'!D:D) -> RTD | E84: =_xlfn.XLOOKUP(F84,'DATA - Segments'!C:C,'DATA - Segments'!E:E) -> RTD | F84: =A84&"|"&B84 -> Dogfish Head Spirits|Boston Beer Company | G84: =A84&"|"&B84&"|"&D84&"|"&E84 -> Dogfish Head Spirits|Boston Beer Company|RTD|RTD | H84: =_xlfn.XLOOKUP(F84,'DATA - 2025 Review'!C:C,'DATA - 2025 Review'!I:I,"") -> 6150.9385 | I84: =_xlfn.XLOOKUP(F84,'DATA - 2025 Review'!C:C,'DATA - 2025 Review'!J:J) -> -0.13754083 | J84: =_xlfn.XLOOKUP(F84,'2025 Finish (ACTUAL)'!$C:$C,'2025 Finish (ACTUAL)'!$D:$D) -> 6293.6803 | K84: 0.364 | L84: =K84*J84 -> 2290.8996 | M84: =L84+J84 -> 8584.5799 | N84: 0 | O84: =N84*J84 -> 0 | P84: =O84+J84 -> 6293.6803
A85: Sinless | B85: Boston Beer Company | D85: RTD | E85: RTD | F85: =A85&"|"&B85 -> Sinless|Boston Beer Company | G85: =A85&"|"&B85&"|"&D85&"|"&E85 -> Sinless|Boston Beer Company|RTD|RTD | H85: =_xlfn.XLOOKUP(F85,'DATA - 2025 Review'!C:C,'DATA - 2025 Review'!I:I,"") -> 0 | I85: =_xlfn.XLOOKUP(F85,'DATA - 2025 Review'!C:C,'DATA - 2025 Review'!J:J) -> 0 | M85: =L85+J85 -> 0 | O85: =N85*J85 -> 0 | P85: =O85+J85 -> 0
A86: Jim Beam Kentucky | B86: Boston Beer Company | F86: =A86&"|"&B86 -> Jim Beam Kentucky|Boston Beer Company | G86: =A86&"|"&B86&"|"&D86&"|"&E86 -> Jim Beam Kentucky|Boston Beer Company|| | H86: =_xlfn.XLOOKUP(F86,'DATA - 2025 Review'!C:C,'DATA - 2025 Review'!I:I,"") -> 0 | I86: =_xlfn.XLOOKUP(F86,'DATA - 2025 Review'!C:C,'DATA - 2025 Review'!J:J) -> -1 | M86: =L86+J86 -> 0 | O86: =N86*J86 -> 0 | P86: =O86+J86 -> 0
A87: Coney Island | B87: Boston Beer Company | D87: =_xlfn.XLOOKUP(F87,'DATA - Segments'!C:C,'DATA - Segments'!D:D) -> Beer | E87: =_xlfn.XLOOKUP(F87,'DATA - Segments'!C:C,'DATA - Segments'!E:E) -> Beer - Craft | F87: =A87&"|"&B87 -> Coney Island|Boston Beer Company | G87: =A87&"|"&B87&"|"&D87&"|"&E87 -> Coney Island|Boston Beer Company|Beer|Beer - Craft | H87: =_xlfn.XLOOKUP(F87,'DATA - 2025 Review'!C:C,'DATA - 2025 Review'!I:I,"") -> 0 | I87: =_xlfn.XLOOKUP(F87,'DATA - 2025 Review'!C:C,'DATA - 2025 Review'!J:J) -> -1 | J87: =_xlfn.XLOOKUP(F87,'2025 Finish (ACTUAL)'!$C:$C,'2025 Finish (ACTUAL)'!$D:$D) -> 0 | L87: =K87*J87 -> 0 | M87: =L87+J87 -> 0 | O87: =N87*J87 -> 0 | P87: =O87+J87 -> 0
A88: Mark Anthony | C88: =_xlfn.XLOOKUP(A88,'Brand Managers'!A:A,'Brand Managers'!B:B) -> Steve Halloran | F88: =A88&"|"&B88 -> Mark Anthony| | G88: =A88&"|"&B88&"|"&D88&"|"&E88 -> Mark Anthony||| | H88: =_xlfn.XLOOKUP(F88,'DATA - 2025 Review'!C:C,'DATA - 2025 Review'!I:I,"") -> 378028.01 | I88: =_xlfn.XLOOKUP(F88,'DATA - 2025 Review'!C:C,'DATA - 2025 Review'!J:J) -> -0.11663308 | J88: =_xlfn.XLOOKUP(F88,'2025 Finish (ACTUAL)'!$C:$C,'2025 Finish (ACTUAL)'!$D:$D) -> 379751.78 | K88: =L88/J88 -> -0.077417194 | L88: =SUMIF(B:B,A88,L:L) -> -29399.317 | M88: =SUMIF(B:B,A88,M:M) -> 350352.47 | N88: =O88/J88 -> -0.10026123 | O88: =SUMIF(B:B,A88,O:O) -> -38074.382 | P88: =SUMIF(B:B,A88,P:P) -> 341677.4
A89: White Claw | B89: Mark Anthony | C89: =_xlfn.XLOOKUP(B89,'Brand Managers'!A:A,'Brand Managers'!B:B) -> Steve Halloran | D89: =_xlfn.XLOOKUP(F89,'DATA - Segments'!C:C,'DATA - Segments'!D:D) -> Seltzer | E89: =_xlfn.XLOOKUP(F89,'DATA - Segments'!C:C,'DATA - Segments'!E:E) -> Seltzer | F89: =A89&"|"&B89 -> White Claw|Mark Anthony | G89: =A89&"|"&B89&"|"&D89&"|"&E89 -> White Claw|Mark Anthony|Seltzer|Seltzer | H89: =_xlfn.XLOOKUP(F89,'DATA - 2025 Review'!C:C,'DATA - 2025 Review'!I:I,"") -> 298163.29 | I89: =_xlfn.XLOOKUP(F89,'DATA - 2025 Review'!C:C,'DATA - 2025 Review'!J:J) -> -0.11919084 | J89: =_xlfn.XLOOKUP(F89,'2025 Finish (ACTUAL)'!$C:$C,'2025 Finish (ACTUAL)'!$D:$D) -> 299633.2 | K89: -0.095 | L89: =K89*J89 -> -28465.154 | M89: =L89+J89 -> 271168.04 | N89: -0.118 | O89: =N89*J89 -> -35356.717 | P89: =O89+J89 -> 264276.48
A90: Mike's Hard Lemonade | B90: Mark Anthony | C90: =_xlfn.XLOOKUP(B90,'Brand Managers'!A:A,'Brand Managers'!B:B) -> Steve Halloran | D90: =_xlfn.XLOOKUP(F90,'DATA - Segments'!C:C,'DATA - Segments'!D:D) -> FMB | E90: =_xlfn.XLOOKUP(F90,'DATA - Segments'!C:C,'DATA - Segments'!E:E) -> FMB | F90: =A90&"|"&B90 -> Mike's Hard Lemonade|Mark Anthony | G90: =A90&"|"&B90&"|"&D90&"|"&E90 -> Mike's Hard Lemonade|Mark Anthony|FMB|FMB | H90: =_xlfn.XLOOKUP(F90,'DATA - 2025 Review'!C:C,'DATA - 2025 Review'!I:I,"") -> 35467.814 | I90: =_xlfn.XLOOKUP(F90,'DATA - 2025 Review'!C:C,'DATA - 2025 Review'!J:J) -> -0.25074888 | J90: =_xlfn.XLOOKUP(F90,'2025 Finish (ACTUAL)'!$C:$C,'2025 Finish (ACTUAL)'!$D:$D) -> 35553.322 | K90: -0.2 | L90: =K90*J90 -> -7110.6644 | M90: =L90+J90 -> 28442.658 | N90: -0.2 | O90: =N90*J90 -> -7110.6644 | P90: =O90+J90 -> 28442.658
A91: Cayman Jack | B91: Mark Anthony | C91: =_xlfn.XLOOKUP(B91,'Brand Managers'!A:A,'Brand Managers'!B:B) -> Steve Halloran | D91: =_xlfn.XLOOKUP(F91,'DATA - Segments'!C:C,'DATA - Segments'!D:D) -> RTD | E91: =_xlfn.XLOOKUP(F91,'DATA - Segments'!C:C,'DATA - Segments'!E:E) -> RTD | F91: =A91&"|"&B91 -> Cayman Jack|Mark Anthony | G91: =A91&"|"&B91&"|"&D91&"|"&E91 -> Cayman Jack|Mark Anthony|RTD|RTD | H91: =_xlfn.XLOOKUP(F91,'DATA - 2025 Review'!C:C,'DATA - 2025 Review'!I:I,"") -> 29428.069 | I91: =_xlfn.XLOOKUP(F91,'DATA - 2025 Review'!C:C,'DATA - 2025 Review'!J:J) -> 0.029862144 | J91: =_xlfn.XLOOKUP(F91,'2025 Finish (ACTUAL)'!$C:$C,'2025 Finish (ACTUAL)'!$D:$D) -> 29725.012 | K91: 0.14 | L91: =K91*J91 -> 4161.5016 | M91: =L91+J91 -> 33886.513 | N91: 0.08 | O91: =N91*J91 -> 2378.0009 | P91: =O91+J91 -> 32103.013
A92: Mike's Harder | B92: Mark Anthony | C92: =_xlfn.XLOOKUP(B92,'Brand Managers'!A:A,'Brand Managers'!B:B) -> Steve Halloran | D92: =_xlfn.XLOOKUP(F92,'DATA - Segments'!C:C,'DATA - Segments'!D:D) -> FMB | E92: =_xlfn.XLOOKUP(F92,'DATA - Segments'!C:C,'DATA - Segments'!E:E) -> FMB | F92: =A92&"|"&B92 -> Mike's Harder|Mark Anthony | G92: =A92&"|"&B92&"|"&D92&"|"&E92 -> Mike's Harder|Mark Anthony|FMB|FMB | H92: =_xlfn.XLOOKUP(F92,'DATA - 2025 Review'!C:C,'DATA - 2025 Review'!I:I,"") -> 11446.775 | I92: =_xlfn.XLOOKUP(F92,'DATA - 2025 Review'!C:C,'DATA - 2025 Review'!J:J) -> 0.039023655 | J92: =_xlfn.XLOOKUP(F92,'2025 Finish (ACTUAL)'!$C:$C,'2025 Finish (ACTUAL)'!$D:$D) -> 11123.587 | K92: 0.063 | L92: =K92*J92 -> 700.78596 | M92: =L92+J92 -> 11824.373 | N92: 0.063 | O92: =N92*J92 -> 700.78596 | P92: =O92+J92 -> 11824.373
A93: Mxd Cocktails | B93: Mark Anthony | C93: =_xlfn.XLOOKUP(B93,'Brand Managers'!A:A,'Brand Managers'!B:B) -> Steve Halloran | D93: =_xlfn.XLOOKUP(F93,'DATA - Segments'!C:C,'DATA - Segments'!D:D) -> FMB | E93: =_xlfn.XLOOKUP(F93,'DATA - Segments'!C:C,'DATA - Segments'!E:E) -> FMB | F93: =A93&"|"&B93 -> Mxd Cocktails|Mark Anthony | G93: =A93&"|"&B93&"|"&D93&"|"&E93 -> Mxd Cocktails|Mark Anthony|FMB|FMB | H93: =_xlfn.XLOOKUP(F93,'DATA - 2025 Review'!C:C,'DATA - 2025 Review'!I:I,"") -> 3063.7402 | I93: =_xlfn.XLOOKUP(F93,'DATA - 2025 Review'!C:C,'DATA - 2025 Review'!J:J) -> 0.2254964 | J93: =_xlfn.XLOOKUP(F93,'2025 Finish (ACTUAL)'!$C:$C,'2025 Finish (ACTUAL)'!$D:$D) -> 3086.6659 | K93: 0.089 | L93: =K93*J93 -> 274.71326 | M93: =L93+J93 -> 3361.3792 | N93: 0.089 | O93: =N93*J93 -> 274.71326 | P93: =O93+J93 -> 3361.3792
A94: Dillon's Cocktails | B94: Mark Anthony | C94: =_xlfn.XLOOKUP(B94,'Brand Managers'!A:A,'Brand Managers'!B:B) -> Steve Halloran | D94: =_xlfn.XLOOKUP(F94,'DATA - Segments'!C:C,'DATA - Segments'!D:D) -> RTD | E94: =_xlfn.XLOOKUP(F94,'DATA - Segments'!C:C,'DATA - Segments'!E:E) -> RTD | F94: =A94&"|"&B94 -> Dillon's Cocktails|Mark Anthony | G94: =A94&"|"&B94&"|"&D94&"|"&E94 -> Dillon's Cocktails|Mark Anthony|RTD|RTD | H94: =_xlfn.XLOOKUP(F94,'DATA - 2025 Review'!C:C,'DATA - 2025 Review'!I:I,"") -> 550 | I94: =_xlfn.XLOOKUP(F94,'DATA - 2025 Review'!C:C,'DATA - 2025 Review'!J:J) -> 0 | J94: =_xlfn.XLOOKUP(F94,'2025 Finish (ACTUAL)'!$C:$C,'2025 Finish (ACTUAL)'!$D:$D) -> 630 | K94: 1.65 | L94: =K94*J94 -> 1039.5 | M94: =L94+J94 -> 1669.5 | N94: 1.65 | O94: =N94*J94 -> 1039.5 | P94: =O94+J94 -> 1669.5
A95: Ole Tequila Cocktail | B95: Mark Anthony | D95: =_xlfn.XLOOKUP(F95,'DATA - Segments'!C:C,'DATA - Segments'!D:D) -> 0 | E95: =_xlfn.XLOOKUP(F95,'DATA - Segments'!C:C,'DATA - Segments'!E:E) -> 0 | G95: =A95&"|"&B95&"|"&D95&"|"&E95 -> Ole Tequila Cocktail|Mark Anthony|0|0 | M95: =L95+J95 -> 0 | O95: =N95*J95 -> 0 | P95: =O95+J95 -> 0
A96: Pabst Brewing Company | C96: =_xlfn.XLOOKUP(A96,'Brand Managers'!A:A,'Brand Managers'!B:B) -> Tom Gibbons | F96: =A96&"|"&B96 -> Pabst Brewing Company| | G96: =A96&"|"&B96&"|"&D96&"|"&E96 -> Pabst Brewing Company||| | H96: =_xlfn.XLOOKUP(F96,'DATA - 2025 Review'!C:C,'DATA - 2025 Review'!I:I,"") -> 257082.58 | I96: =_xlfn.XLOOKUP(F96,'DATA - 2025 Review'!C:C,'DATA - 2025 Review'!J:J) -> -0.11491162 | J96: =_xlfn.XLOOKUP(F96,'2025 Finish (ACTUAL)'!$C:$C,'2025 Finish (ACTUAL)'!$D:$D) -> 259515.94 | K96: =L96/J96 -> -0.026168594 | L96: =SUMIF(B:B,A96,L:L) -> -6791.1672 | M96: =SUMIF(B:B,A96,M:M) -> 252724.78 | N96: =O96/J96 -> -0.052094626 | O96: =SUMIF(B:B,A96,O:O) -> -13519.386 | P96: =SUMIF(B:B,A96,P:P) -> 245996.56
A97: Pabst Brand | B97: Pabst Brewing Company | C97: =_xlfn.XLOOKUP(B97,'Brand Managers'!A:A,'Brand Managers'!B:B) -> Tom Gibbons | D97: Beer | E97: Beer - Craft | F97: =A97&"|"&B97 -> Pabst Brand|Pabst Brewing Company | G97: =A97&"|"&B97&"|"&D97&"|"&E97 -> Pabst Brand|Pabst Brewing Company|Beer|Beer - Craft | H97: 152594.92 | I97: =_xlfn.XLOOKUP(F97,'DATA - 2025 Review'!C:C,'DATA - 2025 Review'!J:J) -> -0.035732274 | J97: =_xlfn.XLOOKUP(F97,'2025 Finish (ACTUAL)'!$C:$C,'2025 Finish (ACTUAL)'!$D:$D) -> 152594.92 | K97: -0.007 | L97: =K97*J97 -> -1068.1644 | M97: =L97+J97 -> 151526.75 | N97: -0.04 | O97: =N97*J97 -> -6103.7967 | P97: =O97+J97 -> 146491.12 | S97: adjust later | T97: 158148.32 was Estimated 2025 finish 1.5.2026
A98: Pabst Light | B98: Pabst Brewing Company | C98: =_xlfn.XLOOKUP(B98,'Brand Managers'!A:A,'Brand Managers'!B:B) -> Tom Gibbons | D98: Beer | E98: =_xlfn.XLOOKUP(F98,'DATA - Segments'!C:C,'DATA - Segments'!E:E) -> #N/A | F98: =A98&"|"&B98 -> Pabst Light|Pabst Brewing Company | G98: =A98&"|"&B98&"|"&D98&"|"&E98 -> #N/A | H98: 5774.67 | I98: - | J98: 5774.67 | K98: 0.385 | L98: =K98*J98 -> 2223.2479 | M98: =L98+J98 -> 7997.918 | N98: 0.0395 | O98: =N98*J98 -> 228.09947 | P98: =O98+J98 -> 6002.7695 | S98: adjust later | T98: 7100 is og Brewery goal (K98)
A99: Colt 45 | B99: Pabst Brewing Company | C99: =_xlfn.XLOOKUP(B99,'Brand Managers'!A:A,'Brand Managers'!B:B) -> Tom Gibbons | D99: =_xlfn.XLOOKUP(F99,'DATA - Segments'!C:C,'DATA - Segments'!D:D) -> Beer | E99: =_xlfn.XLOOKUP(F99,'DATA - Segments'!C:C,'DATA - Segments'!E:E) -> Beer - Economy | F99: =A99&"|"&B99 -> Colt 45|Pabst Brewing Company | G99: =A99&"|"&B99&"|"&D99&"|"&E99 -> Colt 45|Pabst Brewing Company|Beer|Beer - Economy | H99: =_xlfn.XLOOKUP(F99,'DATA - 2025 Review'!C:C,'DATA - 2025 Review'!I:I,"") -> 32881.887 | I99: =_xlfn.XLOOKUP(F99,'DATA - 2025 Review'!C:C,'DATA - 2025 Review'!J:J) -> -0.23606296 | J99: =_xlfn.XLOOKUP(F99,'2025 Finish (ACTUAL)'!$C:$C,'2025 Finish (ACTUAL)'!$D:$D) -> 32732.236 | K99: -0.049 | L99: =K99*J99 -> -1603.8796 | M99: =L99+J99 -> 31128.357 | N99: -0.125 | O99: =N99*J99 -> -4091.5295 | P99: =O99+J99 -> 28640.707
A100: St Ides | B100: Pabst Brewing Company | C100: =_xlfn.XLOOKUP(B100,'Brand Managers'!A:A,'Brand Managers'!B:B) -> Tom Gibbons | D100: =_xlfn.XLOOKUP(F100,'DATA - Segments'!C:C,'DATA - Segments'!D:D) -> Beer | E100: =_xlfn.XLOOKUP(F100,'DATA - Segments'!C:C,'DATA - Segments'!E:E) -> Beer - Economy | F100: =A100&"|"&B100 -> St Ides|Pabst Brewing Company | G100: =A100&"|"&B100&"|"&D100&"|"&E100 -> St Ides|Pabst Brewing Company|Beer|Beer - Economy | H100: =_xlfn.XLOOKUP(F100,'DATA - 2025 Review'!C:C,'DATA - 2025 Review'!I:I,"") -> 14191.037 | I100: =_xlfn.XLOOKUP(F100,'DATA - 2025 Review'!C:C,'DATA - 2025 Review'!J:J) -> -0.19665795 | J100: =_xlfn.XLOOKUP(F100,'2025 Finish (ACTUAL)'!$C:$C,'2025 Finish (ACTUAL)'!$D:$D) -> 16196.976 | K100: -0.143 | L100: =K100*J100 -> -2316.1676 | M100: =L100+J100 -> 13880.809 | N100: -0.143 | O100: =N100*J100 -> -2316.1676 | P100: =O100+J100 -> 13880.809
A101: Old Milwaukee | B101: Pabst Brewing Company | C101: =_xlfn.XLOOKUP(B101,'Brand Managers'!A:A,'Brand Managers'!B:B) -> Tom Gibbons | D101: =_xlfn.XLOOKUP(F101,'DATA - Segments'!C:C,'DATA - Segments'!D:D) -> Beer | E101: =_xlfn.XLOOKUP(F101,'DATA - Segments'!C:C,'DATA - Segments'!E:E) -> Beer - Economy | F101: =A101&"|"&B101 -> Old Milwaukee|Pabst Brewing Company | G101: =A101&"|"&B101&"|"&D101&"|"&E101 -> Old Milwaukee|Pabst Brewing Company|Beer|Beer - Economy | H101: =_xlfn.XLOOKUP(F101,'DATA - 2025 Review'!C:C,'DATA - 2025 Review'!I:I,"") -> 15655.69 | I101: =_xlfn.XLOOKUP(F101,'DATA - 2025 Review'!C:C,'DATA - 2025 Review'!J:J) -> -0.051955365 | J101: =_xlfn.XLOOKUP(F101,'2025 Finish (ACTUAL)'!$C:$C,'2025 Finish (ACTUAL)'!$D:$D) -> 15879.247 | K101: -0.05 | L101: =K101*J101 -> -793.96234 | M101: =L101+J101 -> 15085.284 | N101: -0.05 | O101: =N101*J101 -> -793.96234 | P101: =O101+J101 -> 15085.284
A102: Jack Daniels Country Cocktails | B102: Pabst Brewing Company | C102: =_xlfn.XLOOKUP(B102,'Brand Managers'!A:A,'Brand Managers'!B:B) -> Tom Gibbons | D102: =_xlfn.XLOOKUP(F102,'DATA - Segments'!C:C,'DATA - Segments'!D:D) -> FMB | E102: =_xlfn.XLOOKUP(F102,'DATA - Segments'!C:C,'DATA - Segments'!E:E) -> FMB | F102: =A102&"|"&B102 -> Jack Daniels Country Cocktails|Pabst Brewing Company | G102: =A102&"|"&B102&"|"&D102&"|"&E102 -> Jack Daniels Country Cocktails|Pabst Brewing Company|FMB|FMB | H102: =_xlfn.XLOOKUP(F102,'DATA - 2025 Review'!C:C,'DATA - 2025 Review'!I:I,"") -> 13158.074 | I102: =_xlfn.XLOOKUP(F102,'DATA - 2025 Review'!C:C,'DATA - 2025 Review'!J:J) -> -0.1006048 | J102: =_xlfn.XLOOKUP(F102,'2025 Finish (ACTUAL)'!$C:$C,'2025 Finish (ACTUAL)'!$D:$D) -> 13310.684 | K102: -0.083 | L102: =K102*J102 -> -1104.7868 | M102: =L102+J102 -> 12205.897 | N102: 0.018 | O102: =N102*J102 -> 239.59231 | P102: =O102+J102 -> 13550.276
A103: Schlitz Malt | B103: Pabst Brewing Company | C103: =_xlfn.XLOOKUP(B103,'Brand Managers'!A:A,'Brand Managers'!B:B) -> Tom Gibbons | D103: =_xlfn.XLOOKUP(F103,'DATA - Segments'!C:C,'DATA - Segments'!D:D) -> Beer | E103: =_xlfn.XLOOKUP(F103,'DATA - Segments'!C:C,'DATA - Segments'!E:E) -> Beer - Economy | F103: =A103&"|"&B103 -> Schlitz Malt|Pabst Brewing Company | G103: =A103&"|"&B103&"|"&D103&"|"&E103 -> Schlitz Malt|Pabst Brewing Company|Beer|Beer - Economy | H103: =_xlfn.XLOOKUP(F103,'DATA - 2025 Review'!C:C,'DATA - 2025 Review'!I:I,"") -> 9664.7188 | I103: =_xlfn.XLOOKUP(F103,'DATA - 2025 Review'!C:C,'DATA - 2025 Review'!J:J) -> -0.09350764 | J103: =_xlfn.XLOOKUP(F103,'2025 Finish (ACTUAL)'!$C:$C,'2025 Finish (ACTUAL)'!$D:$D) -> 9554.2069 | K103: 0.008 | L103: =K103*J103 -> 76.433655 | M103: =L103+J103 -> 9630.6405 | N103: -0.045 | O103: =N103*J103 -> -429.93931 | P103: =O103+J103 -> 9124.2676
A104: Ballantine Ale | B104: Pabst Brewing Company | D104: =_xlfn.XLOOKUP(F104,'DATA - Segments'!C:C,'DATA - Segments'!D:D) -> Beer | E104: =_xlfn.XLOOKUP(F104,'DATA - Segments'!C:C,'DATA - Segments'!E:E) -> Beer - Economy | F104: =A104&"|"&B104 -> Ballantine Ale|Pabst Brewing Company | G104: =A104&"|"&B104&"|"&D104&"|"&E104 -> Ballantine Ale|Pabst Brewing Company|Beer|Beer - Economy | H104: =_xlfn.XLOOKUP(F104,'DATA - 2025 Review'!C:C,'DATA - 2025 Review'!I:I,"") -> 573.81943 | I104: =_xlfn.XLOOKUP(F104,'DATA - 2025 Review'!C:C,'DATA - 2025 Review'!J:J) -> -0.94454601 | J104: =_xlfn.XLOOKUP(F104,'2025 Finish (ACTUAL)'!$C:$C,'2025 Finish (ACTUAL)'!$D:$D) -> 485.33333 | K104: -1 | L104: =K104*J104 -> -485.33333 | M104: =L104+J104 -> 0 | N104: -1 | O104: =N104*J104 -> -485.33333 | P104: =O104+J104 -> 0
A105: Schaefer | B105: Pabst Brewing Company | C105: =_xlfn.XLOOKUP(B105,'Brand Managers'!A:A,'Brand Managers'!B:B) -> Tom Gibbons | D105: =_xlfn.XLOOKUP(F105,'DATA - Segments'!C:C,'DATA - Segments'!D:D) -> Beer | E105: =_xlfn.XLOOKUP(F105,'DATA - Segments'!C:C,'DATA - Segments'!E:E) -> Beer - Economy | F105: =A105&"|"&B105 -> Schaefer|Pabst Brewing Company | G105: =A105&"|"&B105&"|"&D105&"|"&E105 -> Schaefer|Pabst Brewing Company|Beer|Beer - Economy | H105: =_xlfn.XLOOKUP(F105,'DATA - 2025 Review'!C:C,'DATA - 2025 Review'!I:I,"") -> 4712.5915 | I105: =_xlfn.XLOOKUP(F105,'DATA - 2025 Review'!C:C,'DATA - 2025 Review'!J:J) -> 0.1362487 | J105: =_xlfn.XLOOKUP(F105,'2025 Finish (ACTUAL)'!$C:$C,'2025 Finish (ACTUAL)'!$D:$D) -> 4813.75 | K105: -0.227 | L105: =K105*J105 -> -1092.7213 | M105: =L105+J105 -> 3721.0287 | N105: 0.055 | O105: =N105*J105 -> 264.75625 | P105: =O105+J105 -> 5078.5063
A106: Country Club | B106: Pabst Brewing Company | C106: =_xlfn.XLOOKUP(B106,'Brand Managers'!A:A,'Brand Managers'!B:B) -> Tom Gibbons | D106: =_xlfn.XLOOKUP(F106,'DATA - Segments'!C:C,'DATA - Segments'!D:D) -> Beer | E106: =_xlfn.XLOOKUP(F106,'DATA - Segments'!C:C,'DATA - Segments'!E:E) -> Beer - Economy | F106: =A106&"|"&B106 -> Country Club|Pabst Brewing Company | G106: =A106&"|"&B106&"|"&D106&"|"&E106 -> Country Club|Pabst Brewing Company|Beer|Beer - Economy | H106: =_xlfn.XLOOKUP(F106,'DATA - 2025 Review'!C:C,'DATA - 2025 Review'!I:I,"") -> 3325.1175 | I106: =_xlfn.XLOOKUP(F106,'DATA - 2025 Review'!C:C,'DATA - 2025 Review'!J:J) -> 0.0080188868 | J106: =_xlfn.XLOOKUP(F106,'2025 Finish (ACTUAL)'!$C:$C,'2025 Finish (ACTUAL)'!$D:$D) -> 3375.9992 | K106: -0.089 | L106: =K106*J106 -> -300.46392 | M106: =L106+J106 -> 3075.5352 | N106: 0.021 | O106: =N106*J106 -> 70.895982 | P106: =O106+J106 -> 3446.8951
A107: Small Town | B107: Pabst Brewing Company | C107: =_xlfn.XLOOKUP(B107,'Brand Managers'!A:A,'Brand Managers'!B:B) -> Tom Gibbons | D107: =_xlfn.XLOOKUP(F107,'DATA - Segments'!C:C,'DATA - Segments'!D:D) -> FMB | E107: =_xlfn.XLOOKUP(F107,'DATA - Segments'!C:C,'DATA - Segments'!E:E) -> FMB | F107: =A107&"|"&B107 -> Small Town|Pabst Brewing Company | G107: =A107&"|"&B107&"|"&D107&"|"&E107 -> Small Town|Pabst Brewing Company|FMB|FMB | H107: =_xlfn.XLOOKUP(F107,'DATA - 2025 Review'!C:C,'DATA - 2025 Review'!I:I,"") -> 1873.267 | I107: =_xlfn.XLOOKUP(F107,'DATA - 2025 Review'!C:C,'DATA - 2025 Review'!J:J) -> -0.019745183 | J107: =_xlfn.XLOOKUP(F107,'2025 Finish (ACTUAL)'!$C:$C,'2025 Finish (ACTUAL)'!$D:$D) -> 1867 | K107: -0.032 | L107: =K107*J107 -> -59.744 | M107: =L107+J107 -> 1807.256 | N107: -0.032 | O107: =N107*J107 -> -59.744 | P107: =O107+J107 -> 1807.256
A108: New Holland Brewing Co | B108: Pabst Brewing Company | C108: =_xlfn.XLOOKUP(B108,'Brand Managers'!A:A,'Brand Managers'!B:B) -> Tom Gibbons | D108: =_xlfn.XLOOKUP(F108,'DATA - Segments'!C:C,'DATA - Segments'!D:D) -> Beer | E108: =_xlfn.XLOOKUP(F108,'DATA - Segments'!C:C,'DATA - Segments'!E:E) -> Beer - Craft | F108: =A108&"|"&B108 -> New Holland Brewing Co|Pabst Brewing Company | G108: =A108&"|"&B108&"|"&D108&"|"&E108 -> New Holland Brewing Co|Pabst Brewing Company|Beer|Beer - Craft | H108: =_xlfn.XLOOKUP(F108,'DATA - 2025 Review'!C:C,'DATA - 2025 Review'!I:I,"") -> 1182.5903 | I108: =_xlfn.XLOOKUP(F108,'DATA - 2025 Review'!C:C,'DATA - 2025 Review'!J:J) -> -0.10446575 | J108: =_xlfn.XLOOKUP(F108,'2025 Finish (ACTUAL)'!$C:$C,'2025 Finish (ACTUAL)'!$D:$D) -> 1084.9444 | K108: 0.058 | L108: =K108*J108 -> 62.926778 | M108: =L108+J108 -> 1147.8712 | N108: -0.055 | O108: =N108*J108 -> -59.671945 | P108: =O108+J108 -> 1025.2725
A109: Lone Star | B109: Pabst Brewing Company | C109: =_xlfn.XLOOKUP(B109,'Brand Managers'!A:A,'Brand Managers'!B:B) -> Tom Gibbons | D109: =_xlfn.XLOOKUP(F109,'DATA - Segments'!C:C,'DATA - Segments'!D:D) -> Beer | E109: =_xlfn.XLOOKUP(F109,'DATA - Segments'!C:C,'DATA - Segments'!E:E) -> Beer - Import | F109: =A109&"|"&B109 -> Lone Star|Pabst Brewing Company | G109: =A109&"|"&B109&"|"&D109&"|"&E109 -> Lone Star|Pabst Brewing Company|Beer|Beer - Import | H109: =_xlfn.XLOOKUP(F109,'DATA - 2025 Review'!C:C,'DATA - 2025 Review'!I:I,"") -> 1173.7233 | I109: =_xlfn.XLOOKUP(F109,'DATA - 2025 Review'!C:C,'DATA - 2025 Review'!J:J) -> 0.047032378 | J109: =_xlfn.XLOOKUP(F109,'2025 Finish (ACTUAL)'!$C:$C,'2025 Finish (ACTUAL)'!$D:$D) -> 1161 | K109: 0.307 | L109: =K109*J109 -> 356.427 | M109: =L109+J109 -> 1517.427 | N109: 0.015 | O109: =N109*J109 -> 17.415 | P109: =O109+J109 -> 1178.415
A110: EL Jimador | B110: Pabst Brewing Company | D110: =_xlfn.XLOOKUP(F110,'DATA - Segments'!C:C,'DATA - Segments'!D:D) -> RTD | E110: =_xlfn.XLOOKUP(F110,'DATA - Segments'!C:C,'DATA - Segments'!E:E) -> RTD | F110: =A110&"|"&B110 -> EL Jimador|Pabst Brewing Company | G110: =A110&"|"&B110&"|"&D110&"|"&E110 -> EL Jimador|Pabst Brewing Company|RTD|RTD | H110: =_xlfn.XLOOKUP(F110,'DATA - 2025 Review'!C:C,'DATA - 2025 Review'!I:I,"") -> 741.68521 | I110: =_xlfn.XLOOKUP(F110,'DATA - 2025 Review'!C:C,'DATA - 2025 Review'!J:J) -> -0.58606031 | J110: =_xlfn.XLOOKUP(F110,'2025 Finish (ACTUAL)'!$C:$C,'2025 Finish (ACTUAL)'!$D:$D) -> 684.97936 | K110: -1 | L110: =K110*J110 -> -684.97936 | M110: =L110+J110 -> 0 | O110: =N110*J110 -> 0 | P110: =O110+J110 -> 684.97936
A111: DG Yuengling Inc | C111: =_xlfn.XLOOKUP(A111,'Brand Managers'!A:A,'Brand Managers'!B:B) -> Perry Calderone | F111: =A111&"|"&B111 -> DG Yuengling Inc| | G111: =A111&"|"&B111&"|"&D111&"|"&E111 -> DG Yuengling Inc||| | H111: =_xlfn.XLOOKUP(F111,'DATA - 2025 Review'!C:C,'DATA - 2025 Review'!I:I,"") -> 221115.5 | I111: =_xlfn.XLOOKUP(F111,'DATA - 2025 Review'!C:C,'DATA - 2025 Review'!J:J) -> -0.066663847 | J111: =_xlfn.XLOOKUP(F111,'2025 Finish (ACTUAL)'!$C:$C,'2025 Finish (ACTUAL)'!$D:$D) -> 221388.92 | K111: =L111/J111 -> -0.010525848 | L111: =SUMIF(B:B,A111,L:L) -> -2330.306 | M111: =SUMIF(B:B,A111,M:M) -> 219058.61 | N111: =O111/J111 -> -0.029884642 | O111: =SUMIF(B:B,A111,O:O) -> -6616.1286 | P111: =SUMIF(B:B,A111,P:P) -> 214772.79
A112: Yuengling Lager | B112: DG Yuengling Inc | C112: =_xlfn.XLOOKUP(B112,'Brand Managers'!A:A,'Brand Managers'!B:B) -> Perry Calderone | D112: =_xlfn.XLOOKUP(F112,'DATA - Segments'!C:C,'DATA - Segments'!D:D) -> Beer | E112: =_xlfn.XLOOKUP(F112,'DATA - Segments'!C:C,'DATA - Segments'!E:E) -> Beer - Economy | F112: =A112&"|"&B112 -> Yuengling Lager|DG Yuengling Inc | G112: =A112&"|"&B112&"|"&D112&"|"&E112 -> Yuengling Lager|DG Yuengling Inc|Beer|Beer - Economy | H112: =_xlfn.XLOOKUP(F112,'DATA - 2025 Review'!C:C,'DATA - 2025 Review'!I:I,"") -> 189341.47 | I112: =_xlfn.XLOOKUP(F112,'DATA - 2025 Review'!C:C,'DATA - 2025 Review'!J:J) -> -0.063101973 | J112: =_xlfn.XLOOKUP(F112,'2025 Finish (ACTUAL)'!$C:$C,'2025 Finish (ACTUAL)'!$D:$D) -> 189518.61 | K112: -0.008 | L112: =K112*J112 -> -1516.1489 | M112: =L112+J112 -> 188002.46 | N112: -0.03 | O112: =N112*J112 -> -5685.5583 | P112: =O112+J112 -> 183833.05
A113: Yuengling Light Lager | B113: DG Yuengling Inc | C113: =_xlfn.XLOOKUP(B113,'Brand Managers'!A:A,'Brand Managers'!B:B) -> Perry Calderone | D113: =_xlfn.XLOOKUP(F113,'DATA - Segments'!C:C,'DATA - Segments'!D:D) -> Beer | E113: =_xlfn.XLOOKUP(F113,'DATA - Segments'!C:C,'DATA - Segments'!E:E) -> Beer - Economy | F113: =A113&"|"&B113 -> Yuengling Light Lager|DG Yuengling Inc | G113: =A113&"|"&B113&"|"&D113&"|"&E113 -> Yuengling Light Lager|DG Yuengling Inc|Beer|Beer - Economy | H113: =_xlfn.XLOOKUP(F113,'DATA - 2025 Review'!C:C,'DATA - 2025 Review'!I:I,"") -> 7517.2008 | I113: =_xlfn.XLOOKUP(F113,'DATA - 2025 Review'!C:C,'DATA - 2025 Review'!J:J) -> -0.085498682 | J113: =_xlfn.XLOOKUP(F113,'2025 Finish (ACTUAL)'!$C:$C,'2025 Finish (ACTUAL)'!$D:$D) -> 7554 | K113: -0.05 | L113: =K113*J113 -> -377.7 | M113: =L113+J113 -> 7176.3 | N113: -0.05 | O113: =N113*J113 -> -377.7 | P113: =O113+J113 -> 7176.3
A114: Yuengling Flight | B114: DG Yuengling Inc | C114: =_xlfn.XLOOKUP(B114,'Brand Managers'!A:A,'Brand Managers'!B:B) -> Perry Calderone | D114: =_xlfn.XLOOKUP(F114,'DATA - Segments'!C:C,'DATA - Segments'!D:D) -> Beer | E114: =_xlfn.XLOOKUP(F114,'DATA - Segments'!C:C,'DATA - Segments'!E:E) -> Beer - Economy | F114: =A114&"|"&B114 -> Yuengling Flight|DG Yuengling Inc | G114: =A114&"|"&B114&"|"&D114&"|"&E114 -> Yuengling Flight|DG Yuengling Inc|Beer|Beer - Economy | H114: =_xlfn.XLOOKUP(F114,'DATA - 2025 Review'!C:C,'DATA - 2025 Review'!I:I,"") -> 8928.0331 | I114: =_xlfn.XLOOKUP(F114,'DATA - 2025 Review'!C:C,'DATA - 2025 Review'!J:J) -> -0.0305422 | J114: =_xlfn.XLOOKUP(F114,'2025 Finish (ACTUAL)'!$C:$C,'2025 Finish (ACTUAL)'!$D:$D) -> 9035.3055 | K114: 0.016 | L114: =K114*J114 -> 144.56489 | M114: =L114+J114 -> 9179.8704 | N114: 0.02 | O114: =N114*J114 -> 180.70611 | P114: =O114+J114 -> 9216.0117
A115: Yuengling Black & Tan | B115: DG Yuengling Inc | C115: =_xlfn.XLOOKUP(B115,'Brand Managers'!A:A,'Brand Managers'!B:B) -> Perry Calderone | D115: =_xlfn.XLOOKUP(F115,'DATA - Segments'!C:C,'DATA - Segments'!D:D) -> Beer | E115: =_xlfn.XLOOKUP(F115,'DATA - Segments'!C:C,'DATA - Segments'!E:E) -> Beer - Economy | F115: =A115&"|"&B115 -> Yuengling Black & Tan|DG Yuengling Inc | G115: =A115&"|"&B115&"|"&D115&"|"&E115 -> Yuengling Black & Tan|DG Yuengling Inc|Beer|Beer - Economy | H115: =_xlfn.XLOOKUP(F115,'DATA - 2025 Review'!C:C,'DATA - 2025 Review'!I:I,"") -> 5874.1939 | I115: =_xlfn.XLOOKUP(F115,'DATA - 2025 Review'!C:C,'DATA - 2025 Review'!J:J) -> -0.028237899 | J115: =_xlfn.XLOOKUP(F115,'2025 Finish (ACTUAL)'!$C:$C,'2025 Finish (ACTUAL)'!$D:$D) -> 5799.7777 | K115: -0.039 | L115: =K115*J115 -> -226.19133 | M115: =L115+J115 -> 5573.5864 | N115: -0.039 | O115: =N115*J115 -> -226.19133 | P115: =O115+J115 -> 5573.5864
A116: Yuengling Premium | B116: DG Yuengling Inc | C116: =_xlfn.XLOOKUP(B116,'Brand Managers'!A:A,'Brand Managers'!B:B) -> Perry Calderone | D116: =_xlfn.XLOOKUP(F116,'DATA - Segments'!C:C,'DATA - Segments'!D:D) -> Beer | E116: =_xlfn.XLOOKUP(F116,'DATA - Segments'!C:C,'DATA - Segments'!E:E) -> Beer - Economy | F116: =A116&"|"&B116 -> Yuengling Premium|DG Yuengling Inc | G116: =A116&"|"&B116&"|"&D116&"|"&E116 -> Yuengling Premium|DG Yuengling Inc|Beer|Beer - Economy | H116: =_xlfn.XLOOKUP(F116,'DATA - 2025 Review'!C:C,'DATA - 2025 Review'!I:I,"") -> 4039.268 | I116: =_xlfn.XLOOKUP(F116,'DATA - 2025 Review'!C:C,'DATA - 2025 Review'!J:J) -> -0.11263885 | J116: =_xlfn.XLOOKUP(F116,'2025 Finish (ACTUAL)'!$C:$C,'2025 Finish (ACTUAL)'!$D:$D) -> 4007 | K116: -0.039 | L116: =K116*J116 -> -156.273 | M116: =L116+J116 -> 3850.727 | N116: -0.055 | O116: =N116*J116 -> -220.385 | P116: =O116+J116 -> 3786.615
A117: Yuengling Golden Pilsner | B117: DG Yuengling Inc | C117: =_xlfn.XLOOKUP(B117,'Brand Managers'!A:A,'Brand Managers'!B:B) -> Perry Calderone | D117: =_xlfn.XLOOKUP(F117,'DATA - Segments'!C:C,'DATA - Segments'!D:D) -> Beer | E117: =_xlfn.XLOOKUP(F117,'DATA - Segments'!C:C,'DATA - Segments'!E:E) -> Beer - Economy | F117: =A117&"|"&B117 -> Yuengling Golden Pilsner|DG Yuengling Inc | G117: =A117&"|"&B117&"|"&D117&"|"&E117 -> Yuengling Golden Pilsner|DG Yuengling Inc|Beer|Beer - Economy | H117: =_xlfn.XLOOKUP(F117,'DATA - 2025 Review'!C:C,'DATA - 2025 Review'!I:I,"") -> 2514.7021 | I117: =_xlfn.XLOOKUP(F117,'DATA - 2025 Review'!C:C,'DATA - 2025 Review'!J:J) -> -0.15101212 | J117: =_xlfn.XLOOKUP(F117,'2025 Finish (ACTUAL)'!$C:$C,'2025 Finish (ACTUAL)'!$D:$D) -> 2495 | K117: -0.039 | L117: =K117*J117 -> -97.305 | M117: =L117+J117 -> 2397.695 | N117: -0.07 | O117: =N117*J117 -> -174.65 | P117: =O117+J117 -> 2320.35
A118: Yuengling Premium Light | B118: DG Yuengling Inc | C118: =_xlfn.XLOOKUP(B118,'Brand Managers'!A:A,'Brand Managers'!B:B) -> Perry Calderone | D118: =_xlfn.XLOOKUP(F118,'DATA - Segments'!C:C,'DATA - Segments'!D:D) -> Beer | E118: =_xlfn.XLOOKUP(F118,'DATA - Segments'!C:C,'DATA - Segments'!E:E) -> Beer - Economy | F118: =A118&"|"&B118 -> Yuengling Premium Light|DG Yuengling Inc | G118: =A118&"|"&B118&"|"&D118&"|"&E118 -> Yuengling Premium Light|DG Yuengling Inc|Beer|Beer - Economy | H118: =_xlfn.XLOOKUP(F118,'DATA - 2025 Review'!C:C,'DATA - 2025 Review'!I:I,"") -> 1618.3486 | I118: =_xlfn.XLOOKUP(F118,'DATA - 2025 Review'!C:C,'DATA - 2025 Review'!J:J) -> -0.1437309 | J118: =_xlfn.XLOOKUP(F118,'2025 Finish (ACTUAL)'!$C:$C,'2025 Finish (ACTUAL)'!$D:$D) -> 1605 | K118: -0.039 | L118: =K118*J118 -> -62.595 | M118: =L118+J118 -> 1542.405 | N118: -0.07 | O118: =N118*J118 -> -112.35 | P118: =O118+J118 -> 1492.65
A119: Yuengling Oktoberfest | B119: DG Yuengling Inc | C119: =_xlfn.XLOOKUP(B119,'Brand Managers'!A:A,'Brand Managers'!B:B) -> Perry Calderone | D119: =_xlfn.XLOOKUP(F119,'DATA - Segments'!C:C,'DATA - Segments'!D:D) -> Beer | E119: =_xlfn.XLOOKUP(F119,'DATA - Segments'!C:C,'DATA - Segments'!E:E) -> Beer - Economy | F119: =A119&"|"&B119 -> Yuengling Oktoberfest|DG Yuengling Inc | G119: =A119&"|"&B119&"|"&D119&"|"&E119 -> Yuengling Oktoberfest|DG Yuengling Inc|Beer|Beer - Economy | H119: =_xlfn.XLOOKUP(F119,'DATA - 2025 Review'!C:C,'DATA - 2025 Review'!I:I,"") -> 993.22222 | I119: =_xlfn.XLOOKUP(F119,'DATA - 2025 Review'!C:C,'DATA - 2025 Review'!J:J) -> -0.40683477 | J119: =_xlfn.XLOOKUP(F119,'2025 Finish (ACTUAL)'!$C:$C,'2025 Finish (ACTUAL)'!$D:$D) -> 991.22222 | K119: -0.039 | L119: =K119*J119 -> -38.657666 | M119: =L119+J119 -> 952.56455 | N119: 0 | O119: =N119*J119 -> 0 | P119: =O119+J119 -> 991.22222
...

Sheet 2026 Planning by Sub-Segment
G1: Key | J1: Key
G2: Brewery has a more aggressive goal | J2: Brewery has a more aggressive goal
G3: Kohler has a more aggressive goal | J3: Kohler has a more aggressive goal
B6: Segment | C6: Sub-Segment | D6: 2025 Est Finish | E6: 2026 Brewery % Goal +/- | F6: 2026 Kohler % Goal +/- | G6: Brewery - Kohler % Diff | H6: 2026 Brewery CE Change | I6: 2026 Kohler CE Change | J6: Brewery - Kohler CE Diff
B7: Totals | D7: =SUM(D8:D32) -> 7068821.1 | E7: =H7/D7 -> -0.0065708511 | F7: =I7/D7 -> -0.024658437 | G7: =AVERAGE(G8:G16,G18:G21) -> 0.28918265 | H7: =SUM(H8:H32) -> -46448.171 | I7: =SUM(I8:I32) -> -174306.08 | J7: =SUM(J8:J32) -> 127857.91
B8: Beer | C8: Beer - Import | D8: =SUMIF('2026 Planning by Brand'!$E:$E,'2026 Planning by Brand'!$E$4,'2026 Planning by Brand'!H:H) -> 3525505.5 | E8: =AVERAGEIF('2026 Planning by Brand'!$E:$E,'2026 Planning by Brand'!$E$4,'2026 Planning by Brand'!K:K) -> -0.034654167 | F8: =AVERAGEIF('2026 Planning by Brand'!$E:$E,'2026 Planning by Brand'!$E$4,'2026 Planning by Brand'!N:N) -> -0.034403659 | G8: =E8-F8 -> -0.00025050813 | H8: =SUMIF('2026 Planning by Brand'!$E:$E,'2026 Planning by Brand'!$E$4,'2026 Planning by Brand'!L:L) -> -8467.0827 | I8: =SUMIF('2026 Planning by Brand'!$E:$E,'2026 Planning by Brand'!$E$4,'2026 Planning by Brand'!O:O) -> -75121.087 | J8: =H8-I8 -> 66654.005
B9: Beer | C9: Beer - Premium | D9: =SUMIF('2026 Planning by Brand'!$E:$E,'2026 Planning by Brand'!$E$25,'2026 Planning by Brand'!H:H) -> 1433167 | E9: =AVERAGEIF('2026 Planning by Brand'!$E:$E,'2026 Planning by Brand'!$E$25,'2026 Planning by Brand'!K:K) -> -0.03225 | F9: =AVERAGEIF('2026 Planning by Brand'!$E:$E,'2026 Planning by Brand'!$E$25,'2026 Planning by Brand'!N:N) -> -0.02875 | G9: =E9-F9 -> -0.0035 | H9: =SUMIF('2026 Planning by Brand'!$E:$E,'2026 Planning by Brand'!$E$25,'2026 Planning by Brand'!L:L) -> -58887.91 | I9: =SUMIF('2026 Planning by Brand'!$E:$E,'2026 Planning by Brand'!$E$25,'2026 Planning by Brand'!O:O) -> -58845.731 | J9: =H9-I9 -> -42.178889
B10: Beer | C10: Beer - Economy | D10: =SUMIF('2026 Planning by Brand'!$E:$E,'2026 Planning by Brand'!$E$26,'2026 Planning by Brand'!H:H) -> 438231.58 | E10: =AVERAGEIF('2026 Planning by Brand'!$E:$E,'2026 Planning by Brand'!$E$26,'2026 Planning by Brand'!K:K) -> -0.087103448 | F10: =AVERAGEIF('2026 Planning by Brand'!$E:$E,'2026 Planning by Brand'!$E$26,'2026 Planning by Brand'!N:N) -> -0.090068966 | G10: =E10-F10 -> 0.0029655172 | H10: =SUMIF('2026 Planning by Brand'!$E:$E,'2026 Planning by Brand'!$E$26,'2026 Planning by Brand'!L:L) -> -15390.41 | I10: =SUMIF('2026 Planning by Brand'!$E:$E,'2026 Planning by Brand'!$E$26,'2026 Planning by Brand'!O:O) -> -24641.278 | J10: =H10-I10 -> 9250.8681
B11: Beer | C11: Beer - Craft | D11: =SUMIF('2026 Planning by Brand'!$E:$E,'2026 Planning by Brand'!$E$24,'2026 Planning by Brand'!H:H) -> 795816.78 | E11: =AVERAGEIF('2026 Planning by Brand'!$E:$E,'2026 Planning by Brand'!$E$24,'2026 Planning by Brand'!K:K) -> -0.061688462 | F11: =AVERAGEIF('2026 Planning by Brand'!$E:$E,'2026 Planning by Brand'!$E$24,'2026 Planning by Brand'!N:N) -> -0.11057407 | G11: =E11-F11 -> 0.048885613 | H11: =SUMIF('2026 Planning by Brand'!$E:$E,'2026 Planning by Brand'!$E$24,'2026 Planning by Brand'!L:L) -> -8634.2607 | I11: =SUMIF('2026 Planning by Brand'!$E:$E,'2026 Planning by Brand'!$E$24,'2026 Planning by Brand'!O:O) -> -19776.763 | J11: =H11-I11 -> 11142.502
B12: Beer | C12: Beer - Non-Alc | D12: =SUMIF('2026 Planning by Brand'!$E:$E,'2026 Planning by Brand'!$E$47,'2026 Planning by Brand'!H:H) -> 64650.281 | E12: =AVERAGEIF('2026 Planning by Brand'!$E:$E,'2026 Planning by Brand'!$E$47,'2026 Planning by Brand'!K:K) -> 0.069 | F12: =AVERAGEIF('2026 Planning by Brand'!$E:$E,'2026 Planning by Brand'!$E$47,'2026 Planning by Brand'!N:N) -> 0.053428571 | G12: =E12-F12 -> 0.015571429 | H12: =SUMIF('2026 Planning by Brand'!$E:$E,'2026 Planning by Brand'!$E$47,'2026 Planning by Brand'!L:L) -> 6801.871 | I12: =SUMIF('2026 Planning by Brand'!$E:$E,'2026 Planning by Brand'!$E$47,'2026 Planning by Brand'!O:O) -> 6510.9665 | J12: =H12-I12 -> 290.90441
B13: Beer | C13: Beer - Super Premium | D13: =SUMIF('2026 Planning by Brand'!$E:$E,'2026 Planning by Brand'!$E$36,'2026 Planning by Brand'!H:H) -> 10440.15 | E13: =AVERAGEIF('2026 Planning by Brand'!$E:$E,'2026 Planning by Brand'!$E$36,'2026 Planning by Brand'!K:K) -> -0.026 | F13: =AVERAGEIF('2026 Planning by Brand'!$E:$E,'2026 Planning by Brand'!$E$36,'2026 Planning by Brand'!N:N) -> -0.026 | G13: =E13-F13 -> 0 | H13: =SUMIF('2026 Planning by Brand'!$E:$E,'2026 Planning by Brand'!$E$36,'2026 Planning by Brand'!L:L) -> -274.703 | I13: =SUMIF('2026 Planning by Brand'!$E:$E,'2026 Planning by Brand'!$E$36,'2026 Planning by Brand'!O:O) -> -274.703 | J13: =H13-I13 -> 0
B14: Cider | C14: Cider | D14: =SUMIF('2026 Planning by Brand'!$E:$E,'2026 Planning by Brand'!$E$70,'2026 Planning by Brand'!H:H) -> 80279.239 | E14: =AVERAGEIF('2026 Planning by Brand'!$E:$E,'2026 Planning by Brand'!$E$70,'2026 Planning by Brand'!K:K) -> 0.0155 | F14: =AVERAGEIF('2026 Planning by Brand'!$E:$E,'2026 Planning by Brand'!$E$70,'2026 Planning by Brand'!N:N) -> -0.051 | G14: =E14-F14 -> 0.0665 | H14: =SUMIF('2026 Planning by Brand'!$E:$E,'2026 Planning by Brand'!$E$70,'2026 Planning by Brand'!L:L) -> -1160.466 | I14: =SUMIF('2026 Planning by Brand'!$E:$E,'2026 Planning by Brand'!$E$70,'2026 Planning by Brand'!O:O) -> 1102.1027 | J14: =H14-I14 -> -2262.5687 | K14: We have big % discrepancy for: Doc's
B15: FMB | C15: FMB | D15: =SUMIF('2026 Planning by Brand'!$E:$E,'2026 Planning by Brand'!$E$44,'2026 Planning by Brand'!H:H) -> 237577.33 | E15: =AVERAGEIF('2026 Planning by Brand'!$E:$E,'2026 Planning by Brand'!$E$44,'2026 Planning by Brand'!K:K) -> 0.35592857 | F15: =AVERAGEIF('2026 Planning by Brand'!$E:$E,'2026 Planning by Brand'!$E$44,'2026 Planning by Brand'!N:N) -> 0.22432143 | G15: =E15-F15 -> 0.13160714 | H15: =SUMIF('2026 Planning by Brand'!$E:$E,'2026 Planning by Brand'!$E$44,'2026 Planning by Brand'!L:L) -> -19154.884 | I15: =SUMIF('2026 Planning by Brand'!$E:$E,'2026 Planning by Brand'!$E$44,'2026 Planning by Brand'!O:O) -> -25970.269 | J15: =H15-I15 -> 6815.3854
B16: Non-Alc | C16: Non-Alc - Energy | D16: =SUMIF('2026 Planning by Brand'!$E:$E,'2026 Planning by Brand'!$E$221,'2026 Planning by Brand'!H:H) -> 7223.3167 | E16: =AVERAGEIF('2026 Planning by Brand'!$E:$E,'2026 Planning by Brand'!$E$221,'2026 Planning by Brand'!K:K) -> 0.06 | F16: =AVERAGEIF('2026 Planning by Brand'!$E:$E,'2026 Planning by Brand'!$E$221,'2026 Planning by Brand'!N:N) -> 0.06 | G16: =E16-F16 -> 0 | H16: =SUMIF('2026 Planning by Brand'!$E:$E,'2026 Planning by Brand'!$E$221,'2026 Planning by Brand'!L:L) -> 426.3884 | I16: =SUMIF('2026 Planning by Brand'!$E:$E,'2026 Planning by Brand'!$E$221,'2026 Planning by Brand'!O:O) -> 426.3884 | J16: =H16-I16 -> 0
B17: Non-Alc | C17: Non-Alc - Water | D17: =SUMIF('2026 Planning by Brand'!$E:$E,'2026 Planning by Brand'!$E$233,'2026 Planning by Brand'!H:H) -> 6689.2372 | E17: =AVERAGEIF('2026 Planning by Brand'!$E:$E,'2026 Planning by Brand'!$E$233,'2026 Planning by Brand'!K:K) -> #DIV/0! | F17: =AVERAGEIF('2026 Planning by Brand'!$E:$E,'2026 Planning by Brand'!$E$233,'2026 Planning by Brand'!N:N) -> 0 | G17: =E17-F17 -> #DIV/0! | H17: =SUMIF('2026 Planning by Brand'!$E:$E,'2026 Planning by Brand'!$E$233,'2026 Planning by Brand'!L:L) -> 0 | I17: =SUMIF('2026 Planning by Brand'!$E:$E,'2026 Planning by Brand'!$E$233,'2026 Planning by Brand'!O:O) -> 0 | J17: =H17-I17 -> 0
B18: Non-Alc | C18: Non-Alc - Soda | D18: =SUMIF('2026 Planning by Brand'!$E:$E,'2026 Planning by Brand'!$E$55,'2026 Planning by Brand'!H:H) -> 3464.1849 | E18: =AVERAGEIF('2026 Planning by Brand'!$E:$E,'2026 Planning by Brand'!$E$55,'2026 Planning by Brand'!K:K) -> 1.4233333 | F18: =AVERAGEIF('2026 Planning by Brand'!$E:$E,'2026 Planning by Brand'!$E$55,'2026 Planning by Brand'!N:N) -> 0.16666667 | G18: =E18-F18 -> 1.2566667 | H18: =SUMIF('2026 Planning by Brand'!$E:$E,'2026 Planning by Brand'!$E$55,'2026 Planning by Brand'!L:L) -> 21734.891 | I18: =SUMIF('2026 Planning by Brand'!$E:$E,'2026 Planning by Brand'!$E$55,'2026 Planning by Brand'!O:O) -> 8650.2639 | J18: =H18-I18 -> 13084.627
B19: Non-Alc | C19: Non-Alc – Mixer | D19: =SUMIF('2026 Planning by Brand'!$E:$E,'2026 Planning by Brand'!$E$331,'2026 Planning by Brand'!H:H) -> 306.63963 | E19: =AVERAGEIF('2026 Planning by Brand'!$E:$E,'2026 Planning by Brand'!$E$331,'2026 Planning by Brand'!K:K) -> 1.625 | F19: =AVERAGEIF('2026 Planning by Brand'!$E:$E,'2026 Planning by Brand'!$E$331,'2026 Planning by Brand'!N:N) -> -0.375 | G19: =E19-F19 -> 2 | H19: =SUMIF('2026 Planning by Brand'!$E:$E,'2026 Planning by Brand'!$E$331,'2026 Planning by Brand'!L:L) -> 158.76018 | I19: =SUMIF('2026 Planning by Brand'!$E:$E,'2026 Planning by Brand'!$E$331,'2026 Planning by Brand'!O:O) -> -81.239945 | J19: =H19-I19 -> 240.00012
B20: RTD | C20: RTD | D20: =SUMIF('2026 Planning by Brand'!$E:$E,'2026 Planning by Brand'!$E$18,'2026 Planning by Brand'!H:H) -> 102278.72 | E20: =AVERAGEIF('2026 Planning by Brand'!$E:$E,'2026 Planning by Brand'!$E$18,'2026 Planning by Brand'!K:K) -> 1.9070714 | F20: =AVERAGEIF('2026 Planning by Brand'!$E:$E,'2026 Planning by Brand'!$E$18,'2026 Planning by Brand'!N:N) -> 1.6746429 | G20: =E20-F20 -> 0.23242857 | H20: =SUMIF('2026 Planning by Brand'!$E:$E,'2026 Planning by Brand'!$E$18,'2026 Planning by Brand'!L:L) -> 72048.615 | I20: =SUMIF('2026 Planning by Brand'!$E:$E,'2026 Planning by Brand'!$E$18,'2026 Planning by Brand'!O:O) -> 48080.369 | J20: =H20-I20 -> 23968.246
B21: Seltzer | C21: Seltzer | D21: =SUMIF('2026 Planning by Brand'!$E:$E,'2026 Planning by Brand'!$E$80,'2026 Planning by Brand'!H:H) -> 336213.79 | E21: =AVERAGEIF('2026 Planning by Brand'!$E:$E,'2026 Planning by Brand'!$E$80,'2026 Planning by Brand'!K:K) -> -0.3085 | F21: =AVERAGEIF('2026 Planning by Brand'!$E:$E,'2026 Planning by Brand'!$E$80,'2026 Planning by Brand'!N:N) -> -0.317 | G21: =E21-F21 -> 0.0085 | H21: =SUMIF('2026 Planning by Brand'!$E:$E,'2026 Planning by Brand'!$E$80,'2026 Planning by Brand'!L:L) -> -35648.98 | I21: =SUMIF('2026 Planning by Brand'!$E:$E,'2026 Planning by Brand'!$E$80,'2026 Planning by Brand'!O:O) -> -42943.262 | J21: =H21-I21 -> 7294.2815
B22: Spirits | C22: Spirits - Vodka | D22: =SUMIF('2026 Planning by Brand'!$E:$E,'2026 Planning by Brand'!$E$215,'2026 Planning by Brand'!H:H) -> 16986.597 | E22: =AVERAGEIF('2026 Planning by Brand'!$E:$E,'2026 Planning by Brand'!$E$215,'2026 Planning by Brand'!K:K) -> #DIV/0! | F22: =AVERAGEIF('2026 Planning by Brand'!$E:$E,'2026 Planning by Brand'!$E$215,'2026 Planning by Brand'!N:N) -> 0.67 | G22: =E22-F22 -> #DIV/0! | H22: =SUMIF('2026 Planning by Brand'!$E:$E,'2026 Planning by Brand'!$E$215,'2026 Planning by Brand'!L:L) -> 0 | I22: =SUMIF('2026 Planning by Brand'!$E:$E,'2026 Planning by Brand'!$E$215,'2026 Planning by Brand'!O:O) -> 772.29624 | J22: =H22-I22 -> -772.29624
B23: Spirits | C23: Spirits - Whiskey | D23: =SUMIF('2026 Planning by Brand'!$E:$E,'2026 Planning by Brand'!$E$343,'2026 Planning by Brand'!H:H) -> 866.00649 | E23: =AVERAGEIF('2026 Planning by Brand'!$E:$E,'2026 Planning by Brand'!$E$343,'2026 Planning by Brand'!K:K) -> #DIV/0! | F23: =AVERAGEIF('2026 Planning by Brand'!$E:$E,'2026 Planning by Brand'!$E$343,'2026 Planning by Brand'!N:N) -> 0.83333333 | G23: =E23-F23 -> #DIV/0! | H23: =SUMIF('2026 Planning by Brand'!$E:$E,'2026 Planning by Brand'!$E$343,'2026 Planning by Brand'!L:L) -> 0 | I23: =SUMIF('2026 Planning by Brand'!$E:$E,'2026 Planning by Brand'!$E$343,'2026 Planning by Brand'!O:O) -> 274.00487 | J23: =H23-I23 -> -274.00487
B24: Spirits | C24: Spirits - Other | D24: =SUMIF('2026 Planning by Brand'!$E:$E,'2026 Planning by Brand'!$E$297,'2026 Planning by Brand'!H:H) -> 460.74997 | E24: =AVERAGEIF('2026 Planning by Brand'!$E:$E,'2026 Planning by Brand'!$E$297,'2026 Planning by Brand'!K:K) -> #DIV/0! | F24: =AVERAGEIF('2026 Planning by Brand'!$E:$E,'2026 Planning by Brand'!$E$297,'2026 Planning by Brand'!N:N) -> 1.26 | G24: =E24-F24 -> #DIV/0! | H24: =SUMIF('2026 Planning by Brand'!$E:$E,'2026 Planning by Brand'!$E$297,'2026 Planning by Brand'!L:L) -> 0 | I24: =SUMIF('2026 Planning by Brand'!$E:$E,'2026 Planning by Brand'!$E$297,'2026 Planning by Brand'!O:O) -> 101.6964 | J24: =H24-I24 -> -101.6964
B25: Spirits | C25: Spirits - Gin | D25: =SUMIF('2026 Planning by Brand'!$E:$E,'2026 Planning by Brand'!$E$191,'2026 Planning by Brand'!H:H) -> 27.625 | E25: =AVERAGEIF('2026 Planning by Brand'!$E:$E,'2026 Planning by Brand'!$E$191,'2026 Planning by Brand'!K:K) -> #DIV/0! | F25: =AVERAGEIF('2026 Planning by Brand'!$E:$E,'2026 Planning by Brand'!$E$191,'2026 Planning by Brand'!N:N) -> 1.6666667 | G25: =E25-F25 -> #DIV/0! | H25: =SUMIF('2026 Planning by Brand'!$E:$E,'2026 Planning by Brand'!$E$191,'2026 Planning by Brand'!L:L) -> 0 | I25: =SUMIF('2026 Planning by Brand'!$E:$E,'2026 Planning by Brand'!$E$191,'2026 Planning by Brand'!O:O) -> 80.499952 | J25: =H25-I25 -> -80.499952
B26: Spirits | C26: Spirits - Brandy | D26: =SUMIF('2026 Planning by Brand'!$E:$E,'2026 Planning by Brand'!$E$466,'2026 Planning by Brand'!H:H) -> 8 | E26: =AVERAGEIF('2026 Planning by Brand'!$E:$E,'2026 Planning by Brand'!$E$466,'2026 Planning by Brand'!K:K) -> #DIV/0! | F26: =AVERAGEIF('2026 Planning by Brand'!$E:$E,'2026 Planning by Brand'!$E$466,'2026 Planning by Brand'!N:N) -> #DIV/0! | G26: =E26-F26 -> #DIV/0! | H26: =SUMIF('2026 Planning by Brand'!$E:$E,'2026 Planning by Brand'!$E$466,'2026 Planning by Brand'!L:L) -> 0 | I26: =SUMIF('2026 Planning by Brand'!$E:$E,'2026 Planning by Brand'!$E$466,'2026 Planning by Brand'!O:O) -> 0 | J26: =H26-I26 -> 0
B27: Spirits | C27: Spirits - Tequila | D27: =SUMIF('2026 Planning by Brand'!$E:$E,'2026 Planning by Brand'!$E$368,'2026 Planning by Brand'!H:H) -> 13.736465 | E27: =AVERAGEIF('2026 Planning by Brand'!$E:$E,'2026 Planning by Brand'!$E$368,'2026 Planning by Brand'!K:K) -> #DIV/0! | F27: =AVERAGEIF('2026 Planning by Brand'!$E:$E,'2026 Planning by Brand'!$E$368,'2026 Planning by Brand'!N:N) -> 2.6666667 | G27: =E27-F27 -> #DIV/0! | H27: =SUMIF('2026 Planning by Brand'!$E:$E,'2026 Planning by Brand'!$E$368,'2026 Planning by Brand'!L:L) -> 0 | I27: =SUMIF('2026 Planning by Brand'!$E:$E,'2026 Planning by Brand'!$E$368,'2026 Planning by Brand'!O:O) -> 35.50389 | J27: =H27-I27 -> -35.50389
B28: THC | C28: THC | D28: =SUMIF('2026 Planning by Brand'!$E:$E,'2026 Planning by Brand'!$E$354,'2026 Planning by Brand'!H:H) -> 7634.667 | E28: =AVERAGEIF('2026 Planning by Brand'!$E:$E,'2026 Planning by Brand'!$E$354,'2026 Planning by Brand'!K:K) -> #DIV/0! | F28: =AVERAGEIF('2026 Planning by Brand'!$E:$E,'2026 Planning by Brand'!$E$354,'2026 Planning by Brand'!N:N) -> 4.3690476 | G28: =E28-F28 -> #DIV/0! | H28: =SUMIF('2026 Planning by Brand'!$E:$E,'2026 Planning by Brand'!$E$354,'2026 Planning by Brand'!L:L) -> 0 | I28: =SUMIF('2026 Planning by Brand'!$E:$E,'2026 Planning by Brand'!$E$354,'2026 Planning by Brand'!O:O) -> 6158.5041 | J28: =H28-I28 -> -6158.5041
B29: Wine | C29: Wine - Other | D29: =SUMIF('2026 Planning by Brand'!$E:$E,'2026 Planning by Brand'!$E$337,'2026 Planning by Brand'!H:H) -> 781.99498 | E29: =AVERAGEIF('2026 Planning by Brand'!$E:$E,'2026 Planning by Brand'!$E$337,'2026 Planning by Brand'!K:K) -> #DIV/0! | F29: =AVERAGEIF('2026 Planning by Brand'!$E:$E,'2026 Planning by Brand'!$E$337,'2026 Planning by Brand'!N:N) -> 0.083333333 | G29: =E29-F29 -> #DIV/0! | H29: =SUMIF('2026 Planning by Brand'!$E:$E,'2026 Planning by Brand'!$E$337,'2026 Planning by Brand'!L:L) -> 0 | I29: =SUMIF('2026 Planning by Brand'!$E:$E,'2026 Planning by Brand'!$E$337,'2026 Planning by Brand'!O:O) -> 27.843729 | J29: =H29-I29 -> -27.843729
B30: Wine | C30: Wine - White | D30: =SUMIF('2026 Planning by Brand'!$E:$E,'2026 Planning by Brand'!$E$296,'2026 Planning by Brand'!H:H) -> 174.78572 | E30: =AVERAGEIF('2026 Planning by Brand'!$E:$E,'2026 Planning by Brand'!$E$296,'2026 Planning by Brand'!K:K) -> #DIV/0! | F30: =AVERAGEIF('2026 Planning by Brand'!$E:$E,'2026 Planning by Brand'!$E$296,'2026 Planning by Brand'!N:N) -> 9.82 | G30: =E30-F30 -> #DIV/0! | H30: =SUMIF('2026 Planning by Brand'!$E:$E,'2026 Planning by Brand'!$E$296,'2026 Planning by Brand'!L:L) -> 0 | I30: =SUMIF('2026 Planning by Brand'!$E:$E,'2026 Planning by Brand'!$E$296,'2026 Planning by Brand'!O:O) -> 563.42604 | J30: =H30-I30 -> -563.42604
B31: Wine | C31: Wine - Red | D31: =SUMIF('2026 Planning by Brand'!$E:$E,'2026 Planning by Brand'!$E$367,'2026 Planning by Brand'!H:H) -> 19.972198 | E31: =AVERAGEIF('2026 Planning by Brand'!$E:$E,'2026 Planning by Brand'!$E$367,'2026 Planning by Brand'!K:K) -> #DIV/0! | F31: =AVERAGEIF('2026 Planning by Brand'!$E:$E,'2026 Planning by Brand'!$E$367,'2026 Planning by Brand'!N:N) -> 8 | G31: =E31-F31 -> #DIV/0! | H31: =SUMIF('2026 Planning by Brand'!$E:$E,'2026 Planning by Brand'!$E$367,'2026 Planning by Brand'!L:L) -> 0 | I31: =SUMIF('2026 Planning by Brand'!$E:$E,'2026 Planning by Brand'!$E$367,'2026 Planning by Brand'!O:O) -> 516.83529 | J31: =H31-I31 -> -516.83529
B32: Wine | C32: Wine - Rose | D32: =SUMIF('2026 Planning by Brand'!$E:$E,'2026 Planning by Brand'!$E$398,'2026 Planning by Brand'!H:H) -> 3.170064 | E32: =AVERAGEIF('2026 Planning by Brand'!$E:$E,'2026 Planning by Brand'!$E$398,'2026 Planning by Brand'!K:K) -> #DIV/0! | F32: =AVERAGEIF('2026 Planning by Brand'!$E:$E,'2026 Planning by Brand'!$E$398,'2026 Planning by Brand'!N:N) -> 15 | G32: =E32-F32 -> #DIV/0! | H32: =SUMIF('2026 Planning by Brand'!$E:$E,'2026 Planning by Brand'!$E$398,'2026 Planning by Brand'!L:L) -> 0 | I32: =SUMIF('2026 Planning by Brand'!$E:$E,'2026 Planning by Brand'!$E$398,'2026 Planning by Brand'!O:O) -> 47.55096 | J32: =H32-I32 -> -47.55096

Sheet 2025 Finish (ACTUAL)
A1: Supplier / Brand Family | B1: Supplier | D1: Case Equiv 1/1/2025 - 12/31/2025
A2: Total | C2: =A2&"|"&B2 -> Total| | D2: 7067012.3
A3: Constellation Brands | C3: =A3&"|"&B3 -> Constellation Brands| | D3: 2631932.7
A4: Corona Extra | B4: Constellation Brands | C4: =A4&"|"&B4 -> Corona Extra|Constellation Brands | D4: 1217068.1
A5: Modelo Especial | B5: Constellation Brands | C5: =A5&"|"&B5 -> Modelo Especial|Constellation Brands | D5: 1061492.6
A6: Modelo Chelada | B6: Constellation Brands | C6: =A6&"|"&B6 -> Modelo Chelada|Constellation Brands | D6: 86203.667
A7: Victoria | B7: Constellation Brands | C7: =A7&"|"&B7 -> Victoria|Constellation Brands | D7: 62550.664
A8: Corona Light | B8: Constellation Brands | C8: =A8&"|"&B8 -> Corona Light|Constellation Brands | D8: 49496
A9: Corona Familiar | B9: Constellation Brands | C9: =A9&"|"&B9 -> Corona Familiar|Constellation Brands | D9: 35513.661
A10: Corona Premier | B10: Constellation Brands | C10: =A10&"|"&B10 -> Corona Premier|Constellation Brands | D10: 33624.306
A11: Pacifico | B11: Constellation Brands | C11: =A11&"|"&B11 -> Pacifico|Constellation Brands | D11: 33530.222
A12: Modelo Negra | B12: Constellation Brands | C12: =A12&"|"&B12 -> Modelo Negra|Constellation Brands | D12: 25034.555
A13: Corona Sunbrew | B13: Constellation Brands | C13: =A13&"|"&B13 -> Corona Sunbrew|Constellation Brands | D13: 9386
A14: Corona NA | B14: Constellation Brands | C14: =A14&"|"&B14 -> Corona NA|Constellation Brands | D14: 8481
A15: Modelo Oro | B15: Constellation Brands | C15: =A15&"|"&B15 -> Modelo Oro|Constellation Brands | D15: 5453
... A19: The Drop | B19: Constellation Brands | C19: =A19&"|"&B19 -> The Drop|Constellation Brands | D19: 365
A20: MolsonCoors Beverage Company | C20: =A20&"|"&B20 -> MolsonCoors Beverage Company| | D20: 1864356.1
A21: Coors Light | B21: MolsonCoors Beverage Company | C21: =A21&"|"&B21 -> Coors Light|MolsonCoors Beverage Company | D21: 792237.3
A22: Lite | B22: MolsonCoors Beverage Company | C22: =A22&"|"&B22 -> Lite|MolsonCoors Beverage Company | D22: 514391.6
A23: Blue Moon | B23: MolsonCoors Beverage Company | C23: =A23&"|"&B23 -> Blue Moon|MolsonCoors Beverage Company | D23: 123103.9
A24: Coors | B24: MolsonCoors Beverage Company | C24: =A24&"|"&B24 -> Coors|MolsonCoors Beverage Company | D24: 112534.69
A25: Miller High Life | B25: MolsonCoors Beverage Company | C25: =A25&"|"&B25 -> Miller High Life|MolsonCoors Beverage Company | D25: 66734.691
A26: Peroni | B26: MolsonCoors Beverage Company | C26: =A26&"|"&B26 -> Peroni|MolsonCoors Beverage Company | D26: 57382.712
A27: Fosters | B27: MolsonCoors Beverage Company | C27: =A27&"|"&B27 -> Fosters|MolsonCoors Beverage Company | D27: 22845.126
A28: Tyskie Gronie | B28: MolsonCoors Beverage Company | C28: =A28&"|"&B28 -> Tyskie Gronie|MolsonCoors Beverage Company | D28: 19094.721
A29: Arnold Palmer | B29: MolsonCoors Beverage Company | C29: =A29&"|"&B29 -> Arnold Palmer|MolsonCoors Beverage Company | D29: 17932
A30: Leinenkugel | B30: MolsonCoors Beverage Company | C30: =A30&"|"&B30 -> Leinenkugel|MolsonCoors Beverage Company | D30: 17664.34
A31: Keystone | B31: MolsonCoors Beverage Company | C31: =A31&"|"&B31 -> Keystone|MolsonCoors Beverage Company | D31: 14746.5
A32: Steel Reserve | B32: MolsonCoors Beverage Company | C32: =A32&"|"&B32 -> Steel Reserve|MolsonCoors Beverage Company | D32: 13417.249
... A55: Steel Reserve Alloy Series | B55: MolsonCoors Beverage Company | C55: =A55&"|"&B55 -> Steel Reserve Alloy Series|MolsonCoors Beverage Company | D55: 10
A56: Heineken USA | C56: =A56&"|"&B56 -> Heineken USA| | D56: 538278.18
A57: Heineken USA | B57: Heineken USA | C57: =A57&"|"&B57 -> Heineken USA|Heineken USA | D57: 427765.62
A58: Heineken Light | B58: Heineken USA | C58: =A58&"|"&B58 -> Heineken Light|Heineken USA | D58: 35718
A59: Heineken 0.0 | B59: Heineken USA | C59: =A59&"|"&B59 -> Heineken 0.0|Heineken USA | D59: 26535.735
A60: Amstel | B60: Heineken USA | C60: =A60&"|"&B60 -> Amstel|Heineken USA | D60: 13528
A61: Tecate | B61: Heineken USA | C61: =A61&"|"&B61 -> Tecate|Heineken USA | D61: 11132
A62: Dos Equis | B62: Heineken USA | C62: =A62&"|"&B62 -> Dos Equis|Heineken USA | D62: 8335.8889
A63: Red Stripe | B63: Heineken USA | C63: =A63&"|"&B63 -> Red Stripe|Heineken USA | D63: 7300.5711
A64: Heineken Silver | B64: Heineken USA | C64: =A64&"|"&B64 -> Heineken Silver|Heineken USA | D64: 3651
A65: Murphy's | B65: Heineken USA | C65: =A65&"|"&B65 -> Murphy's|Heineken USA | D65: 1656.9936
A66: Carta Blanca | B66: Heineken USA | C66: =A66&"|"&B66 -> Carta Blanca|Heineken USA | D66: 926.99982
A67: Prestige Lager | B67: Heineken USA | C67: =A67&"|"&B67 -> Prestige Lager|Heineken USA | D67: 690
A68: Strongbow | B68: Heineken USA | C68: =A68&"|"&B68 -> Strongbow|Heineken USA | D68: 674.36822
... A70: Newcastle | B70: Heineken USA | C70: =A70&"|"&B70 -> Newcastle|Heineken USA | D70: 62
A71: Boston Beer Company | C71: =A71&"|"&B71 -> Boston Beer Company| | D71: 413391.58
A72: Samuel Adams | B72: Boston Beer Company | C72: =A72&"|"&B72 -> Samuel Adams|Boston Beer Company | D72: 120172.4
A73: Twisted Tea | B73: Boston Beer Company | C73: =A73&"|"&B73 -> Twisted Tea|Boston Beer Company | D73: 106786.28
A74: Sun Cruiser | B74: Boston Beer Company | C74: =A74&"|"&B74 -> Sun Cruiser|Boston Beer Company | D74: 57902.5
A75: Angry Orchard | B75: Boston Beer Company | C75: =A75&"|"&B75 -> Angry Orchard|Boston Beer Company | D75: 41571.357
A76: Dogfish Head Beer | B76: Boston Beer Company | C76: =A76&"|"&B76 -> Dogfish Head Beer|Boston Beer Company | D76: 38432.646
A77: Truly | B77: Boston Beer Company | C77: =A77&"|"&B77 -> Truly|Boston Beer Company | D77: 36610.722
A78: Dogfish Head Spirits | B78: Boston Beer Company | C78: =A78&"|"&B78 -> Dogfish Head Spirits|Boston Beer Company | D78: 6293.6803
A79: Hard Mountain Dew | B79: Boston Beer Company | C79: =A79&"|"&B79 -> Hard Mountain Dew|Boston Beer Company | D79: 5622
A80: Coney Island | B80: Boston Beer Company | C80: =A80&"|"&B80 -> Coney Island|Boston Beer Company | D80: 0
A81: Mark Anthony | C81: =A81&"|"&B81 -> Mark Anthony| | D81: 379751.78
A82: White Claw | B82: Mark Anthony | C82: =A82&"|"&B82 -> White Claw|Mark Anthony | D82: 299633.2
A83: Mike's Hard Lemonade | B83: Mark Anthony | C83: =A83&"|"&B83 -> Mike's Hard Lemonade|Mark Anthony | D83: 35553.322
A84: Cayman Jack | B84: Mark Anthony | C84: =A84&"|"&B84 -> Cayman Jack|Mark Anthony | D84: 29725.012
A85: Mike's Harder | B85: Mark Anthony | C85: =A85&"|"&B85 -> Mike's Harder|Mark Anthony | D85: 11123.587
A86: Mxd Cocktails | B86: Mark Anthony | C86: =A86&"|"&B86 -> Mxd Cocktails|Mark Anthony | D86: 3086.6659
A87: Dillon's Cocktails | B87: Mark Anthony | C87: =A87&"|"&B87 -> Dillon's Cocktails|Mark Anthony | D87: 630
A88: Pabst Brewing Company | C88: =A88&"|"&B88 -> Pabst Brewing Company| | D88: 259515.94
A89: Pabst Brand | B89: Pabst Brewing Company | C89: =A89&"|"&B89 -> Pabst Brand|Pabst Brewing Company | D89: 152594.92
A90: Pabst Light | B90: Pabst Brewing Company | C90: =A90&"|"&B90 -> Pabst Light|Pabst Brewing Company | D90: N/A
A91: Colt 45 | B91: Pabst Brewing Company | C91: =A91&"|"&B91 -> Colt 45|Pabst Brewing Company | D91: 32732.236
A92: St Ides | B92: Pabst Brewing Company | C92: =A92&"|"&B92 -> St Ides|Pabst Brewing Company | D92: 16196.976
A93: Old Milwaukee | B93: Pabst Brewing Company | C93: =A93&"|"&B93 -> Old Milwaukee|Pabst Brewing Company | D93: 15879.247
A94: Jack Daniels Country Cocktails | B94: Pabst Brewing Company | C94: =A94&"|"&B94 -> Jack Daniels Country Cocktails|Pabst Brewing Company | D94: 13310.684
A95: Schlitz Malt | B95: Pabst Brewing Company | C95: =A95&"|"&B95 -> Schlitz Malt|Pabst Brewing Company | D95: 9554.2069
A96: Pabst Light | B96: Pabst Brewing Company | C96: =A96&"|"&B96 -> Pabst Light|Pabst Brewing Company | D96: 5774.6663
A97: Schaefer | B97: Pabst Brewing Company | C97: =A97&"|"&B97 -> Schaefer|Pabst Brewing Company | D97: 4813.75
A98: Country Club | B98: Pabst Brewing Company | C98: =A98&"|"&B98 -> Country Club|Pabst Brewing Company | D98: 3375.9992
A99: Small Town | B99: Pabst Brewing Company | C99: =A99&"|"&B99 -> Small Town|Pabst Brewing Company | D99: 1867
A100: Lone Star | B100: Pabst Brewing Company | C100: =A100&"|"&B100 -> Lone Star|Pabst Brewing Company | D100: 1161
A101: New Holland Brewing Co | B101: Pabst Brewing Company | C101: =A101&"|"&B101 -> New Holland Brewing Co|Pabst Brewing Company | D101: 1084.9444
A102: EL Jimador | B102: Pabst Brewing Company | C102: =A102&"|"&B102 -> EL Jimador|Pabst Brewing Company | D102: 684.97936
A103: Ballantine Ale | B103: Pabst Brewing Company | C103: =A103&"|"&B103 -> Ballantine Ale|Pabst Brewing Company | D103: 485.33333
A104: DG Yuengling Inc | C104: =A104&"|"&B104 -> DG Yuengling Inc| | D104: 221388.92
A105: Yuengling Lager | B105: DG Yuengling Inc | C105: =A105&"|"&B105 -> Yuengling Lager|DG Yuengling Inc | D105: 189518.61
A106: Yuengling Flight | B106: DG Yuengling Inc | C106: =A106&"|"&B106 -> Yuengling Flight|DG Yuengling Inc | D106: 9035.3055
A107: Yuengling Light Lager | B107: DG Yuengling Inc | C107: =A107&"|"&B107 -> Yuengling Light Lager|DG Yuengling Inc | D107: 7554
A108: Yuengling Black & Tan | B108: DG Yuengling Inc | C108: =A108&"|"&B108 -> Yuengling Black & Tan|DG Yuengling Inc | D108: 5799.7777
A109: Yuengling Premium | B109: DG Yuengling Inc | C109: =A109&"|"&B109 -> Yuengling Premium|DG Yuengling Inc | D109: 4007
A110: Yuengling Golden Pilsner | B110: DG Yuengling Inc | C110: =A110&"|"&B110 -> Yuengling Golden Pilsner|DG Yuengling Inc | D110: 2495
A111: Yuengling Premium Light | B111: DG Yuengling Inc | C111: =A111&"|"&B111 -> Yuengling Premium Light|DG Yuengling Inc | D111: 1605
A112: Yuengling Oktoberfest | B112: DG Yuengling Inc | C112: =A112&"|"&B112 -> Yuengling Oktoberfest|DG Yuengling Inc | D112: 991.22222
A113: Dg Yuengling Inc | B113: DG Yuengling Inc | C113: =A113&"|"&B113 -> Dg Yuengling Inc|DG Yuengling Inc | D113: 383
A114: Sapporo | C114: =A114&"|"&B114 -> Sapporo| | D114: 82349.751
A115: Sapporo | B115: Sapporo | C115: =A115&"|"&B115 -> Sapporo|Sapporo | D115: 82349.751
A116: New Belgium Brewing Company | C116: =A116&"|"&B116 -> New Belgium Brewing Company| | D116: 62522.928
A117: Voodoo Family | B117: New Belgium Brewing Company | C117: =A117&"|"&B117 -> Voodoo Family|New Belgium Brewing Company | D117: 43686.542
A118: New Belgium Brewing Company | B118: New Belgium Brewing Company | C118: =A118&"|"&B118 -> New Belgium Brewing Company|New Belgium Brewing Company | D118: 3838.2222
A119: Voodoo Hardcharged | B119: New Belgium Brewing Company | C119: =A119&"|"&B119 -> Voodoo Hardcharged|New Belgium Brewing Company | D119: 2198
A120: Lightstrike | B120: New Belgium Brewing Company | C120: =A120&"|"&B120 -> Lightstrike|New Belgium Brewing Company | D120: 368.98325
A121: Kirin Light | B121: New Belgium Brewing Company | C121: =A121&"|"&B121 -> Kirin Light|New Belgium Brewing Company | D121: 257
A122: Fat Tire Family | B122: New Belgium Brewing Company | C122: =A122&"|"&B122 -> Fat Tire Family|New Belgium Brewing Company | D122: 7843.125
A123: Kirin Ichiban | C123: =A123&"|"&B123 -> Kirin Ichiban| | D123: 4331.0556
A124: Kirin Light | B124: Kirin Ichiban | C124: =A124&"|"&B124 -> Kirin Light|Kirin Ichiban | D124: 226
A125: Kirin Ichiban | B125: Kirin Ichiban | C125: =A125&"|"&B125 -> Kirin Ichiban|Kirin Ichiban | D125: 3074.28
A126: Sierra Nevada Brewing Company | C126: =A126&"|"&B126 -> Sierra Nevada Brewing Company| | D126: 47490.637
...

Sheet Brand Managers
A1: Supplier | B1: Brand Manager
A2: 2 Towns Ciderhouse | B2: Chris Politano
A3: Alias Brew Works | B3: Sean Donahue
A4: Alte Beverage | B4: Jason Koo
A5: American Fruits | B5: Tom Gibbons
A6: Artisanal Imports | B6: Steve Halloran
A7: Athletic Brewing Company | B7: Dan Downing
A8: Bardstown Bourbon Co | B8: Jason Koo
A9: Barn Brew Co | B9: Sean Donahue
A10: Beak & Skiff | B10: Steve Halloran
A11: Bell's | B11: Chris Politano
A12: Bella Ray Beverage | B12: Jason Koo
A13: Berczy LLC
A14: BJ'S Private Label Brew | B14: Sean Donahue
A15: Blaze Life LLC | B15: Jason Koo
A16: Bold Rock Hard Cider | B16: Sean Donahue
A17: Boston Beer Company | B17: Chris Politano
A18: Brewt's LLC | B18: Chris Politano
A19: Buzbee's Beverages USA LLC | B19: Chris Politano
A20: Cape May | B20: Sean Donahue
A21: Caravella Inc | B21: Jason Koo
A22: Cavalier Ventures, LLC | B22: Chris Politano
A23: Cerveceria La Tropical | B23: Steve Halloran
A24: Chateau Diana Winery | B24: Jason Koo
A25: Citizen Cider | B25: Tom Gibbons
... A38: Emergent Beverage Partners | B38: Jason Koo
A39: Ever Grand Group LLC
A40: Evil Genius | B40: Sean Donahue
A41: Famosa | B41: Tom Gibbons
A42: FIFCO | B42: Dan Downing
A43: Florida Caribbean Distillers LLC
A44: Flying Fish | B44: Sean Donahue
A45: Food & Bev Enterprise LLC | B45: Denise Montes
A46: Forged Irish Stout | B46: Chris Politano
A47: FX Matt | B47: Tom Gibbons
A48: Gambrinus Imports | B48: Perry Calderone
A49: Garage Beer | B49: Sean Donahue
A50: Gigli
A51: Global Beer | B51: Perry Calderone
A52: Global Village Imp. | B52: Dan Downing
A53: Great Lakes | B53: Tom Gibbons
A54: GUSH INC
A55: Harpoon Brewery | B55: Tom Gibbons
A56: Heineken USA | B56: Perry Calderone
A57: Hofbrauhaus USA | B57: Tom Gibbons
A58: HOP WTR | B58: Steve Halloran
A59: Hornell Brewing Company | B59: Chris Politano
A60: Hygrade Beverage
A61: Island Brands USA
A62: Ithaca | B62: Sean Donahue
A63: Jersey Girl
A64: Jerzey Jungle LLC | B64: Jason Koo
A65: Kimo Spirits | B65: Chris Politano
A66: Lagunitas Brewing Co | B66: Perry Calderone
A67: Licores Artesanales | B67: Jason Koo
A68: Little Water Distillery | B68: Jason Koo
A69: Lodo Brands | B69: Jason Koo
A70: Mark Anthony | B70: Steve Halloran
A71: Misc
A72: Modern Infusions | B72: Jason Koo
A73: Molly's | B73: Jason Koo
A74: MolsonCoors Beverage Company | B74: Dan Downing
A75: Montauk Brewing Co | B75: Chris Politano
A76: Narragansett | B76: Dan Downing
A77: New Belgium Brewing Company | B77: Chris Politano
A78: Newburgh Brewing | B78: Sean Donahue
A79: Oceano | B79: Jason Koo
A80: OVO Vodka LLC | B80: Jason Koo
A81: Pabst Brewing Company | B81: Tom Gibbons
A82: Pampa Beverages | B82: Perry Calderone
A83: Paradisse Spirits LLC | B83: Jason Koo
... A111: Travelers Club | B111: Jason Koo
A112: Trinity Flavors
A113: Unibroue | B113: Sean Donahue
A114: US Beverage | B114: Steve Halloran
A115: Vermont Hard Cider | B115: Steve Halloran
A116: Victory Brewing Company | B116: Sean Donahue
A117: Vinaio Imports LTD | B117: Denise Montes
A118: Viva Beverages Inc | B118: Chris Politano
A119: Warwick Valley | B119: Tom Gibbons
A120: Waterloo Gin | B120: Jason Koo
A121: XYZ Beverage | B121: Steve Halloran

Sheet DATA - 2025 Review
A1: Supplier / Brand Family | B1: Supplier | C1: Unique ID | D1: CE 1/1/2024 - 10/31/2024 | E1: CE 1/1/2025 - 10/31/2025 | F1: CE % ± | G1: CE 11/1/2024 - 12/31/2024 | H1: 2024 Finish | I1: Estimated 2025 Finish | J1: Estimated % +/- | K1: 2025 Brewery Goal % Change | L1: 2025 Brewery CE Change | M1: Actual vs. Brewery | N1: 2025 Kohler Goal +/- % | O1: 2025 Kohler Goal CE Change | P1: Actual vs. Kohler | Q1: Kohler v. Brewery | U1: 2025 Brewery Goal
A2: Total | C2: =A2&"|"&B2 -> Total| | D2: 6303001.8 | E2: 5917790.3 | F2: -0.061116 | G2: 1225228.6 | H2: 7528230.4 | I2: =SUMIF(B3:B462,"<>",I3:I462) -> 7085209.6 | J2: =IFERROR((I2/H2)-1,0) -> -0.05884793 | K2: =L2/I2 -> 0.033584264 | L2: =SUMIF(B3:B462,"<>",L3:L462) -> 237951.55 | M2: =J2-K2 -> -0.092432193 | N2: =O2/H2 -> 0.020818312 | O2: =SUMIF(B3:B462,"<>",O3:O462) -> 156725.05 | P2: =J2-N2 -> -0.079666242 | Q2: =P2-M2 -> 0.012765952 | U2: =SUMIF(B3:B462,"<>",U3:U462) -> #VALUE!
A3: Constellation Brands | C3: =A3&"|"&B3 -> Constellation Brands| | D3: 2337400.8 | E3: 2202559.1 | F3: -0.057689 | G3: 443052 | H3: 2780452.8 | I3: =((G3*F3)+G3)+E3 -> 2620051.9 | J3: =IFERROR((I3/H3)-1,0) -> -0.057688778 | K3: =_xlfn.XLOOKUP(C3,'2025 Goal Data'!C:C,'2025 Goal Data'!F:F,"") -> 0.045978764 | L3: =IFERROR(K3*H3,0) -> 127841.78 | M3: =IFERROR(J3-K3,0) -> -0.10366754 | N3: =_xlfn.XLOOKUP(C3,'2025 Goal Data'!C:C,'2025 Goal Data'!I:I,"") -> 0.045978764 | O3: =IFERROR(N3*H3,0) -> 127841.78 | P3: =IFERROR(J3-N3,0) -> -0.10366754 | Q3: =P3-M3 -> 0 | U3: =SUMIF(B:B,A3,K:K) -> 1.209
A4: Corona Extra | B4: Constellation Brands | C4: =A4&"|"&B4 -> Corona Extra|Constellation Brands | D4: 1103390.1 | E4: 1021813.6 | F4: -0.073933 | G4: 212042.89 | H4: 1315433 | I4: =((G4*F4)+G4)+E4 -> 1218179.5 | J4: =IFERROR((I4/H4)-1,0) -> -0.073932646 | K4: =_xlfn.XLOOKUP(C4,'2025 Goal Data'!C:C,'2025 Goal Data'!F:F,"") -> 0.01 | L4: =IFERROR(K4*H4,0) -> 13154.33 | M4: =IFERROR(J4-K4,0) -> -0.083932646 | N4: =_xlfn.XLOOKUP(C4,'2025 Goal Data'!C:C,'2025 Goal Data'!I:I,"") -> 0.01 | O4: =IFERROR(N4*H4,0) -> 13154.33 | P4: =IFERROR(J4-N4,0) -> -0.083932646 | Q4: =P4-M4 -> 0 | U4: =(H4*K4)+H4 -> 1328587.3
A5: Modelo Especial | B5: Constellation Brands | C5: =A5&"|"&B5 -> Modelo Especial|Constellation Brands | D5: 938653.53 | E5: 884213.55 | F5: -0.057998 | G5: 180140.05 | H5: 1118793.6 | I5: =((G5*F5)+G5)+E5 -> 1053905.8 | J5: =IFERROR((I5/H5)-1,0) -> -0.057997953 | K5: =_xlfn.XLOOKUP(C5,'2025 Goal Data'!C:C,'2025 Goal Data'!F:F,"") -> 0.075 | L5: =IFERROR(K5*H5,0) -> 83909.518 | M5: =IFERROR(J5-K5,0) -> -0.13299795 | N5: =_xlfn.XLOOKUP(C5,'2025 Goal Data'!C:C,'2025 Goal Data'!I:I,"") -> 0.075 | O5: =IFERROR(N5*H5,0) -> 83909.518 | P5: =IFERROR(J5-N5,0) -> -0.13299795 | Q5: =P5-M5 -> 0 | U5: =(H5*K5)+H5 -> 1202703.1
A6: Modelo Chelada | B6: Constellation Brands | C6: =A6&"|"&B6 -> Modelo Chelada|Constellation Brands | D6: 67041 | E6: 72122.333 | F6: 0.075794 | G6: 11074 | H6: 78115 | I6: =((G6*F6)+G6)+E6 -> 84035.676 | J6: =IFERROR((I6/H6)-1,0) -> 0.075794355 | K6: =_xlfn.XLOOKUP(C6,'2025 Goal Data'!C:C,'2025 Goal Data'!F:F,"") -> 0.1 | L6: =IFERROR(K6*H6,0) -> 7811.5 | M6: =IFERROR(J6-K6,0) -> -0.024205645 | N6: =_xlfn.XLOOKUP(C6,'2025 Goal Data'!C:C,'2025 Goal Data'!I:I,"") -> 0.1 | O6: =IFERROR(N6*H6,0) -> 7811.5 | P6: =IFERROR(J6-N6,0) -> -0.024205645 | Q6: =P6-M6 -> 0 | U6: =(H6*K6)+H6 -> 85926.5
A7: Victoria | B7: Constellation Brands | C7: =A7&"|"&B7 -> Victoria|Constellation Brands | D7: 46862.331 | E7: 51385.664 | F7: 0.096524 | G7: 9363.9997 | H7: 56226.331 | I7: =((G7*F7)+G7)+E7 -> 61653.515 | J7: =IFERROR((I7/H7)-1,0) -> 0.096523882 | K7: =_xlfn.XLOOKUP(C7,'2025 Goal Data'!C:C,'2025 Goal Data'!F:F,"") -> 0.24 | L7: =IFERROR(K7*H7,0) -> 13494.319 | M7: =IFERROR(J7-K7,0) -> -0.14347612 | N7: =_xlfn.XLOOKUP(C7,'2025 Goal Data'!C:C,'2025 Goal Data'!I:I,"") -> 0.24 | O7: =IFERROR(N7*H7,0) -> 13494.319 | P7: =IFERROR(J7-N7,0) -> -0.14347612 | Q7: =P7-M7 -> 0 | U7: =(H7*K7)+H7 -> 69720.65
A8: Corona Light | B8: Constellation Brands | C8: =A8&"|"&B8 -> Corona Light|Constellation Brands | D8: 50415 | E8: 42478 | F8: -0.157433 | G8: 7491 | H8: 57906 | I8: =((G8*F8)+G8)+E8 -> 48789.669 | J8: =IFERROR((I8/H8)-1,0) -> -0.15743326 | K8: =_xlfn.XLOOKUP(C8,'2025 Goal Data'!C:C,'2025 Goal Data'!F:F,"") -> -0.09 | L8: =IFERROR(K8*H8,0) -> -5211.54 | M8: =IFERROR(J8-K8,0) -> -0.067433264 | N8: =_xlfn.XLOOKUP(C8,'2025 Goal Data'!C:C,'2025 Goal Data'!I:I,"") -> -0.09 | O8: =IFERROR(N8*H8,0) -> -5211.54 | P8: =IFERROR(J8-N8,0) -> -0.067433264 | Q8: =P8-M8 -> 0 | U8: =(H8*K8)+H8 -> 52694.46
A9: Corona Familiar | B9: Constellation Brands | C9: =A9&"|"&B9 -> Corona Familiar|Constellation Brands | D9: 26843.996 | E9: 29423.328 | F9: 0.096086 | G9: 5566.3324 | H9: 32410.328 | I9: =((G9*F9)+G9)+E9 -> 35524.507 | J9: =IFERROR((I9/H9)-1,0) -> 0.096086016 | K9: =_xlfn.XLOOKUP(C9,'2025 Goal Data'!C:C,'2025 Goal Data'!F:F,"") -> 0.04 | L9: =IFERROR(K9*H9,0) -> 1296.4131 | M9: =IFERROR(J9-K9,0) -> 0.056086016 | N9: =_xlfn.XLOOKUP(C9,'2025 Goal Data'!C:C,'2025 Goal Data'!I:I,"") -> 0.04 | O9: =IFERROR(N9*H9,0) -> 1296.4131 | P9: =IFERROR(J9-N9,0) -> 0.056086016 | Q9: =P9-M9 -> 0 | U9: =(H9*K9)+H9 -> 33706.741
A10: Corona Premier | B10: Constellation Brands | C10: =A10&"|"&B10 -> Corona Premier|Constellation Brands | D10: 32719.972 | E10: 28314.278 | F10: -0.134648 | G10: 5401.9444 | H10: 38121.917 | I10: =((G10*F10)+G10)+E10 -> 32988.861 | J10: =IFERROR((I10/H10)-1,0) -> -0.13464841 | K10: =_xlfn.XLOOKUP(C10,'2025 Goal Data'!C:C,'2025 Goal Data'!F:F,"") -> -0.09 | L10: =IFERROR(K10*H10,0) -> -3430.9725 | M10: =IFERROR(J10-K10,0) -> -0.04464841 | N10: =_xlfn.XLOOKUP(C10,'2025 Goal Data'!C:C,'2025 Goal Data'!I:I,"") -> -0.09 | O10: =IFERROR(N10*H10,0) -> -3430.9725 | P10: =IFERROR(J10-N10,0) -> -0.04464841 | Q10: =P10-M10 -> 0 | U10: =(H10*K10)+H10 -> 34690.944
A11: Pacifico | B11: Constellation Brands | C11: =A11&"|"&B11 -> Pacifico|Constellation Brands | D11: 23451.111 | E11: 27865.555 | F11: 0.18824 | G11: 4383.2222 | H11: 27834.333 | I11: =((G11*F11)+G11)+E11 -> 33073.875 | J11: =IFERROR((I11/H11)-1,0) -> 0.18824026 | K11: =_xlfn.XLOOKUP(C11,'2025 Goal Data'!C:C,'2025 Goal Data'!F:F,"") -> 0.26 | L11: =IFERROR(K11*H11,0) -> 7236.9266 | M11: =IFERROR(J11-K11,0) -> -0.071759738 | N11: =_xlfn.XLOOKUP(C11,'2025 Goal Data'!C:C,'2025 Goal Data'!I:I,"") -> 0.26 | O11: =IFERROR(N11*H11,0) -> 7236.9266 | P11: =IFERROR(J11-N11,0) -> -0.071759738 | Q11: =P11-M11 -> 0 | U11: =(H11*K11)+H11 -> 35071.26
A12: Modelo Negra | B12: Constellation Brands | C12: =A12&"|"&B12 -> Modelo Negra|Constellation Brands | D12: 22232.778 | E12: 20881.778 | F12: -0.060766 | G12: 4382.5555 | H12: 26615.333 | I12: =((G12*F12)+G12)+E12 -> 24998.023 | J12: =IFERROR((I12/H12)-1,0) -> -0.060766114 | K12: =_xlfn.XLOOKUP(C12,'2025 Goal Data'!C:C,'2025 Goal Data'!F:F,"") -> 0.05 | L12: =IFERROR(K12*H12,0) -> 1330.7667 | M12: =IFERROR(J12-K12,0) -> -0.11076611 | N12: =_xlfn.XLOOKUP(C12,'2025 Goal Data'!C:C,'2025 Goal Data'!I:I,"") -> 0.05 | O12: =IFERROR(N12*H12,0) -> 1330.7667 | P12: =IFERROR(J12-N12,0) -> -0.11076611 | Q12: =P12-M12 -> 0 | U12: =(H12*K12)+H12 -> 27946.1
A13: Corona NA | B13: Constellation Brands | C13: =A13&"|"&B13 -> Corona NA|Constellation Brands | D13: 5021 | E13: 7213 | F13: 0.436566 | G13: 929 | H13: 5950 | I13: =((G13*F13)+G13)+E13 -> 8547.5698 | J13: =IFERROR((I13/H13)-1,0) -> 0.43656636 | K13: =_xlfn.XLOOKUP(C13,'2025 Goal Data'!C:C,'2025 Goal Data'!F:F,"") -> 0.6 | L13: =IFERROR(K13*H13,0) -> 3570 | M13: =IFERROR(J13-K13,0) -> -0.16343364 | N13: =_xlfn.XLOOKUP(C13,'2025 Goal Data'!C:C,'2025 Goal Data'!I:I,"") -> 0.6 | O13: =IFERROR(N13*H13,0) -> 3570 | P13: =IFERROR(J13-N13,0) -> -0.16343364 | Q13: =P13-M13 -> 0 | U13: =(H13*K13)+H13 -> 9520
A14: Modelo Oro | B14: Constellation Brands | C14: =A14&"|"&B14 -> Modelo Oro|Constellation Brands | D14: 5532 | E14: 4707 | F14: -0.149132 | G14: 818 | H14: 6350 | I14: =((G14*F14)+G14)+E14 -> 5403.01 | J14: =IFERROR((I14/H14)-1,0) -> -0.14913228 | K14: =_xlfn.XLOOKUP(C14,'2025 Goal Data'!C:C,'2025 Goal Data'!F:F,"") -> 0.2 | L14: =IFERROR(K14*H14,0) -> 1270 | M14: =IFERROR(J14-K14,0) -> -0.34913228 | N14: =_xlfn.XLOOKUP(C14,'2025 Goal Data'!C:C,'2025 Goal Data'!I:I,"") -> 0.2 | O14: =IFERROR(N14*H14,0) -> 1270 | P14: =IFERROR(J14-N14,0) -> -0.34913228 | Q14: =P14-M14 -> 0 | U14: =(H14*K14)+H14 -> 7620
A15: Corona Sunbrew | B15: Constellation Brands | C15: =A15&"|"&B15 -> Corona Sunbrew|Constellation Brands | D15: 4525 | E15: 8444 | F15: 0.866077 | G15: 701 | H15: 5226 | I15: =((G15*F15)+G15)+E15 -> 9752.12 | J15: =IFERROR((I15/H15)-1,0) -> 0.8660773 | K15: =_xlfn.XLOOKUP(C15,'2025 Goal Data'!C:C,'2025 Goal Data'!F:F,"") -> 1.6 | L15: =IFERROR(K15*H15,0) -> 8361.6 | M15: =IFERROR(J15-K15,0) -> -0.7339227 | N15: =_xlfn.XLOOKUP(C15,'2025 Goal Data'!C:C,'2025 Goal Data'!I:I,"") -> 1.6 | O15: =IFERROR(N15*H15,0) -> 8361.6 | P15: =IFERROR(J15-N15,0) -> -0.7339227 | Q15: =P15-M15 -> 0 | U15: =(H15*K15)+H15 -> 13587.6
... A18: Fresca Mixed | B18: Constellation Brands | C18: =A18&"|"&B18 -> Fresca Mixed|Constellation Brands | D18: 1036 | E18: 509 | F18: -0.508687 | G18: 77 | H18: 1113 | I18: =((G18*F18)+G18)+E18 -> 546.8311 | J18: =IFERROR((I18/H18)-1,0) -> -0.50868724 | K18: =_xlfn.XLOOKUP(C18,'2025 Goal Data'!C:C,'2025 Goal Data'!F:F,"") -> -0.17 | L18: =IFERROR(K18*H18,0) -> -189.21 | M18: =IFERROR(J18-K18,0) -> -0.33868724 | N18: =_xlfn.XLOOKUP(C18,'2025 Goal Data'!C:C,'2025 Goal Data'!I:I,"") -> -0.17 | O18: =IFERROR(N18*H18,0) -> -189.21 | P18: =IFERROR(J18-N18,0) -> -0.33868724 | Q18: =P18-M18 -> 0 | U18: =(H18*K18)+H18 -> 923.79
A19: The Drop | B19: Constellation Brands | C19: =A19&"|"&B19 -> The Drop|Constellation Brands | D19: 0 | E19: 351 | F19: 1 | G19: 0 | H19: 0 | I19: =((G19*F19)+G19)+E19 -> 351 | J19: =IFERROR((I19/H19)-1,0) -> 0 | K19: - | L19: =IFERROR(K19*H19,0) -> 0 | M19: =IFERROR(J19-K19,0) -> 0 | N19: =_xlfn.XLOOKUP(C19,'2025 Goal Data'!C:C,'2025 Goal Data'!I:I,"") | O19: =IFERROR(N19*H19,0) -> 0 | P19: =IFERROR(J19-N19,0) -> 0 | Q19: - | U19: -
A20: Corona Seltzer | B20: Constellation Brands | C20: =A20&"|"&B20 -> Corona Seltzer|Constellation Brands | D20: 1270 | E20: 0 | F20: -1 | G20: 0 | H20: 1270 | I20: =((G20*F20)+G20)+E20 -> 0 | J20: =IFERROR((I20/H20)-1,0) -> -1 | K20: =_xlfn.XLOOKUP(C20,'2025 Goal Data'!C:C,'2025 Goal Data'!F:F,"") -> -1 | L20: =IFERROR(K20*H20,0) -> -1270 | M20: =IFERROR(J20-K20,0) -> 0 | N20: =_xlfn.XLOOKUP(C20,'2025 Goal Data'!C:C,'2025 Goal Data'!I:I,"") -> -1 | O20: =IFERROR(N20*H20,0) -> -1270 | P20: =IFERROR(J20-N20,0) -> 0 | Q20: =P20-M20 -> 0 | U20: =(H20*K20)+H20 -> 0
A21: MolsonCoors Beverage Company | C21: =A21&"|"&B21 -> MolsonCoors Beverage Company| | D21: 1689282.3 | E21: 1556944.5 | F21: -0.07834 | G21: 343957.9 | H21: 2033240.2 | I21: =((G21*F21)+G21)+E21 -> 1873956.7 | J21: =IFERROR((I21/H21)-1,0) -> -0.078339709 | K21: =_xlfn.XLOOKUP(C21,'2025 Goal Data'!C:C,'2025 Goal Data'!F:F,"") -> 0.007 | L21: =IFERROR(K21*H21,0) -> 14232.681 | M21: =IFERROR(J21-K21,0) -> -0.085339709 | N21: =_xlfn.XLOOKUP(C21,'2025 Goal Data'!C:C,'2025 Goal Data'!I:I,"") -> -0.012399729 | O21: =IFERROR(N21*H21,0) -> -25211.627 | P21: =IFERROR(J21-N21,0) -> -0.06593998 | Q21: =P21-M21 -> 0.019399729 | U21: =SUMIF(B:B,A21,K:K) -> -0.323
A22: Coors Light | B22: MolsonCoors Beverage Company | C22: =A22&"|"&B22 -> Coors Light|MolsonCoors Beverage Company | D22: 732987.72 | E22: 660826.42 | F22: -0.098448 | G22: 152267.72 | H22: 885255.44 | I22: =((G22*F22)+G22)+E22 -> 798103.69 | J22: =IFERROR((I22/H22)-1,0) -> -0.098448146 | K22: =_xlfn.XLOOKUP(C22,'2025 Goal Data'!C:C,'2025 Goal Data'!F:F,"") -> -0.045 | L22: =IFERROR(K22*H22,0) -> -39836.495 | M22: =IFERROR(J22-K22,0) -> -0.053448146 | N22: =_xlfn.XLOOKUP(C22,'2025 Goal Data'!C:C,'2025 Goal Data'!I:I,"") -> -0.04 | O22: =IFERROR(N22*H22,0) -> -35410.218 | P22: =IFERROR(J22-N22,0) -> -0.058448146 | Q22: =P22-M22 -> -0.005 | U22: =(H22*K22)+H22 -> 845418.95
A23: Lite | B23: MolsonCoors Beverage Company | C23: =A23&"|"&B23 -> Lite|MolsonCoors Beverage Company | D23: 458202.82 | E23: 426650.82 | F23: -0.06886 | G23: 97584.109 | H23: 555786.93 | I23: =((G23*F23)+G23)+E23 -> 517515.29 | J23: =IFERROR((I23/H23)-1,0) -> -0.068860275 | K23: =_xlfn.XLOOKUP(C23,'2025 Goal Data'!C:C,'2025 Goal Data'!F:F,"") -> 0.083 | L23: =IFERROR(K23*H23,0) -> 46130.315 | M23: =IFERROR(J23-K23,0) -> -0.15186028 | N23: =_xlfn.XLOOKUP(C23,'2025 Goal Data'!C:C,'2025 Goal Data'!I:I,"") -> 0.03 | O23: =IFERROR(N23*H23,0) -> 16673.608 | P23: =IFERROR(J23-N23,0) -> -0.098860275 | Q23: =P23-M23 -> 0.053 | U23: =(H23*K23)+H23 -> 601917.25
A24: Blue Moon | B24: MolsonCoors Beverage Company | C24: =A24&"|"&B24 -> Blue Moon|MolsonCoors Beverage Company | D24: 111089.35 | E24: 102981.83 | F24: -0.072982 | G24: 22490.146 | H24: 133579.49 | I24: =((G24*F24)+G24)+E24 -> 123830.6 | J24: =IFERROR((I24/H24)-1,0) -> -0.072981964 | K24: =_xlfn.XLOOKUP(C24,'2025 Goal Data'!C:C,'2025 Goal Data'!F:F,"") -> -0.009 | L24: =IFERROR(K24*H24,0) -> -1202.2154 | M24: =IFERROR(J24-K24,0) -> -0.063981964 | N24: =_xlfn.XLOOKUP(C24,'2025 Goal Data'!C:C,'2025 Goal Data'!I:I,"") -> -0.05 | O24: =IFERROR(N24*H24,0) -> -6678.9747 | P24: =IFERROR(J24-N24,0) -> -0.022981964 | Q24: =P24-M24 -> 0.041 | U24: =(H24*K24)+H24 -> 132377.28
A25: Coors | B25: MolsonCoors Beverage Company | C25: =A25&"|"&B25 -> Coors|MolsonCoors Beverage Company | D25: 88044.167 | E25: 93391.444 | F25: 0.060734 | G25: 19904.889 | H25: 107949.06 | I25: =((G25*F25)+G25)+E25 -> 114505.24 | J25: =IFERROR((I25/H25)-1,0) -> 0.06073403 | K25: =_xlfn.XLOOKUP(C25,'2025 Goal Data'!C:C,'2025 Goal Data'!F:F,"") -> -0.009 | L25: =IFERROR(K25*H25,0) -> -971.5415 | M25: =IFERROR(J25-K25,0) -> 0.06973403 | N25: =_xlfn.XLOOKUP(C25,'2025 Goal Data'!C:C,'2025 Goal Data'!I:I,"") -> 0.067 | O25: =IFERROR(N25*H25,0) -> 7232.5867 | P25: =IFERROR(J25-N25,0) -> -0.0062659696 | Q25: =P25-M25 -> -0.076 | U25: =(H25*K25)+H25 -> 106977.51
A26: Miller High Life | B26: MolsonCoors Beverage Company | C26: =A26&"|"&B26 -> Miller High Life|MolsonCoors Beverage Company | D26: 58067.441 | E26: 55665.136 | F26: -0.041371 | G26: 11671.444 | H26: 69738.885 | I26: =((G26*F26)+G26)+E26 -> 66853.721 | J26: =IFERROR((I26/H26)-1,0) -> -0.041370959 | K26: =_xlfn.XLOOKUP(C26,'2025 Goal Data'!C:C,'2025 Goal Data'!F:F,"") -> 0.035 | L26: =IFERROR(K26*H26,0) -> 2440.861 | M26: =IFERROR(J26-K26,0) -> -0.076370959 | N26: =_xlfn.XLOOKUP(C26,'2025 Goal Data'!C:C,'2025 Goal Data'!I:I,"") -> 0.035 | O26: =IFERROR(N26*H26,0) -> 2440.861 | P26: =IFERROR(J26-N26,0) -> -0.076370959 | Q26: =P26-M26 -> 0 | U26: =(H26*K26)+H26 -> 72179.746
A27: Peroni | B27: MolsonCoors Beverage Company | C27: =A27&"|"&B27 -> Peroni|MolsonCoors Beverage Company | D27: 41474.709 | E27: 46703.783 | F27: 0.126079 | G27: 9867.8491 | H27: 51342.558 | I27: =((G27*F27)+G27)+E27 -> 57815.761 | J27: =IFERROR((I27/H27)-1,0) -> 0.12607869 | K27: =_xlfn.XLOOKUP(C27,'2025 Goal Data'!C:C,'2025 Goal Data'!F:F,"") -> 0.2 | L27: =IFERROR(K27*H27,0) -> 10268.512 | M27: =IFERROR(J27-K27,0) -> -0.073921312 | N27: =_xlfn.XLOOKUP(C27,'2025 Goal Data'!C:C,'2025 Goal Data'!I:I,"") -> 0.15 | O27: =IFERROR(N27*H27,0) -> 7701.3838 | P27: =IFERROR(J27-N27,0) -> -0.023921312 | Q27: =P27-M27 -> 0.05 | U27: =(H27*K27)+H27 -> 61611.07
A28: Fosters | B28: MolsonCoors Beverage Company | C28: =A28&"|"&B28 -> Fosters|MolsonCoors Beverage Company | D28: 21277.806 | E28: 19233.191 | F28: -0.096091 | G28: 3895.2612 | H28: 25173.068 | I28: =((G28*F28)+G28)+E28 -> 22754.153 | J28: =IFERROR((I28/H28)-1,0) -> -0.096091369 | K28: =_xlfn.XLOOKUP(C28,'2025 Goal Data'!C:C,'2025 Goal Data'!F:F,"") -> 0.009 | L28: =IFERROR(K28*H28,0) -> 226.55761 | M28: =IFERROR(J28-K28,0) -> -0.10509137 | N28: =_xlfn.XLOOKUP(C28,'2025 Goal Data'!C:C,'2025 Goal Data'!I:I,"") -> 0.009 | O28: =IFERROR(N28*H28,0) -> 226.55761 | P28: =IFERROR(J28-N28,0) -> -0.10509137 | Q28: =P28-M28 -> 0 | U28: =(H28*K28)+H28 -> 25399.625
A29: Tyskie Gronie | B29: MolsonCoors Beverage Company | C29: =A29&"|"&B29 -> Tyskie Gronie|MolsonCoors Beverage Company | D29: 16781.357 | E29: 16954.172 | F29: 0.010298 | G29: 3025.3435 | H29: 19806.7 | I29: =((G29*F29)+G29)+E29 -> 20010.671 | J29: =IFERROR((I29/H29)-1,0) -> 0.01029807 | K29: =_xlfn.XLOOKUP(C29,'2025 Goal Data'!C:C,'2025 Goal Data'!F:F,"") -> 0.009 | L29: =IFERROR(K29*H29,0) -> 178.2603 | M29: =IFERROR(J29-K29,0) -> 0.0012980703 | N29: =_xlfn.XLOOKUP(C29,'2025 Goal Data'!C:C,'2025 Goal Data'!I:I,"") -> 0.009 | O29: =IFERROR(N29*H29,0) -> 178.2603 | P29: =IFERROR(J29-N29,0) -> 0.0012980703 | Q29: =P29-M29 -> 0 | U29: =(H29*K29)+H29 -> 19984.96
A30: Arnold Palmer | B30: MolsonCoors Beverage Company | C30: =A30&"|"&B30 -> Arnold Palmer|MolsonCoors Beverage Company | D30: 18891 | E30: 15723 | F30: -0.167699 | G30: 2763 | H30: 21654 | I30: =((G30*F30)+G30)+E30 -> 18022.648 | J30: =IFERROR((I30/H30)-1,0) -> -0.16769892 | K30: =_xlfn.XLOOKUP(C30,'2025 Goal Data'!C:C,'2025 Goal Data'!F:F,"") -> 0.254 | L30: =IFERROR(K30*H30,0) -> 5500.116 | M30: =IFERROR(J30-K30,0) -> -0.42169892 | N30: =_xlfn.XLOOKUP(C30,'2025 Goal Data'!C:C,'2025 Goal Data'!I:I,"") -> 0.15 | O30: =IFERROR(N30*H30,0) -> 3248.1 | P30: =IFERROR(J30-N30,0) -> -0.31769892 | Q30: =P30-M30 -> 0.104 | U30: =(H30*K30)+H30 -> 27154.116
A31: Keystone | B31: MolsonCoors Beverage Company | C31: =A31&"|"&B31 -> Keystone|MolsonCoors Beverage Company | D31: 15121.5 | E31: 12441.5 | F31: -0.177231 | G31: 2502 | H31: 17623.5 | I31: =((G31*F31)+G31)+E31 -> 14500.068 | J31: =IFERROR((I31/H31)-1,0) -> -0.17723108 | K31: =_xlfn.XLOOKUP(C31,'2025 Goal Data'!C:C,'2025 Goal Data'!F:F,"") -> -0.033 | L31: =IFERROR(K31*H31,0) -> -581.5755 | M31: =IFERROR(J31-K31,0) -> -0.14423108 | N31: =_xlfn.XLOOKUP(C31,'2025 Goal Data'!C:C,'2025 Goal Data'!I:I,"") -> -0.2 | O31: =IFERROR(N31*H31,0) -> -3524.7 | P31: =IFERROR(J31-N31,0) -> 0.022768919 | Q31: =P31-M31 -> 0.167 | U31: =(H31*K31)+H31 -> 17041.925
A32: Steel Reserve | B32: MolsonCoors Beverage Company | C32: =A32&"|"&B32 -> Steel Reserve|MolsonCoors Beverage Company | D32: 12094.416 | E32: 11256.416 | F32: -0.069288 | G32: 2173.9999 | H32: 14268.416 | I32: =((G32*F32)+G32)+E32 -> 13279.784 | J32: =IFERROR((I32/H32)-1,0) -> -0.069288139 | K32: =_xlfn.XLOOKUP(C32,'2025 Goal Data'!C:C,'2025 Goal Data'!F:F,"") -> -0.112 | L32: =IFERROR(K32*H32,0) -> -1598.0626 | M32: =IFERROR(J32-K32,0) -> 0.042711861 | N32: =_xlfn.XLOOKUP(C32,'2025 Goal Data'!C:C,'2025 Goal Data'!I:I,"") -> -0.112 | O32: =IFERROR(N32*H32,0) -> -1598.0626 | P32: =IFERROR(J32-N32,0) -> 0.042711861 | Q32: =P32-M32 -> 0 | U32: =(H32*K32)+H32 -> 12670.353
A33: Molson | B33: MolsonCoors Beverage Company | C33: =A33&"|"&B33 -> Molson|MolsonCoors Beverage Company | D33: 10629.333 | E33: 8500.8745 | F33: -0.200244 | G33: 2075.1249 | H33: 12704.458 | I33: =((G33*F33)+G33)+E33 -> 10160.468 | J33: =IFERROR((I33/H33)-1,0) -> -0.20024385 | K33: =_xlfn.XLOOKUP(C33,'2025 Goal Data'!C:C,'2025 Goal Data'!F:F,"") -> -0.089 | L33: =IFERROR(K33*H33,0) -> -1130.6967 | M33: =IFERROR(J33-K33,0) -> -0.11124385 | N33: =_xlfn.XLOOKUP(C33,'2025 Goal Data'!C:C,'2025 Goal Data'!I:I,"") -> -0.089 | O33: =IFERROR(N33*H33,0) -> -1130.6967 | P33: =IFERROR(J33-N33,0) -> -0.11124385 | Q33: =P33-M33 -> 0 | U33: =(H33*K33)+H33 -> 11573.761
... A35: Miller Genuine Draft | B35: MolsonCoors Beverage Company | C35: =A35&"|"&B35 -> Miller Genuine Draft|MolsonCoors Beverage Company | D35: 9079.5 | E35: 7613.5 | F35: -0.161463 | G35: 1678 | H35: 10757.5 | I35: =((G35*F35)+G35)+E35 -> 9020.5651 | J35: =IFERROR((I35/H35)-1,0) -> -0.16146269 | K35: =_xlfn.XLOOKUP(C35,'2025 Goal Data'!C:C,'2025 Goal Data'!F:F,"") -> -0.089 | L35: =IFERROR(K35*H35,0) -> -957.4175 | M35: =IFERROR(J35-K35,0) -> -0.072462692 | N35: =_xlfn.XLOOKUP(C35,'2025 Goal Data'!C:C,'2025 Goal Data'!I:I,"") -> -0.15 | O35: =IFERROR(N35*H35,0) -> -1613.625 | P35: =IFERROR(J35-N35,0) -> -0.011462692 | Q35: =P35-M35 -> 0.061 | U35: =(H35*K35)+H35 -> 9800.0825
A36: Miller Extra Light | B36: MolsonCoors Beverage Company | C36: =A36&"|"&B36 -> Miller Extra Light|MolsonCoors Beverage Company | D36: 8896 | E36: 8861.75 | F36: -0.00385 | G36: 1584.5 | H36: 10480.5 | I36: =((G36*F36)+G36)+E36 -> 10440.15 | J36: =IFERROR((I36/H36)-1,0) -> -0.0038500382 | K36: =_xlfn.XLOOKUP(C36,'2025 Goal Data'!C:C,'2025 Goal Data'!F:F,"") | L36: =IFERROR(K36*H36,0) -> 0 | M36: =IFERROR(J36-K36,0) -> 0 | N36: =_xlfn.XLOOKUP(C36,'2025 Goal Data'!C:C,'2025 Goal Data'!I:I,"") | O36: =IFERROR(N36*H36,0) -> 0 | P36: =IFERROR(J36-N36,0) -> 0 | Q36: - | U36: -
A37: Milwaukee's Best Ice | B37: MolsonCoors Beverage Company | C37: =A37&"|"&B37 -> Milwaukee's Best Ice|MolsonCoors Beverage Company | D37: 8884.5828 | E37: 6488.083 | F37: -0.269737 | G37: 1372.25 | H37: 10256.833 | I37: =((G37*F37)+G37)+E37 -> 7490.1864 | J37: =IFERROR((I37/H37)-1,0) -> -0.26973691 | K37: =_xlfn.XLOOKUP(C37,'2025 Goal Data'!C:C,'2025 Goal Data'!F:F,"") -> -0.092 | L37: =IFERROR(K37*H37,0) -> -943.62862 | M37: =IFERROR(J37-K37,0) -> -0.17773691 | N37: =_xlfn.XLOOKUP(C37,'2025 Goal Data'!C:C,'2025 Goal Data'!I:I,"") -> -0.15 | O37: =IFERROR(N37*H37,0) -> -1538.5249 | P37: =IFERROR(J37-N37,0) -> -0.11973691 | Q37: =P37-M37 -> 0.058 | U37: =(H37*K37)+H37 -> 9313.2042
A38: Grolsch | B38: MolsonCoors Beverage Company | C38: =A38&"|"&B38 -> Grolsch|MolsonCoors Beverage Company | D38: 8664.3895 | E38: 5006.3901 | F38: -0.422188 | G38: 1182.8822 | H38: 9847.2718 | I38: =((G38*F38)+G38)+E38 -> 5689.8736 | J38: =IFERROR((I38/H38)-1,0) -> -0.42218781 | K38: =_xlfn.XLOOKUP(C38,'2025 Goal Data'!C:C,'2025 Goal Data'!F:F,"") -> 0.009 | L38: =IFERROR(K38*H38,0) -> 88.625446 | M38: =IFERROR(J38-K38,0) -> -0.43118781 | N38: =_xlfn.XLOOKUP(C38,'2025 Goal Data'!C:C,'2025 Goal Data'!I:I,"") -> -0.17 | O38: =IFERROR(N38*H38,0) -> -1674.0362 | P38: =IFERROR(J38-N38,0) -> -0.25218781 | Q38: =P38-M38 -> 0.179 | U38: =(H38*K38)+H38 -> 9935.8972
A39: Cusquena | B39: MolsonCoors Beverage Company | C39: =A39&"|"&B39 -> Cusquena|MolsonCoors Beverage Company | D39: 6208 | E39: 5053 | F39: -0.18605 | G39: 1121 | H39: 7329 | I39: =((G39*F39)+G39)+E39 -> 5965.4379 | J39: =IFERROR((I39/H39)-1,0) -> -0.18605022 | K39: =_xlfn.XLOOKUP(C39,'2025 Goal Data'!C:C,'2025 Goal Data'!F:F,"") -> 0.009 | L39: =IFERROR(K39*H39,0) -> 65.961 | M39: =IFERROR(J39-K39,0) -> -0.19505022 | N39: =_xlfn.XLOOKUP(C39,'2025 Goal Data'!C:C,'2025 Goal Data'!I:I,"") -> -0.25 | O39: =IFERROR(N39*H39,0) -> -1832.25 | P39: =IFERROR(J39-N39,0) -> 0.063949782 | Q39: =P39-M39 -> 0.259 | U39: =(H39*K39)+H39 -> 7394.961
A40: Old English | B40: MolsonCoors Beverage Company | C40: =A40&"|"&B40 -> Old English|MolsonCoors Beverage Company | D40: 5903.667 | E40: 5106.3337 | F40: -0.135057 | G40: 1001.0001 | H40: 6904.667 | I40: =((G40*F40)+G40)+E40 -> 5972.1416 | J40: =IFERROR((I40/H40)-1,0) -> -0.13505725 | K40: =_xlfn.XLOOKUP(C40,'2025 Goal Data'!C:C,'2025 Goal Data'!F:F,"") -> -0.162 | L40: =IFERROR(K40*H40,0) -> -1118.5561 | M40: =IFERROR(J40-K40,0) -> 0.026942745 | N40: =_xlfn.XLOOKUP(C40,'2025 Goal Data'!C:C,'2025 Goal Data'!I:I,"") -> -0.16 | O40: =IFERROR(N40*H40,0) -> -1104.7467 | P40: =IFERROR(J40-N40,0) -> 0.024942745 | Q40: =P40-M40 -> -0.002 | U40: =(H40*K40)+H40 -> 5786.111
A41: Cristal | B41: MolsonCoors Beverage Company | C41: =A41&"|"&B41 -> Cristal|MolsonCoors Beverage Company | D41: 1775 | E41: 495 | F41: -0.721127 | G41: 567 | H41: 2342 | I41: =((G41*F41)+G41)+E41 -> 653.12099 | J41: =IFERROR((I41/H41)-1,0) -> -0.72112682 | K41: =_xlfn.XLOOKUP(C41,'2025 Goal Data'!C:C,'2025 Goal Data'!F:F,"") -> 0.009 | L41: =IFERROR(K41*H41,0) -> 21.078 | M41: =IFERROR(J41-K41,0) -> -0.73012682 | N41: =_xlfn.XLOOKUP(C41,'2025 Goal Data'!C:C,'2025 Goal Data'!I:I,"") -> 0.009 | O41: =IFERROR(N41*H41,0) -> 21.078 | P41: =IFERROR(J41-N41,0) -> -0.73012682 | Q41: =P41-M41 -> 0 | U41: =(H41*K41)+H41 -> 2363.078
A42: George Killian's | B42: MolsonCoors Beverage Company | C42: =A42&"|"&B42 -> George Killian's|MolsonCoors Beverage Company | D42: 2923.1111 | E42: 2563.7778 | F42: -0.122928 | G42: 546.11112 | H42: 3469.2222 | I42: =((G42*F42)+G42)+E42 -> 3042.7566 | J42: =IFERROR((I42/H42)-1,0) -> -0.12292833 | K42: =_xlfn.XLOOKUP(C42,'2025 Goal Data'!C:C,'2025 Goal Data'!F:F,"") -> -0.089 | L42: =IFERROR(K42*H42,0) -> -308.76078 | M42: =IFERROR(J42-K42,0) -> -0.033928326 | N42: =_xlfn.XLOOKUP(C42,'2025 Goal Data'!C:C,'2025 Goal Data'!I:I,"") -> -0.2 | O42: =IFERROR(N42*H42,0) -> -693.84445 | P42: =IFERROR(J42-N42,0) -> 0.077071674 | Q42: =P42-M42 -> 0.111 | U42: =(H42*K42)+H42 -> 3160.4615
A43: Hamm's | B43: MolsonCoors Beverage Company | C43: =A43&"|"&B43 -> Hamm's|MolsonCoors Beverage Company | D43: 2306.25 | E43: 1783.75 | F43: -0.226558 | G43: 492.5 | H43: 2798.75 | I43: =((G43*F43)+G43)+E43 -> 2164.6702 | J43: =IFERROR((I43/H43)-1,0) -> -0.22655822 | K43: =_xlfn.XLOOKUP(C43,'2025 Goal Data'!C:C,'2025 Goal Data'!F:F,"") -> 0.067 | L43: =IFERROR(K43*H43,0) -> 187.51625 | M43: =IFERROR(J43-K43,0) -> -0.29355822 | N43: =_xlfn.XLOOKUP(C43,'2025 Goal Data'!C:C,'2025 Goal Data'!I:I,"") -> 0.067 | O43: =IFERROR(N43*H43,0) -> 187.51625 | P43: =IFERROR(J43-N43,0) -> -0.29355822 | Q43: =P43-M43 -> 0 | U43: =(H43*K43)+H43 -> 2986.2663
A44: Redd's Wicked | B44: MolsonCoors Beverage Company | C44: =A44&"|"&B44 -> Redd's Wicked|MolsonCoors Beverage Company | D44: 2403 | E44: 1950 | F44: -0.188514 | G44: 437 | H44: 2840 | I44: =((G44*F44)+G44)+E44 -> 2304.6194 | J44: =IFERROR((I44/H44)-1,0) -> -0.1885143 | K44: =_xlfn.XLOOKUP(C44,'2025 Goal Data'!C:C,'2025 Goal Data'!F:F,"") -> -0.081 | L44: =IFERROR(K44*H44,0) -> -230.04 | M44: =IFERROR(J44-K44,0) -> -0.1075143 | N44: =_xlfn.XLOOKUP(C44,'2025 Goal Data'!C:C,'2025 Goal Data'!I:I,"") -> -0.2 | O44: =IFERROR(N44*H44,0) -> -568 | P44: =IFERROR(J44-N44,0) -> 0.011485698 | Q44: =P44-M44 -> 0.119 | U44: =(H44*K44)+H44 -> 2609.96
A45: Simply Spiked | B45: MolsonCoors Beverage Company | C45: =A45&"|"&B45 -> Simply Spiked|MolsonCoors Beverage Company | D45: 5670 | E45: 3624 | F45: -0.360847 | G45: 408 | H45: 6078 | I45: =((G45*F45)+G45)+E45 -> 3884.7744 | J45: =IFERROR((I45/H45)-1,0) -> -0.36084659 | K45: =_xlfn.XLOOKUP(C45,'2025 Goal Data'!C:C,'2025 Goal Data'!F:F,"") -> -0.2 | L45: =IFERROR(K45*H45,0) -> -1215.6 | M45: =IFERROR(J45-K45,0) -> -0.16084659 | N45: =_xlfn.XLOOKUP(C45,'2025 Goal Data'!C:C,'2025 Goal Data'!I:I,"") -> -0.2 | O45: =IFERROR(N45*H45,0) -> -1215.6 | P45: =IFERROR(J45-N45,0) -> -0.16084659 | Q45: =P45-M45 -> 0 | U45: =(H45*K45)+H45 -> 4862.4
A46: Topo Chico | B46: MolsonCoors Beverage Company | C46: =A46&"|"&B46 -> Topo Chico|MolsonCoors Beverage Company | D46: 2177 | E46: 2021 | F46: -0.071658 | G46: 389 | H46: 2566 | I46: =((G46*F46)+G46)+E46 -> 2382.125 | J46: =IFERROR((I46/H46)-1,0) -> -0.071658208 | K46: =_xlfn.XLOOKUP(C46,'2025 Goal Data'!C:C,'2025 Goal Data'!F:F,"") -> -0.191 | L46: =IFERROR(K46*H46,0) -> -490.106 | M46: =IFERROR(J46-K46,0) -> 0.11934179 | N46: =_xlfn.XLOOKUP(C46,'2025 Goal Data'!C:C,'2025 Goal Data'!I:I,"") -> -0.19 | O46: =IFERROR(N46*H46,0) -> -487.54 | P46: =IFERROR(J46-N46,0) -> 0.11834179 | Q46: =P46-M46 -> -0.001 | U46: =(H46*K46)+H46 -> 2075.894
A47: Coors Edge | B47: MolsonCoors Beverage Company | C47: =A47&"|"&B47 -> Coors Edge|MolsonCoors Beverage Company | D47: 1805 | E47: 2078 | F47: 0.151247 | G47: 370 | H47: 2175 | I47: =((G47*F47)+G47)+E47 -> 2503.9614 | J47: =IFERROR((I47/H47)-1,0) -> 0.15124662 | K47: =_xlfn.XLOOKUP(C47,'2025 Goal Data'!C:C,'2025 Goal Data'!F:F,"") -> -0.149 | L47: =IFERROR(K47*H47,0) -> -324.075 | M47: =IFERROR(J47-K47,0) -> 0.30024662 | N47: =_xlfn.XLOOKUP(C47,'2025 Goal Data'!C:C,'2025 Goal Data'!I:I,"") -> -0.2 | O47: =IFERROR(N47*H47,0) -> -435 | P47: =IFERROR(J47-N47,0) -> 0.35124662 | Q47: =P47-M47 -> 0.051 | U47: =(H47*K47)+H47 -> 1850.925
A48: Aguila | B48: MolsonCoors Beverage Company | C48: =A48&"|"&B48 -> Aguila|MolsonCoors Beverage Company | D48: 1936 | E48: 1891 | F48: -0.023244 | G48: 247 | H48: 2183 | I48: =((G48*F48)+G48)+E48 -> 2132.2587 | J48: =IFERROR((I48/H48)-1,0) -> -0.023243824 | K48: =_xlfn.XLOOKUP(C48,'2025 Goal Data'!C:C,'2025 Goal Data'!F:F,"") -> 0.009 | L48: =IFERROR(K48*H48,0) -> 19.647 | M48: =IFERROR(J48-K48,0) -> -0.032243824 | N48: =_xlfn.XLOOKUP(C48,'2025 Goal Data'!C:C,'2025 Goal Data'!I:I,"") -> 0.1 | O48: =IFERROR(N48*H48,0) -> 218.3 | P48: =IFERROR(J48-N48,0) -> -0.12324382 | Q48: =P48-M48 -> -0.091 | U48: =(H48*K48)+H48 -> 2202.647
... A54: Lech | B54: MolsonCoors Beverage Company | C54: =A54&"|"&B54 -> Lech|MolsonCoors Beverage Company | D54: 573.89578 | E54: 0 | F54: -1 | G54: 0 | H54: 573.89578 | I54: =((G54*F54)+G54)+E54 -> 0 | J54: =IFERROR((I54/H54)-1,0) -> -1 | K54: =_xlfn.XLOOKUP(C54,'2025 Goal Data'!C:C,'2025 Goal Data'!F:F,"") -> 0.009 | L54: =IFERROR(K54*H54,0) -> 5.165062 | M54: =IFERROR(J54-K54,0) -> -1.009 | N54: =_xlfn.XLOOKUP(C54,'2025 Goal Data'!C:C,'2025 Goal Data'!I:I,"") -> -1 | O54: =IFERROR(N54*H54,0) -> -573.89578 | P54: =IFERROR(J54-N54,0) -> 0 | Q54: =P54-M54 -> 1.009 | U54: =(H54*K54)+H54 -> 579.06084
A55: Fever Tree | B55: MolsonCoors Beverage Company | C55: =A55&"|"&B55 -> Fever Tree|MolsonCoors Beverage Company | D55: 0 | E55: 2400.8189 | F55: 1 | G55: 0 | H55: 0 | I55: =((G55*F55)+G55)+E55 -> 2400.8189 | J55: =IFERROR((I55/H55)-1,0) -> 0 | K55: =_xlfn.XLOOKUP(C55,'2025 Goal Data'!C:C,'2025 Goal Data'!F:F,"") | L55: =IFERROR(K55*H55,0) -> 0 | M55: =IFERROR(J55-K55,0) -> 0 | N55: =_xlfn.XLOOKUP(C55,'2025 Goal Data'!C:C,'2025 Goal Data'!I:I,"") | O55: =IFERROR(N55*H55,0) -> 0 | P55: =IFERROR(J55-N55,0) -> 0 | Q55: - | U55: -
A56: Milwaukee's Best | B56: MolsonCoors Beverage Company | C56: =A56&"|"&B56 -> Milwaukee's Best|MolsonCoors Beverage Company | D56: 0 | E56: 0 | F56: 1 | G56: -2.5 | H56: -2.5 | I56: =((G56*F56)+G56)+E56 -> -5 | J56: =IFERROR((I56/H56)-1,0) -> 1 | K56: =_xlfn.XLOOKUP(C56,'2025 Goal Data'!C:C,'2025 Goal Data'!F:F,"") | L56: =IFERROR(K56*H56,0) -> 0 | M56: =IFERROR(J56-K56,0) -> 0 | N56: =_xlfn.XLOOKUP(C56,'2025 Goal Data'!C:C,'2025 Goal Data'!I:I,"") | O56: =IFERROR(N56*H56,0) -> 0 | P56: =IFERROR(J56-N56,0) -> 0 | Q56: - | U56: -
A57: Leinenkugel | B57: MolsonCoors Beverage Company | C57: =A57&"|"&B57 -> Leinenkugel|MolsonCoors Beverage Company | D57: 21698.549 | E57: 17465.342 | F57: -0.195092 | G57: -50.826389 | H57: 21647.722 | I57: =((G57*F57)+G57)+E57 -> 17424.431 | J57: =IFERROR((I57/H57)-1,0) -> -0.19509171 | K57: =_xlfn.XLOOKUP(C57,'2025 Goal Data'!C:C,'2025 Goal Data'!F:F,"") -> -0.104 | L57: =IFERROR(K57*H57,0) -> -2251.3631 | M57: =IFERROR(J57-K57,0) -> -0.091091709 | N57: =_xlfn.XLOOKUP(C57,'2025 Goal Data'!C:C,'2025 Goal Data'!I:I,"") -> -0.1 | O57: =IFERROR(N57*H57,0) -> -2164.7722 | P57: =IFERROR(J57-N57,0) -> -0.095091709 | Q57: =P57-M57 -> -0.004 | U57: =(H57*K57)+H57 -> 19396.359
A58: Happy Thursday Spiked Refresher | B58: MolsonCoors Beverage Company | C58: =A58&"|"&B58 -> Happy Thursday Spiked Refresher|MolsonCoors Beverage Company | D58: 770 | E58: 301 | F58: -0.609091 | G58: -56 | H58: 714 | I58: =((G58*F58)+G58)+E58 -> 279.1091 | J58: =IFERROR((I58/H58)-1,0) -> -0.6090909 | K58: =_xlfn.XLOOKUP(C58,'2025 Goal Data'!C:C,'2025 Goal Data'!F:F,"") -> 2.1 | L58: =IFERROR(K58*H58,0) -> 1499.4 | M58: =IFERROR(J58-K58,0) -> -2.7090909 | N58: =_xlfn.XLOOKUP(C58,'2025 Goal Data'!C:C,'2025 Goal Data'!I:I,"") -> 2.1 | O58: =IFERROR(N58*H58,0) -> 1499.4 | P58: =IFERROR(J58-N58,0) -> -2.7090909 | Q58: =P58-M58 -> 0 | U58: =(H58*K58)+H58 -> 2213.4
A59: Heineken USA | C59: =A59&"|"&B59 -> Heineken USA| | D59: 507396.23 | E59: 454183.67 | F59: -0.104874 | G59: 97905.357 | H59: 605301.59 | I59: =((G59*F59)+G59)+E59 -> 541821.3 | J59: =IFERROR((I59/H59)-1,0) -> -0.10487382 | K59: =_xlfn.XLOOKUP(C59,'2025 Goal Data'!C:C,'2025 Goal Data'!F:F,"") -> 0.0064718321 | L59: =IFERROR(K59*H59,0) -> 3917.4102 | M59: =IFERROR(J59-K59,0) -> -0.11134565 | N59: =_xlfn.XLOOKUP(C59,'2025 Goal Data'!C:C,'2025 Goal Data'!I:I,"") -> 0.0035948029 | O59: =IFERROR(N59*H59,0) -> 2175.9399 | P59: =IFERROR(J59-N59,0) -> -0.10846862 | Q59: =P59-M59 -> 0.0028770292 | U59: =SUMIF(B:B,A59,K:K) -> -0.808
A60: Heineken USA | B60: Heineken USA | C60: =A60&"|"&B60 -> Heineken USA|Heineken USA | D60: 407887.13 | E60: 361677.52 | F60: -0.11329 | G60: 78754.925 | H60: 486642.05 | I60: =((G60*F60)+G60)+E60 -> 431510.3 | J60: =IFERROR((I60/H60)-1,0) -> -0.11329014 | K60: =_xlfn.XLOOKUP(C60,'2025 Goal Data'!C:C,'2025 Goal Data'!F:F,"") -> 0.019 | L60: =IFERROR(K60*H60,0) -> 9246.199 | M60: =IFERROR(J60-K60,0) -> -0.13229014 | N60: =_xlfn.XLOOKUP(C60,'2025 Goal Data'!C:C,'2025 Goal Data'!I:I,"") -> 0.019 | O60: =IFERROR(N60*H60,0) -> 9246.199 | P60: =IFERROR(J60-N60,0) -> -0.13229014 | Q60: =P60-M60 -> 0 | U60: =(H60*K60)+H60 -> 495888.25
A61: Heineken Light | B61: Heineken USA | C61: =A61&"|"&B61 -> Heineken Light|Heineken USA | D61: 32610 | E61: 29630 | F61: -0.091383 | G61: 6623 | H61: 39233 | I61: =((G61*F61)+G61)+E61 -> 35647.77 | J61: =IFERROR((I61/H61)-1,0) -> -0.091383009 | K61: =_xlfn.XLOOKUP(C61,'2025 Goal Data'!C:C,'2025 Goal Data'!F:F,"") -> -0.1 | L61: =IFERROR(K61*H61,0) -> -3923.3 | M61: =IFERROR(J61-K61,0) -> 0.0086169906 | N61: =_xlfn.XLOOKUP(C61,'2025 Goal Data'!C:C,'2025 Goal Data'!I:I,"") -> -0.1 | O61: =IFERROR(N61*H61,0) -> -3923.3 | P61: =IFERROR(J61-N61,0) -> 0.0086169906 | Q61: =P61-M61 -> 0 | U61: =(H61*K61)+H61 -> 35309.7
A62: Heineken 0.0 | B62: Heineken USA | C62: =A62&"|"&B62 -> Heineken 0.0|Heineken USA | D62: 20686.852 | E62: 22376.509 | F62: 0.081678 | G62: 4191.9177 | H62: 24878.77 | I62: =((G62*F62)+G62)+E62 -> 26910.814 | J62: =IFERROR((I62/H62)-1,0) -> 0.081677837 | K62: =_xlfn.XLOOKUP(C62,'2025 Goal Data'!C:C,'2025 Goal Data'!F:F,"") -> 0.12 | L62: =IFERROR(K62*H62,0) -> 2985.4524 | M62: =IFERROR(J62-K62,0) -> -0.038322163 | N62: =_xlfn.XLOOKUP(C62,'2025 Goal Data'!C:C,'2025 Goal Data'!I:I,"") -> 0.05 | O62: =IFERROR(N62*H62,0) -> 1243.9385 | P62: =IFERROR(J62-N62,0) -> 0.031677837 | Q62: =P62-M62 -> 0.07 | U62: =(H62*K62)+H62 -> 27864.222
A63: Amstel | B63: Heineken USA | C63: =A63&"|"&B63 -> Amstel|Heineken USA | D63: 13347 | E63: 11163 | F63: -0.163632 | G63: 2845 | H63: 16192 | I63: =((G63*F63)+G63)+E63 -> 13542.467 | J63: =IFERROR((I63/H63)-1,0) -> -0.16363223 | K63: =_xlfn.XLOOKUP(C63,'2025 Goal Data'!C:C,'2025 Goal Data'!F:F,"") -> -0.084 | L63: =IFERROR(K63*H63,0) -> -1360.128 | M63: =IFERROR(J63-K63,0) -> -0.079632228 | N63: =_xlfn.XLOOKUP(C63,'2025 Goal Data'!C:C,'2025 Goal Data'!I:I,"") -> -0.084 | O63: =IFERROR(N63*H63,0) -> -1360.128 | P63: =IFERROR(J63-N63,0) -> -0.079632228 | Q63: =P63-M63 -> 0 | U63: =(H63*K63)+H63 -> 14831.872
A64: Tecate | B64: Heineken USA | C64: =A64&"|"&B64 -> Tecate|Heineken USA | D64: 10721 | E64: 9328 | F64: -0.129932 | G64: 1654.75 | H64: 12375.75 | I64: =((G64*F64)+G64)+E64 -> 10767.745 | J64: =IFERROR((I64/H64)-1,0) -> -0.12993192 | K64: =_xlfn.XLOOKUP(C64,'2025 Goal Data'!C:C,'2025 Goal Data'!F:F,"") -> -0.005 | L64: =IFERROR(K64*H64,0) -> -61.87875 | M64: =IFERROR(J64-K64,0) -> -0.12493192 | N64: =_xlfn.XLOOKUP(C64,'2025 Goal Data'!C:C,'2025 Goal Data'!I:I,"") -> -0.005 | O64: =IFERROR(N64*H64,0) -> -61.87875 | P64: =IFERROR(J64-N64,0) -> -0.12493192 | Q64: =P64-M64 -> 0 | U64: =(H64*K64)+H64 -> 12313.871
A65: Dos Equis | B65: Heineken USA | C65: =A65&"|"&B65 -> Dos Equis|Heineken USA | D65: 7497.0555 | E65: 7117.4028 | F65: -0.05064 | G65: 1259.1111 | H65: 8756.1666 | I65: =((G65*F65)+G65)+E65 -> 8312.7525 | J65: =IFERROR((I65/H65)-1,0) -> -0.050640212 | K65: =_xlfn.XLOOKUP(C65,'2025 Goal Data'!C:C,'2025 Goal Data'!F:F,"") -> -0.034 | L65: =IFERROR(K65*H65,0) -> -297.70967 | M65: =IFERROR(J65-K65,0) -> -0.016640212 | N65: =_xlfn.XLOOKUP(C65,'2025 Goal Data'!C:C,'2025 Goal Data'!I:I,"") -> -0.034 | O65: =IFERROR(N65*H65,0) -> -297.70967 | P65: =IFERROR(J65-N65,0) -> -0.016640212 | Q65: =P65-M65 -> 0 | U65: =(H65*K65)+H65 -> 8458.457
A66: Red Stripe | B66: Heineken USA | C66: =A66&"|"&B66 -> Red Stripe|Heineken USA | D66: 6565.2515 | E66: 6273.8869 | F66: -0.04438 | G66: 1108.0662 | H66: 7673.3177 | I66: =((G66*F66)+G66)+E66 -> 7332.7771 | J66: =IFERROR((I66/H66)-1,0) -> -0.04437984 | K66: =_xlfn.XLOOKUP(C66,'2025 Goal Data'!C:C,'2025 Goal Data'!F:F,"") -> -0.084 | L66: =IFERROR(K66*H66,0) -> -644.55869 | M66: =IFERROR(J66-K66,0) -> 0.03962016 | N66: =_xlfn.XLOOKUP(C66,'2025 Goal Data'!C:C,'2025 Goal Data'!I:I,"") -> -0.084 | O66: =IFERROR(N66*H66,0) -> -644.55869 | P66: =IFERROR(J66-N66,0) -> 0.03962016 | Q66: =P66-M66 -> 0 | U66: =(H66*K66)+H66 -> 7028.759
A67: Heineken Silver | B67: Heineken USA | C67: =A67&"|"&B67 -> Heineken Silver|Heineken USA | D67: 4892 | E67: 3092 | F67: -0.367948 | G67: 808 | H67: 5700 | I67: =((G67*F67)+G67)+E67 -> 3602.698 | J67: =IFERROR((I67/H67)-1,0) -> -0.36794772 | K67: =_xlfn.XLOOKUP(C67,'2025 Goal Data'!C:C,'2025 Goal Data'!F:F,"") -> -0.304 | L67: =IFERROR(K67*H67,0) -> -1732.8 | M67: =IFERROR(J67-K67,0) -> -0.063947716 | N67: =_xlfn.XLOOKUP(C67,'2025 Goal Data'!C:C,'2025 Goal Data'!I:I,"") -> -0.304 | O67: =IFERROR(N67*H67,0) -> -1732.8 | P67: =IFERROR(J67-N67,0) -> -0.063947716 | Q67: =P67-M67 -> 0 | U67: =(H67*K67)+H67 -> 3967.2
A68: Murphy's | B68: Heineken USA | C68: =A68&"|"&B68 -> Murphy's|Heineken USA | D68: 1144.8546 | E68: 1322.6116 | F68: 0.155266 | G68: 283.41677 | H68: 1428.2713 | I68: =((G68*F68)+G68)+E68 -> 1650.0333 | J68: =IFERROR((I68/H68)-1,0) -> 0.15526601 | K68: =_xlfn.XLOOKUP(C68,'2025 Goal Data'!C:C,'2025 Goal Data'!F:F,"") -> -0.084 | L68: =IFERROR(K68*H68,0) -> -119.97479 | M68: =IFERROR(J68-K68,0) -> 0.23926601 | N68: =_xlfn.XLOOKUP(C68,'2025 Goal Data'!C:C,'2025 Goal Data'!I:I,"") -> -0.084 | O68: =IFERROR(N68*H68,0) -> -119.97479 | P68: =IFERROR(J68-N68,0) -> 0.23926601 | Q68: =P68-M68 -> 0 | U68: =(H68*K68)+H68 -> 1308.2966
A69: Strongbow | B69: Heineken USA | C69: =A69&"|"&B69 -> Strongbow|Heineken USA | D69: 753.7606 | E69: 541.73624 | F69: -0.281289 | G69: 139.17017 | H69: 892.93077 | I69: =((G69*F69)+G69)+E69 -> 641.75937 | J69: =IFERROR((I69/H69)-1,0) -> -0.28128877 | K69: =_xlfn.XLOOKUP(C69,'2025 Goal Data'!C:C,'2025 Goal Data'!F:F,"") -> -0.084 | L69: =IFERROR(K69*H69,0) -> -75.006185 | M69: =IFERROR(J69-K69,0) -> -0.19728877 | N69: =_xlfn.XLOOKUP(C69,'2025 Goal Data'!C:C,'2025 Goal Data'!I:I,"") -> -0.084 | O69: =IFERROR(N69*H69,0) -> -75.006185 | P69: =IFERROR(J69-N69,0) -> -0.19728877 | Q69: =P69-M69 -> 0 | U69: =(H69*K69)+H69 -> 817.92458
A70: Prestige Lager | B70: Heineken USA | C70: =A70&"|"&B70 -> Prestige Lager|Heineken USA | D70: 252 | E70: 581 | F70: 1.305556 | G70: 100 | H70: 352 | I70: =((G70*F70)+G70)+E70 -> 811.5556 | J70: =IFERROR((I70/H70)-1,0) -> 1.3055557 | K70: =_xlfn.XLOOKUP(C70,'2025 Goal Data'!C:C,'2025 Goal Data'!F:F,"") -> 0 | L70: =IFERROR(K70*H70,0) -> 0 | M70: =IFERROR(J70-K70,0) -> 1.3055557 | N70: =_xlfn.XLOOKUP(C70,'2025 Goal Data'!C:C,'2025 Goal Data'!I:I,"") -> 0 | O70: =IFERROR(N70*H70,0) -> 0 | P70: =IFERROR(J70-N70,0) -> 1.3055557 | Q70: =P70-M70 -> 0 | U70: =(H70*K70)+H70 -> 352
A71: Buckler | B71: Heineken USA | C71: =A71&"|"&B71 -> Buckler|Heineken USA | D71: 515 | E71: 300 | F71: -0.417476 | G71: 88 | H71: 603 | I71: =((G71*F71)+G71)+E71 -> 351.26211 | J71: =IFERROR((I71/H71)-1,0) -> -0.41747577 | K71: =_xlfn.XLOOKUP(C71,'2025 Goal Data'!C:C,'2025 Goal Data'!F:F,"") -> -0.084 | L71: =IFERROR(K71*H71,0) -> -50.652 | M71: =IFERROR(J71-K71,0) -> -0.33347577 | N71: =_xlfn.XLOOKUP(C71,'2025 Goal Data'!C:C,'2025 Goal Data'!I:I,"") -> -0.084 | O71: =IFERROR(N71*H71,0) -> -50.652 | P71: =IFERROR(J71-N71,0) -> -0.33347577 | Q71: =P71-M71 -> 0 | U71: =(H71*K71)+H71 -> 552.348
... A73: Tecate Light | B73: Heineken USA | C73: =A73&"|"&B73 -> Tecate Light|Heineken USA | D73: -1 | E73: 0 | F73: 1 | G73: 0 | H73: -1 | I73: =((G73*F73)+G73)+E73 -> 0 | J73: =IFERROR((I73/H73)-1,0) -> -1 | K73: =_xlfn.XLOOKUP(C73,'2025 Goal Data'!C:C,'2025 Goal Data'!F:F,"") -> 0 | L73: =IFERROR(K73*H73,0) -> 0 | M73: =IFERROR(J73-K73,0) -> -1 | N73: =_xlfn.XLOOKUP(C73,'2025 Goal Data'!C:C,'2025 Goal Data'!I:I,"") -> 0 | O73: =IFERROR(N73*H73,0) -> 0 | P73: =IFERROR(J73-N73,0) -> -1 | Q73: =P73-M73 -> 0 | U73: =(H73*K73)+H73 -> -1
A74: Newcastle | B74: Heineken USA | C74: =A74&"|"&B74 -> Newcastle|Heineken USA | D74: 0 | E74: 1 | F74: 1 | G74: 0 | H74: 0 | I74: =((G74*F74)+G74)+E74 -> 1 | J74: =IFERROR((I74/H74)-1,0) -> 0 | K74: =_xlfn.XLOOKUP(C74,'2025 Goal Data'!C:C,'2025 Goal Data'!F:F,"") | L74: =IFERROR(K74*H74,0) -> 0 | M74: =IFERROR(J74-K74,0) -> 0 | N74: =_xlfn.XLOOKUP(C74,'2025 Goal Data'!C:C,'2025 Goal Data'!I:I,"") | O74: =IFERROR(N74*H74,0) -> 0 | P74: =IFERROR(J74-N74,0) -> 0 | Q74: - | U74: -
A75: Boston Beer Company | C75: =A75&"|"&B75 -> Boston Beer Company| | D75: 333564.28 | E75: 347900.6 | F75: 0.042979 | G75: 65625.413 | H75: 399189.69 | I75: =((G75*F75)+G75)+E75 -> 416346.53 | J75: =IFERROR((I75/H75)-1,0) -> 0.042979171 | K75: =_xlfn.XLOOKUP(C75,'2025 Goal Data'!C:C,'2025 Goal Data'!F:F,"") -> 0.10912398 | L75: =IFERROR(K75*H75,0) -> 43561.166 | M75: =IFERROR(J75-K75,0) -> -0.066144806 | N75: =_xlfn.XLOOKUP(C75,'2025 Goal Data'!C:C,'2025 Goal Data'!I:I,"") -> 0.04053457 | O75: =IFERROR(N75*H75,0) -> 16180.983 | P75: =IFERROR(J75-N75,0) -> 0.0024446009 | Q75: =P75-M75 -> 0.068589407 | U75: =SUMIF(B:B,A75,K:K) -> 3.019
A76: Samuel Adams | B76: Boston Beer Company | C76: =A76&"|"&B76 -> Samuel Adams|Boston Beer Company | D76: 105360.08 | E76: 100208.83 | F76: -0.048892 | G76: 22801.979 | H76: 128162.06 | I76: =((G76*F76)+G76)+E76 -> 121895.97 | J76: =IFERROR((I76/H76)-1,0) -> -0.048891945 | K76: =_xlfn.XLOOKUP(C76,'2025 Goal Data'!C:C,'2025 Goal Data'!F:F,"") -> -0.008 | L76: =IFERROR(K76*H76,0) -> -1025.2965 | M76: =IFERROR(J76-K76,0) -> -0.040891945 | N76: =_xlfn.XLOOKUP(C76,'2025 Goal Data'!C:C,'2025 Goal Data'!I:I,"") -> -0.01 | O76: =IFERROR(N76*H76,0) -> -1281.6206 | P76: =IFERROR(J76-N76,0) -> -0.038891945 | Q76: =P76-M76 -> 0.002 | U76: =(H76*K76)+H76 -> 127136.77
A77: Twisted Tea | B77: Boston Beer Company | C77: =A77&"|"&B77 -> Twisted Tea|Boston Beer Company | D77: 105406.58 | E77: 91406.222 | F77: -0.132822 | G77: 17857.771 | H77: 123264.35 | I77: =((G77*F77)+G77)+E77 -> 106892.09 | J77: =IFERROR((I77/H77)-1,0) -> -0.13282234 | K77: =_xlfn.XLOOKUP(C77,'2025 Goal Data'!C:C,'2025 Goal Data'!F:F,"") -> -0.014 | L77: =IFERROR(K77*H77,0) -> -1725.7009 | M77: =IFERROR(J77-K77,0) -> -0.11882234 | N77: =_xlfn.XLOOKUP(C77,'2025 Goal Data'!C:C,'2025 Goal Data'!I:I,"") -> -0.014 | O77: =IFERROR(N77*H77,0) -> -1725.7009 | P77: =IFERROR(J77-N77,0) -> -0.11882234 | Q77: =P77-M77 -> 0 | U77: =(H77*K77)+H77 -> 121538.65
A78: Angry Orchard | B78: Boston Beer Company | C78: =A78&"|"&B78 -> Angry Orchard|Boston Beer Company | D78: 33021.021 | E78: 34055.926 | F78: 0.031341 | G78: 7737.3125 | H78: 40758.333 | I78: =((G78*F78)+G78)+E78 -> 42035.734 | J78: =IFERROR((I78/H78)-1,0) -> 0.031340846 | K78: =_xlfn.XLOOKUP(C78,'2025 Goal Data'!C:C,'2025 Goal Data'!F:F,"") -> 0.041 | L78: =IFERROR(K78*H78,0) -> 1671.0917 | M78: =IFERROR(J78-K78,0) -> -0.0096591537 | N78: =_xlfn.XLOOKUP(C78,'2025 Goal Data'!C:C,'2025 Goal Data'!I:I,"") -> 0.041 | O78: =IFERROR(N78*H78,0) -> 1671.0917 | P78: =IFERROR(J78-N78,0) -> -0.0096591537 | Q78: =P78-M78 -> 0 | U78: =(H78*K78)+H78 -> 42429.425
A79: Truly | B79: Boston Beer Company | C79: =A79&"|"&B79 -> Truly|Boston Beer Company | D79: 41511.271 | E79: 31747.007 | F79: -0.23522 | G79: 6149.368 | H79: 47660.639 | I79: =((G79*F79)+G79)+E79 -> 36449.92 | J79: =IFERROR((I79/H79)-1,0) -> -0.23521964 | K79: =_xlfn.XLOOKUP(C79,'2025 Goal Data'!C:C,'2025 Goal Data'!F:F,"") -> -0.056 | L79: =IFERROR(K79*H79,0) -> -2668.9958 | M79: =IFERROR(J79-K79,0) -> -0.17921964 | N79: =_xlfn.XLOOKUP(C79,'2025 Goal Data'!C:C,'2025 Goal Data'!I:I,"") -> -0.15 | O79: =IFERROR(N79*H79,0) -> -7149.0958 | P79: =IFERROR(J79-N79,0) -> -0.085219638 | Q79: =P79-M79 -> 0.094 | U79: =(H79*K79)+H79 -> 44991.643
A80: Dogfish Head Beer | B80: Boston Beer Company | C80: =A80&"|"&B80 -> Dogfish Head Beer|Boston Beer Company | D80: 28801.8 | E80: 31742.747 | F80: 0.10211 | G80: 5802.7556 | H80: 34604.556 | I80: =((G80*F80)+G80)+E80 -> 38138.022 | J80: =IFERROR((I80/H80)-1,0) -> 0.10210987 | K80: =_xlfn.XLOOKUP(C80,'2025 Goal Data'!C:C,'2025 Goal Data'!F:F,"") -> 0.006 | L80: =IFERROR(K80*H80,0) -> 207.62733 | M80: =IFERROR(J80-K80,0) -> 0.096109869 | N80: =_xlfn.XLOOKUP(C80,'2025 Goal Data'!C:C,'2025 Goal Data'!I:I,"") -> -0.05 | O80: =IFERROR(N80*H80,0) -> -1730.2278 | P80: =IFERROR(J80-N80,0) -> 0.15210987 | Q80: =P80-M80 -> 0.056 | U80: =(H80*K80)+H80 -> 34812.183
A81: Sun Cruiser | B81: Boston Beer Company | C81: =A81&"|"&B81 -> Sun Cruiser|Boston Beer Company | D81: 13086 | E81: 48358.25 | F81: 2.695419 | G81: 3143 | H81: 16229 | I81: =((G81*F81)+G81)+E81 -> 59972.952 | J81: =IFERROR((I81/H81)-1,0) -> 2.6954188 | K81: =_xlfn.XLOOKUP(C81,'2025 Goal Data'!C:C,'2025 Goal Data'!F:F,"") -> 2.77 | L81: =IFERROR(K81*H81,0) -> 44954.33 | M81: =IFERROR(J81-K81,0) -> -0.074581187 | N81: =_xlfn.XLOOKUP(C81,'2025 Goal Data'!C:C,'2025 Goal Data'!I:I,"") -> 1.5 | O81: =IFERROR(N81*H81,0) -> 24343.5 | P81: =IFERROR(J81-N81,0) -> 1.1954188 | Q81: =P81-M81 -> 1.27 | U81: =(H81*K81)+H81 -> 61183.33
A82: Hard Mountain Dew | B82: Boston Beer Company | C82: =A82&"|"&B82 -> Hard Mountain Dew|Boston Beer Company | D82: 0 | E82: 4876 | F82: 1 | G82: 1385 | H82: 1385 | I82: =((G82*F82)+G82)+E82 -> 7646 | J82: =IFERROR((I82/H82)-1,0) -> 4.5205776 | K82: =_xlfn.XLOOKUP(C82,'2025 Goal Data'!C:C,'2025 Goal Data'!F:F,"") -> 0 | L82: =IFERROR(K82*H82,0) -> 0 | M82: =IFERROR(J82-K82,0) -> 4.5205776 | N82: =_xlfn.XLOOKUP(C82,'2025 Goal Data'!C:C,'2025 Goal Data'!I:I,"") -> 0 | O82: =IFERROR(N82*H82,0) -> 0 | P82: =IFERROR(J82-N82,0) -> 4.5205776 | Q82: =P82-M82 -> 0 | U82: =(H82*K82)+H82 -> 1385
A83: Dogfish Head Spirits | B83: Boston Beer Company | C83: =A83&"|"&B83 -> Dogfish Head Spirits|Boston Beer Company | D83: 6383.6338 | E83: 5505.6236 | F83: -0.137541 | G83: 748.22675 | H83: 7131.8605 | I83: =((G83*F83)+G83)+E83 -> 6150.9385 | J83: =IFERROR((I83/H83)-1,0) -> -0.13754083 | K83: =_xlfn.XLOOKUP(C83,'2025 Goal Data'!C:C,'2025 Goal Data'!F:F,"") -> 0.28 | L83: =IFERROR(K83*H83,0) -> 1996.9209 | M83: =IFERROR(J83-K83,0) -> -0.41754083 | N83: =_xlfn.XLOOKUP(C83,'2025 Goal Data'!C:C,'2025 Goal Data'!I:I,"") -> 0.28 | O83: =IFERROR(N83*H83,0) -> 1996.9209 | P83: =IFERROR(J83-N83,0) -> -0.41754083 | Q83: =P83-M83 -> 0 | U83: =(H83*K83)+H83 -> 9128.7815
A84: Sinless | B84: Boston Beer Company | C84: =A84&"|"&B84 -> Sinless|Boston Beer Company | D84: 0 | E84: 0 | F84: 1 | G84: 0 | H84: 0 | I84: =((G84*F84)+G84)+E84 -> 0 | J84: =IFERROR((I84/H84)-1,0) -> 0 | K84: =_xlfn.XLOOKUP(C84,'2025 Goal Data'!C:C,'2025 Goal Data'!F:F,"") | L84: =IFERROR(K84*H84,0) -> 0 | M84: =IFERROR(J84-K84,0) -> 0 | N84: =_xlfn.XLOOKUP(C84,'2025 Goal Data'!C:C,'2025 Goal Data'!I:I,"") | O84: =IFERROR(N84*H84,0) -> 0 | P84: =IFERROR(J84-N84,0) -> 0 | Q84: =P84-M84 -> 0 | U84: =(H84*K84)+H84 -> #VALUE!
A85: Jim Beam Kentucky | B85: Boston Beer Company | C85: =A85&"|"&B85 -> Jim Beam Kentucky|Boston Beer Company | D85: -13 | E85: 0 | F85: 1 | G85: 0 | H85: -13 | I85: =((G85*F85)+G85)+E85 -> 0 | J85: =IFERROR((I85/H85)-1,0) -> -1 | K85: =_xlfn.XLOOKUP(C85,'2025 Goal Data'!C:C,'2025 Goal Data'!F:F,"") -> 0 | L85: =IFERROR(K85*H85,0) -> 0 | M85: =IFERROR(J85-K85,0) -> -1 | N85: =_xlfn.XLOOKUP(C85,'2025 Goal Data'!C:C,'2025 Goal Data'!I:I,"") -> 0 | O85: =IFERROR(N85*H85,0) -> 0 | P85: =IFERROR(J85-N85,0) -> -1 | Q85: =P85-M85 -> 0 | U85: =(H85*K85)+H85 -> -13
A86: Coney Island | B86: Boston Beer Company | C86: =A86&"|"&B86 -> Coney Island|Boston Beer Company | D86: 6.888889 | E86: 0 | F86: -1 | G86: 0 | H86: 6.888889 | I86: =((G86*F86)+G86)+E86 -> 0 | J86: =IFERROR((I86/H86)-1,0) -> -1 | K86: =_xlfn.XLOOKUP(C86,'2025 Goal Data'!C:C,'2025 Goal Data'!F:F,"") -> 0 | L86: =IFERROR(K86*H86,0) -> 0 | M86: =IFERROR(J86-K86,0) -> -1 | N86: =_xlfn.XLOOKUP(C86,'2025 Goal Data'!C:C,'2025 Goal Data'!I:I,"") -> 0 | O86: =IFERROR(N86*H86,0) -> 0 | P86: =IFERROR(J86-N86,0) -> -1 | Q86: =P86-M86 -> 0 | U86: =(H86*K86)+H86 -> 6.888889
A87: Mark Anthony | C87: =A87&"|"&B87 -> Mark Anthony| | D87: 362806.38 | E87: 320491.15 | F87: -0.116633 | G87: 65133.594 | H87: 427939.97 | I87: =((G87*F87)+G87)+E87 -> 378028.01 | J87: =IFERROR((I87/H87)-1,0) -> -0.11663308 | K87: =_xlfn.XLOOKUP(C87,'2025 Goal Data'!C:C,'2025 Goal Data'!F:F,"") -> -0.044583429 | L87: =IFERROR(K87*H87,0) -> -19079.031 | M87: =IFERROR(J87-K87,0) -> -0.072049653 | N87: =_xlfn.XLOOKUP(C87,'2025 Goal Data'!C:C,'2025 Goal Data'!I:I,"") -> -0.067296181 | O87: =IFERROR(N87*H87,0) -> -28798.726 | P87: =IFERROR(J87-N87,0) -> -0.049336901 | Q87: =P87-M87 -> 0.022712752 | U87: =SUMIF(B:B,A87,K:K) -> 0.28
A88: White Claw | B88: Mark Anthony | C88: =A88&"|"&B88 -> White Claw|Mark Anthony | D88: 286002.46 | E88: 251913.6 | F88: -0.119191 | G88: 52508.2 | H88: 338510.66 | I88: =((G88*F88)+G88)+E88 -> 298163.29 | J88: =IFERROR((I88/H88)-1,0) -> -0.11919084 | K88: =_xlfn.XLOOKUP(C88,'2025 Goal Data'!C:C,'2025 Goal Data'!F:F,"") -> -0.06 | L88: =IFERROR(K88*H88,0) -> -20310.64 | M88: =IFERROR(J88-K88,0) -> -0.059190841 | N88: =_xlfn.XLOOKUP(C88,'2025 Goal Data'!C:C,'2025 Goal Data'!I:I,"") -> -0.08 | O88: =IFERROR(N88*H88,0) -> -27080.853 | P88: =IFERROR(J88-N88,0) -> -0.039190841 | Q88: =P88-M88 -> 0.02 | U88: =(H88*K88)+H88 -> 318200.02
A89: Mike's Hard Lemonade | B89: Mark Anthony | C89: =A89&"|"&B89 -> Mike's Hard Lemonade|Mark Anthony | D89: 41198.615 | E89: 30868.109 | F89: -0.250749 | G89: 6139.0706 | H89: 47337.686 | I89: =((G89*F89)+G89)+E89 -> 35467.814 | J89: =IFERROR((I89/H89)-1,0) -> -0.25074888 | K89: =_xlfn.XLOOKUP(C89,'2025 Goal Data'!C:C,'2025 Goal Data'!F:F,"") -> -0.17 | L89: =IFERROR(K89*H89,0) -> -8047.4066 | M89: =IFERROR(J89-K89,0) -> -0.080748881 | N89: =_xlfn.XLOOKUP(C89,'2025 Goal Data'!C:C,'2025 Goal Data'!I:I,"") -> -0.2 | O89: =IFERROR(N89*H89,0) -> -9467.5372 | P89: =IFERROR(J89-N89,0) -> -0.050748881 | Q89: =P89-M89 -> 0.03 | U89: =(H89*K89)+H89 -> 39290.279
A90: Cayman Jack | B90: Mark Anthony | C90: =A90&"|"&B90 -> Cayman Jack|Mark Anthony | D90: 24386.858 | E90: 25115.103 | F90: 0.029862 | G90: 4187.9067 | H90: 28574.765 | I90: =((G90*F90)+G90)+E90 -> 29428.069 | J90: =IFERROR((I90/H90)-1,0) -> 0.029862144 | K90: =_xlfn.XLOOKUP(C90,'2025 Goal Data'!C:C,'2025 Goal Data'!F:F,"") -> 0.22 | L90: =IFERROR(K90*H90,0) -> 6286.4483 | M90: =IFERROR(J90-K90,0) -> -0.19013786 | N90: =_xlfn.XLOOKUP(C90,'2025 Goal Data'!C:C,'2025 Goal Data'!I:I,"") -> 0.22 | O90: =IFERROR(N90*H90,0) -> 6286.4483 | P90: =IFERROR(J90-N90,0) -> -0.19013786 | Q90: =P90-M90 -> 0 | U90: =(H90*K90)+H90 -> 34861.213
A91: Mike's Harder | B91: Mark Anthony | C91: =A91&"|"&B91 -> Mike's Harder|Mark Anthony | D91: 9137.1069 | E91: 9493.6695 | F91: 0.039024 | G91: 1879.7505 | H91: 11016.857 | I91: =((G91*F91)+G91)+E91 -> 11446.775 | J91: =IFERROR((I91/H91)-1,0) -> 0.039023655 | K91: =_xlfn.XLOOKUP(C91,'2025 Goal Data'!C:C,'2025 Goal Data'!F:F,"") -> 0.09 | L91: =IFERROR(K91*H91,0) -> 991.51717 | M91: =IFERROR(J91-K91,0) -> -0.050976345 | N91: =_xlfn.XLOOKUP(C91,'2025 Goal Data'!C:C,'2025 Goal Data'!I:I,"") -> 0.09 | O91: =IFERROR(N91*H91,0) -> 991.51717 | P91: =IFERROR(J91-N91,0) -> -0.050976345 | Q91: =P91-M91 -> 0 | U91: =(H91*K91)+H91 -> 12008.375
A92: Mxd Cocktails | B92: Mark Anthony | C92: =A92&"|"&B92 -> Mxd Cocktails|Mark Anthony | D92: 2081.3328 | E92: 2550.666 | F92: 0.225496 | G92: 418.66656 | H92: 2499.9994 | I92: =((G92*F92)+G92)+E92 -> 3063.7402 | J92: =IFERROR((I92/H92)-1,0) -> 0.2254964 | K92: =_xlfn.XLOOKUP(C92,'2025 Goal Data'!C:C,'2025 Goal Data'!F:F,"") -> 0.2 | L92: =IFERROR(K92*H92,0) -> 499.99987 | M92: =IFERROR(J92-K92,0) -> 0.025496397 | N92: =_xlfn.XLOOKUP(C92,'2025 Goal Data'!C:C,'2025 Goal Data'!I:I,"") -> 0.2 | O92: =IFERROR(N92*H92,0) -> 499.99987 | P92: =IFERROR(J92-N92,0) -> 0.025496397 | Q92: =P92-M92 -> 0 | U92: =(H92*K92)+H92 -> 2999.9992
A93: Dillon's Cocktails | B93: Mark Anthony | C93: =A93&"|"&B93 -> Dillon's Cocktails|Mark Anthony | D93: 0 | E93: 550 | F93: 1 | G93: 0 | H93: 0 | I93: =((G93*F93)+G93)+E93 -> 550 | J93: =IFERROR((I93/H93)-1,0) -> 0 | K93: - | L93: =IFERROR(K93*H93,0) -> 0 | M93: =IFERROR(J93-K93,0) -> 0 | N93: =_xlfn.XLOOKUP(C93,'2025 Goal Data'!C:C,'2025 Goal Data'!I:I,"") | O93: =IFERROR(N93*H93,0) -> 0 | P93: =IFERROR(J93-N93,0) -> 0 | Q93: - | U93: -
A94: Pabst Brewing Company | C94: =A94&"|"&B94 -> Pabst Brewing Company| | D94: 244793.13 | E94: 216663.57 | F94: -0.114912 | G94: 45666.654 | H94: 290459.78 | I94: =((G94*F94)+G94)+E94 -> 257082.58 | J94: =IFERROR((I94/H94)-1,0) -> -0.11491162 | K94: =_xlfn.XLOOKUP(C94,'2025 Goal Data'!C:C,'2025 Goal Data'!F:F,"") -> -0.00037049023 | L94: =IFERROR(K94*H94,0) -> -107.61251 | M94: =IFERROR(J94-K94,0) -> -0.11454113 | N94: =_xlfn.XLOOKUP(C94,'2025 Goal Data'!C:C,'2025 Goal Data'!I:I,"") -> -0.0099882253 | O94: =IFERROR(N94*H94,0) -> -2901.1777 | P94: =IFERROR(J94-N94,0) -> -0.10492339 | Q94: =P94-M94 -> 0.0096177351 | U94: =SUMIF(B:B,A94,K:K) -> -0.92
A95: Pabst Brand | B95: Pabst Brewing Company | C95: =A95&"|"&B95 -> Pabst Brand|Pabst Brewing Company | D95: 137660.47 | E95: 132741.54 | F95: -0.035732 | G95: 26348.26 | H95: 164008.73 | I95: =((G95*F95)+G95)+E95 -> 158148.32 | J95: =IFERROR((I95/H95)-1,0) -> -0.035732274 | K95: =_xlfn.XLOOKUP(C95,'2025 Goal Data'!C:C,'2025 Goal Data'!F:F,"") | L95: =IFERROR(K95*H95,0) -> 0 | M95: =IFERROR(J95-K95,0) -> 0 | N95: =_xlfn.XLOOKUP(C95,'2025 Goal Data'!C:C,'2025 Goal Data'!I:I,"") | O95: =IFERROR(N95*H95,0) -> 0 | P95: =IFERROR(J95-N95,0) -> 0 | Q95: =P95-M95 -> 0 | U95: =(H95*K95)+H95 -> #VALUE!
A96: Colt 45 | B96: Pabst Brewing Company | C96: =A96&"|"&B96 -> Colt 45|Pabst Brewing Company | D96: 36386.666 | E96: 27797.122 | F96: -0.236063 | G96: 6655.9999 | H96: 43042.666 | I96: =((G96*F96)+G96)+E96 -> 32881.887 | J96: =IFERROR((I96/H96)-1,0) -> -0.23606296 | K96: =_xlfn.XLOOKUP(C96,'2025 Goal Data'!C:C,'2025 Goal Data'!F:F,"") -> -0.02 | L96: =IFERROR(K96*H96,0) -> -860.85332 | M96: =IFERROR(J96-K96,0) -> -0.21606296 | N96: =_xlfn.XLOOKUP(C96,'2025 Goal Data'!C:C,'2025 Goal Data'!I:I,"") -> -0.04 | O96: =IFERROR(N96*H96,0) -> -1721.7066 | P96: =IFERROR(J96-N96,0) -> -0.19606296 | Q96: =P96-M96 -> 0.02 | U96: =(H96*K96)+H96 -> 42181.813
A97: St Ides | B97: Pabst Brewing Company | C97: =A97&"|"&B97 -> St Ides|Pabst Brewing Company | D97: 15041.667 | E97: 12083.604 | F97: -0.196658 | G97: 2623.3334 | H97: 17665 | I97: =((G97*F97)+G97)+E97 -> 14191.037 | J97: =IFERROR((I97/H97)-1,0) -> -0.19665795 | K97: =_xlfn.XLOOKUP(C97,'2025 Goal Data'!C:C,'2025 Goal Data'!F:F,"") -> -0.05 | L97: =IFERROR(K97*H97,0) -> -883.25001 | M97: =IFERROR(J97-K97,0) -> -0.14665795 | N97: =_xlfn.XLOOKUP(C97,'2025 Goal Data'!C:C,'2025 Goal Data'!I:I,"") -> -0.05 | O97: =IFERROR(N97*H97,0) -> -883.25001 | P97: =IFERROR(J97-N97,0) -> -0.14665795 | Q97: =P97-M97 -> 0 | U97: =(H97*K97)+H97 -> 16781.75
A98: Old Milwaukee | B98: Pabst Brewing Company | C98: =A98&"|"&B98 -> Old Milwaukee|Pabst Brewing Company | D98: 14140.331 | E98: 13405.664 | F98: -0.051955 | G98: 2373.333 | H98: 16513.664 | I98: =((G98*F98)+G98)+E98 -> 15655.69 | J98: =IFERROR((I98/H98)-1,0) -> -0.051955365 | K98: =_xlfn.XLOOKUP(C98,'2025 Goal Data'!C:C,'2025 Goal Data'!F:F,"") -> -0.04 | L98: =IFERROR(K98*H98,0) -> -660.54656 | M98: =IFERROR(J98-K98,0) -> -0.011955365 | N98: =_xlfn.XLOOKUP(C98,'2025 Goal Data'!C:C,'2025 Goal Data'!I:I,"") -> -0.04 | O98: =IFERROR(N98*H98,0) -> -660.54656 | P98: =IFERROR(J98-N98,0) -> -0.011955365 | Q98: =P98-M98 -> 0 | U98: =(H98*K98)+H98 -> 15853.117
A99: Jack Daniels Country Cocktails | B99: Pabst Brewing Company | C99: =A99&"|"&B99 -> Jack Daniels Country Cocktails|Pabst Brewing Company | D99: 12515.56 | E99: 11256.435 | F99: -0.100605 | G99: 2114.3537 | H99: 14629.913 | I99: =((G99*F99)+G99)+E99 -> 13158.074 | J99: =IFERROR((I99/H99)-1,0) -> -0.1006048 | K99: =_xlfn.XLOOKUP(C99,'2025 Goal Data'!C:C,'2025 Goal Data'!F:F,"") -> 0.04 | L99: =IFERROR(K99*H99,0) -> 585.19653 | M99: =IFERROR(J99-K99,0) -> -0.1406048 | N99: =_xlfn.XLOOKUP(C99,'2025 Goal Data'!C:C,'2025 Goal Data'!I:I,"") -> 0.02 | O99: =IFERROR(N99*H99,0) -> 292.59826 | P99: =IFERROR(J99-N99,0) -> -0.1206048 | Q99: =P99-M99 -> 0.02 | U99: =(H99*K99)+H99 -> 15215.11
A100: Schlitz Malt | B100: Pabst Brewing Company | C100: =A100&"|"&B100 -> Schlitz Malt|Pabst Brewing Company | D100: 8848.6662 | E100: 8021.2489 | F100: -0.093508 | G100: 1812.9999 | H100: 10661.666 | I100: =((G100*F100)+G100)+E100 -> 9664.7188 | J100: =IFERROR((I100/H100)-1,0) -> -0.09350764 | K100: =_xlfn.XLOOKUP(C100,'2025 Goal Data'!C:C,'2025 Goal Data'!F:F,"") -> 0.02 | L100: =IFERROR(K100*H100,0) -> 213.23332 | M100: =IFERROR(J100-K100,0) -> -0.11350764 | N100: =_xlfn.XLOOKUP(C100,'2025 Goal Data'!C:C,'2025 Goal Data'!I:I,"") -> 0.02 | O100: =IFERROR(N100*H100,0) -> 213.23332 | P100: =IFERROR(J100-N100,0) -> -0.11350764 | Q100: =P100-M100 -> 0 | U100: =(H100*K100)+H100 -> 10874.899
A101: Ballantine Ale | B101: Pabst Brewing Company | C101: =A101&"|"&B101 -> Ballantine Ale|Pabst Brewing Company | D101: 8751.9996 | E101: 485.33333 | F101: -0.944546 | G101: 1595.6666 | H101: 10347.666 | I101: =((G101*F101)+G101)+E101 -> 573.81943 | J101: =IFERROR((I101/H101)-1,0) -> -0.94454601 | K101: =_xlfn.XLOOKUP(C101,'2025 Goal Data'!C:C,'2025 Goal Data'!F:F,"") -> -1 | L101: =IFERROR(K101*H101,0) -> -10347.666 | M101: =IFERROR(J101-K101,0) -> 0.055453995 | N101: =_xlfn.XLOOKUP(C101,'2025 Goal Data'!C:C,'2025 Goal Data'!I:I,"") -> -1 | O101: =IFERROR(N101*H101,0) -> -10347.666 | P101: =IFERROR(J101-N101,0) -> 0.055453995 | Q101: =P101-M101 -> 0 | U101: =(H101*K101)+H101 -> 0
A102: Schaefer | B102: Pabst Brewing Company | C102: =A102&"|"&B102 -> Schaefer|Pabst Brewing Company | D102: 3458.75 | E102: 3930 | F102: 0.136249 | G102: 688.75 | H102: 4147.5 | I102: =((G102*F102)+G102)+E102 -> 4712.5915 | J102: =IFERROR((I102/H102)-1,0) -> 0.1362487 | K102: =_xlfn.XLOOKUP(C102,'2025 Goal Data'!C:C,'2025 Goal Data'!F:F,"") -> 0.05 | L102: =IFERROR(K102*H102,0) -> 207.375 | M102: =IFERROR(J102-K102,0) -> 0.086248704 | N102: =_xlfn.XLOOKUP(C102,'2025 Goal Data'!C:C,'2025 Goal Data'!I:I,"") -> 0.05 | O102: =IFERROR(N102*H102,0) -> 207.375 | P102: =IFERROR(J102-N102,0) -> 0.086248704 | Q102: =P102-M102 -> 0 | U102: =(H102*K102)+H102 -> 4354.875
A103: Country Club | B103: Pabst Brewing Company | C103: =A103&"|"&B103 -> Country Club|Pabst Brewing Company | D103: 2826.666 | E103: 2849.3326 | F103: 0.008019 | G103: 471.99988 | H103: 3298.6658 | I103: =((G103*F103)+G103)+E103 -> 3325.1175 | J103: =IFERROR((I103/H103)-1,0) -> 0.0080188868 | K103: =_xlfn.XLOOKUP(C103,'2025 Goal Data'!C:C,'2025 Goal Data'!F:F,"") -> 0.02 | L103: =IFERROR(K103*H103,0) -> 65.973317 | M103: =IFERROR(J103-K103,0) -> -0.011981113 | N103: =_xlfn.XLOOKUP(C103,'2025 Goal Data'!C:C,'2025 Goal Data'!I:I,"") -> 0.02 | O103: =IFERROR(N103*H103,0) -> 65.973317 | P103: =IFERROR(J103-N103,0) -> -0.011981113 | Q103: =P103-M103 -> 0 | U103: =(H103*K103)+H103 -> 3364.6392
A104: Small Town | B104: Pabst Brewing Company | C104: =A104&"|"&B104 -> Small Town|Pabst Brewing Company | D104: 1570 | E104: 1539 | F104: -0.019745 | G104: 341 | H104: 1911 | I104: =((G104*F104)+G104)+E104 -> 1873.267 | J104: =IFERROR((I104/H104)-1,0) -> -0.019745183 | K104: =_xlfn.XLOOKUP(C104,'2025 Goal Data'!C:C,'2025 Goal Data'!F:F,"") -> 0.02 | L104: =IFERROR(K104*H104,0) -> 38.22 | M104: =IFERROR(J104-K104,0) -> -0.039745183 | N104: =_xlfn.XLOOKUP(C104,'2025 Goal Data'!C:C,'2025 Goal Data'!I:I,"") -> 0.02 | O104: =IFERROR(N104*H104,0) -> 38.22 | P104: =IFERROR(J104-N104,0) -> -0.039745183 | Q104: =P104-M104 -> 0 | U104: =(H104*K104)+H104 -> 1949.22
A105: New Holland Brewing Co | B105: Pabst Brewing Company | C105: =A105&"|"&B105 -> New Holland Brewing Co|Pabst Brewing Company | D105: 1042.2083 | E105: 933.33334 | F105: -0.104466 | G105: 278.33333 | H105: 1320.5417 | I105: =((G105*F105)+G105)+E105 -> 1182.5903 | J105: =IFERROR((I105/H105)-1,0) -> -0.10446575 | K105: =_xlfn.XLOOKUP(C105,'2025 Goal Data'!C:C,'2025 Goal Data'!F:F,"") -> 0.01 | L105: =IFERROR(K105*H105,0) -> 13.205417 | M105: =IFERROR(J105-K105,0) -> -0.11446575 | N105: =_xlfn.XLOOKUP(C105,'2025 Goal Data'!C:C,'2025 Goal Data'!I:I,"") -> 0.01 | O105: =IFERROR(N105*H105,0) -> 13.205417 | P105: =IFERROR(J105-N105,0) -> -0.11446575 | Q105: =P105-M105 -> 0 | U105: =(H105*K105)+H105 -> 1333.7471
A106: Lone Star | B106: Pabst Brewing Company | C106: =A106&"|"&B106 -> Lone Star|Pabst Brewing Company | D106: 893 | E106: 935 | F106: 0.047032 | G106: 228 | H106: 1121 | I106: =((G106*F106)+G106)+E106 -> 1173.7233 | J106: =IFERROR((I106/H106)-1,0) -> 0.047032378 | K106: =_xlfn.XLOOKUP(C106,'2025 Goal Data'!C:C,'2025 Goal Data'!F:F,"") -> 0.02 | L106: =IFERROR(K106*H106,0) -> 22.42 | M106: =IFERROR(J106-K106,0) -> 0.027032378 | N106: =_xlfn.XLOOKUP(C106,'2025 Goal Data'!C:C,'2025 Goal Data'!I:I,"") -> 0.02 | O106: =IFERROR(N106*H106,0) -> 22.42 | P106: =IFERROR(J106-N106,0) -> 0.027032378 | Q106: =P106-M106 -> 0 | U106: =(H106*K106)+H106 -> 1143.42
A107: EL Jimador | B107: Pabst Brewing Company | C107: =A107&"|"&B107 -> EL Jimador|Pabst Brewing Company | D107: 1657.1462 | E107: 685.95853 | F107: -0.58606 | G107: 134.62504 | H107: 1791.7712 | I107: =((G107*F107)+G107)+E107 -> 741.68521 | J107: =IFERROR((I107/H107)-1,0) -> -0.58606031 | K107: =_xlfn.XLOOKUP(C107,'2025 Goal Data'!C:C,'2025 Goal Data'!F:F,"") -> 0.01 | L107: =IFERROR(K107*H107,0) -> 17.917712 | M107: =IFERROR(J107-K107,0) -> -0.59606031 | N107: =_xlfn.XLOOKUP(C107,'2025 Goal Data'!C:C,'2025 Goal Data'!I:I,"") -> 0.01 | O107: =IFERROR(N107*H107,0) -> 17.917712 | P107: =IFERROR(J107-N107,0) -> -0.59606031 | Q107: =P107-M107 -> 0 | U107: =(H107*K107)+H107 -> 1809.6889
A108: DG Yuengling Inc | C108: =A108&"|"&B108 -> DG Yuengling Inc| | D108: 197011.75 | E108: 183878.19 | F108: -0.066664 | G108: 39897 | H108: 236908.75 | I108: =((G108*F108)+G108)+E108 -> 221115.5 | J108: =IFERROR((I108/H108)-1,0) -> -0.066663847 | K108: =_xlfn.XLOOKUP(C108,'2025 Goal Data'!C:C,'2025 Goal Data'!F:F,"") -> 0.012893983 | L108: =IFERROR(K108*H108,0) -> 3054.6974 | M108: =IFERROR(J108-K108,0) -> -0.07955783 | N108: =_xlfn.XLOOKUP(C108,'2025 Goal Data'!C:C,'2025 Goal Data'!I:I,"") -> 0.0068028357 | O108: =IFERROR(N108*H108,0) -> 1611.6513 | P108: =IFERROR(J108-N108,0) -> -0.073466683 | Q108: =P108-M108 -> 0.0060911474 | U108: =SUMIF(B:B,A108,K:K) -> 0.208
A109: Yuengling Lager | B109: DG Yuengling Inc | C109: =A109&"|"&B109 -> Yuengling Lager|DG Yuengling Inc | D109: 167528.67 | E109: 156957.28 | F109: -0.063102 | G109: 34565.333 | H109: 202094 | I109: =((G109*F109)+G109)+E109 -> 189341.47 | J109: =IFERROR((I109/H109)-1,0) -> -0.063101973 | K109: =_xlfn.XLOOKUP(C109,'2025 Goal Data'!C:C,'2025 Goal Data'!F:F,"") -> 0.012 | L109: =IFERROR(K109*H109,0) -> 2425.128 | M109: =IFERROR(J109-K109,0) -> -0.075101973 | N109: =_xlfn.XLOOKUP(C109,'2025 Goal Data'!C:C,'2025 Goal Data'!I:I,"") -> 0.01 | O109: =IFERROR(N109*H109,0) -> 2020.94 | P109: =IFERROR(J109-N109,0) -> -0.073101973 | Q109: =P109-M109 -> 0.002 | U109: =(H109*K109)+H109 -> 204519.13
...

Sheet DATA - Segments
A1: Brand Family | B1: Supplier | C1: UNIQUE ID | D1: Segment | E1: Sub-Segments | F1: UNIQUE ID 2
A2: Corona Extra | B2: Constellation Brands | C2: =A2&"|"&B2 -> Corona Extra|Constellation Brands | D2: Beer | E2: Beer - Import | F2: =A2&"|"&B2&"|"&D2&"|"&E2 -> Corona Extra|Constellation Brands|Beer|Beer - Import
A3: Modelo Especial | B3: Constellation Brands | C3: =A3&"|"&B3 -> Modelo Especial|Constellation Brands | D3: Beer | E3: Beer - Import | F3: =A3&"|"&B3&"|"&D3&"|"&E3 -> Modelo Especial|Constellation Brands|Beer|Beer - Import
A4: Coors Light | B4: MolsonCoors Beverage Company | C4: =A4&"|"&B4 -> Coors Light|MolsonCoors Beverage Company | D4: Beer | E4: Beer - Premium | F4: =A4&"|"&B4&"|"&D4&"|"&E4 -> Coors Light|MolsonCoors Beverage Company|Beer|Beer - Premium
A5: Lite | B5: MolsonCoors Beverage Company | C5: =A5&"|"&B5 -> Lite|MolsonCoors Beverage Company | D5: Beer | E5: Beer - Premium | F5: =A5&"|"&B5&"|"&D5&"|"&E5 -> Lite|MolsonCoors Beverage Company|Beer|Beer - Premium
A6: Heineken USA | B6: Heineken USA | C6: =A6&"|"&B6 -> Heineken USA|Heineken USA | D6: Beer | E6: Beer - Import | F6: =A6&"|"&B6&"|"&D6&"|"&E6 -> Heineken USA|Heineken USA|Beer|Beer - Import
A7: White Claw | B7: Mark Anthony | C7: =A7&"|"&B7 -> White Claw|Mark Anthony | D7: Seltzer | E7: Seltzer | F7: =A7&"|"&B7&"|"&D7&"|"&E7 -> White Claw|Mark Anthony|Seltzer|Seltzer
A8: Yuengling Lager | B8: DG Yuengling Inc | C8: =A8&"|"&B8 -> Yuengling Lager|DG Yuengling Inc | D8: Beer | E8: Beer - Economy | F8: =A8&"|"&B8&"|"&D8&"|"&E8 -> Yuengling Lager|DG Yuengling Inc|Beer|Beer - Economy
A9: Pabst Brewing Company | B9: Pabst Brewing Company | C9: =A9&"|"&B9 -> Pabst Brewing Company|Pabst Brewing Company | D9: Beer | E9: Beer - Economy | F9: =A9&"|"&B9&"|"&D9&"|"&E9 -> Pabst Brewing Company|Pabst Brewing Company|Beer|Beer - Economy
A10: Blue Moon | B10: MolsonCoors Beverage Company | C10: =A10&"|"&B10 -> Blue Moon|MolsonCoors Beverage Company | D10: Beer | E10: Beer - Craft | F10: =A10&"|"&B10&"|"&D10&"|"&E10 -> Blue Moon|MolsonCoors Beverage Company|Beer|Beer - Craft
A11: Samuel Adams | B11: Boston Beer Company | C11: =A11&"|"&B11 -> Samuel Adams|Boston Beer Company | D11: Beer | E11: Beer - Craft | F11: =A11&"|"&B11&"|"&D11&"|"&E11 -> Samuel Adams|Boston Beer Company|Beer|Beer - Craft
A12: Coors | B12: MolsonCoors Beverage Company | C12: =A12&"|"&B12 -> Coors|MolsonCoors Beverage Company | D12: Beer | E12: Beer - Premium | F12: =A12&"|"&B12&"|"&D12&"|"&E12 -> Coors|MolsonCoors Beverage Company|Beer|Beer - Premium
A13: Twisted Tea | B13: Boston Beer Company | C13: =A13&"|"&B13 -> Twisted Tea|Boston Beer Company | D13: FMB | E13: FMB | F13: =A13&"|"&B13&"|"&D13&"|"&E13 -> Twisted Tea|Boston Beer Company|FMB|FMB
... A344: Truly | B344: Boston Beer Company | C344: =A344&"|"&B344 -> Truly|Boston Beer Company | D344: RTD | E344: RTD | F344: =A344&"|"&B344&"|"&D344&"|"&E344 -> Truly|Boston Beer Company|RTD|RTD

Sheet 2025 Goal Data
A1: Supplier / Brand Family | B1: Supplier | D1: Estimated 2024 Finish | E1: Estimated % +/- | F1: 2025 Brewery Goal +/- % | G1: 2025 Brewery CE Change | H1: 2025 Brewery Goal | I1: 2025 Kohler Goal +/- % | J1: 2025 Kohler Goal CE Change | K1: 2025 Kohler Goal | L1: Kohler v. Brewery
A2: Total | D2: =SUMIF($B3:$B559,"<>",D3:D559) -> 7537748.6 | F2: =G2/D2 -> 0.029168612 | G2: =SUMIF($B3:$B559,"<>",G3:G559) -> 219865.67 | H2: =SUMIF($B3:$B559,"<>",H3:H559) -> 7781627.7 | I2: =J2/D2 -> 0.021673233 | J2: =SUMIF($B3:$B559,"<>",J3:J559) -> 163367.38 | K2: =SUMIF($B3:$B559,"<>",K3:K559) -> 7710426.2 | L2: =K2-H2 -> -71201.483
A3: Constellation Brands | C3: =A3 & "|" & B3 -> Constellation Brands| | D3: ='[1]2024 Finish'!H3 -> 2780450 | E3: ='[1]2024 Finish'!I3 -> 0.042774057 | F3: =G3/D3 -> 0.045978764 | G3: =SUMIF($B4:$B425,$B4,G4:G425) -> 127841.65 | H3: =SUMIF($B4:$B425,$B4,H4:H425) -> 2908291.7 | I3: =J3/D3 -> 0.045978764 | J3: =SUMIF($B4:$B425,$B4,J4:J425) -> 127841.65 | K3: =SUMIF($B4:$B425,$B4,K4:K425) -> 2908291.7 | L3: =K3-H3 -> 0
A4: Corona Extra | B4: Constellation Brands | C4: =A4 & "|" & B4 -> Corona Extra|Constellation Brands | D4: 1315433 | E4: ='[1]2024 Finish'!I4 -> 0.015 | F4: 0.01 | G4: =F4*D4 -> 13154.33 | H4: =D4+G4 -> 1328587.3 | I4: 0.01 | J4: =I4*D4 -> 13154.33 | K4: =D4+J4 -> 1328587.3 | L4: =K4-H4 -> 0
A5: Modelo Especial | B5: Constellation Brands | C5: =A5 & "|" & B5 -> Modelo Especial|Constellation Brands | D5: 1118793 | E5: ='[1]2024 Finish'!I5 -> 0.07062533 | F5: 0.075 | G5: =F5*D5 -> 83909.475 | H5: =D5+G5 -> 1202702.5 | I5: 0.075 | J5: =I5*D5 -> 83909.475 | K5: =D5+J5 -> 1202702.5 | L5: =K5-H5 -> 0
A6: Modelo Chelada | B6: Constellation Brands | C6: =A6 & "|" & B6 -> Modelo Chelada|Constellation Brands | D6: 78115 | E6: ='[1]2024 Finish'!I6 -> 0.27759969 | F6: 0.1 | G6: =F6*D6 -> 7811.5 | H6: =D6+G6 -> 85926.5 | I6: 0.1 | J6: =I6*D6 -> 7811.5 | K6: =D6+J6 -> 85926.5 | L6: =K6-H6 -> 0
A7: Corona Light | B7: Constellation Brands | C7: =A7 & "|" & B7 -> Corona Light|Constellation Brands | D7: 57906 | E7: ='[1]2024 Finish'!I7 -> -0.1043294 | F7: -0.09 | G7: =F7*D7 -> -5211.54 | H7: =D7+G7 -> 52694.46 | I7: -0.09 | J7: =I7*D7 -> -5211.54 | K7: =D7+J7 -> 52694.46 | L7: =K7-H7 -> 0
A8: Victoria | B8: Constellation Brands | C8: =A8 & "|" & B8 -> Victoria|Constellation Brands | D8: 56226 | E8: ='[1]2024 Finish'!I8 -> 0.22144585 | F8: 0.24 | G8: =F8*D8 -> 13494.24 | H8: =D8+G8 -> 69720.24 | I8: 0.24 | J8: =I8*D8 -> 13494.24 | K8: =D8+J8 -> 69720.24 | L8: =K8-H8 -> 0
A9: Corona Premier | B9: Constellation Brands | C9: =A9 & "|" & B9 -> Corona Premier|Constellation Brands | D9: 38121 | E9: ='[1]2024 Finish'!I9 -> -0.12786381 | F9: -0.09 | G9: =F9*D9 -> -3430.89 | H9: =D9+G9 -> 34690.11 | I9: -0.09 | J9: =I9*D9 -> -3430.89 | K9: =D9+J9 -> 34690.11 | L9: =K9-H9 -> 0
A10: Corona Familiar | B10: Constellation Brands | C10: =A10 & "|" & B10 -> Corona Familiar|Constellation Brands | D10: 32410 | E10: ='[1]2024 Finish'!I10 -> 0.060467415 | F10: 0.04 | G10: =F10*D10 -> 1296.4 | H10: =D10+G10 -> 33706.4 | I10: 0.04 | J10: =I10*D10 -> 1296.4 | K10: =D10+J10 -> 33706.4 | L10: =K10-H10 -> 0
A11: Modelo Negra | B11: Constellation Brands | C11: =A11 & "|" & B11 -> Modelo Negra|Constellation Brands | D11: 26615 | E11: ='[1]2024 Finish'!I11 -> 0.0078342955 | F11: 0.05 | G11: =F11*D11 -> 1330.75 | H11: =D11+G11 -> 27945.75 | I11: 0.05 | J11: =I11*D11 -> 1330.75 | K11: =D11+J11 -> 27945.75 | L11: =K11-H11 -> 0
A12: Pacifico | B12: Constellation Brands | C12: =A12 & "|" & B12 -> Pacifico|Constellation Brands | D12: 27834 | E12: ='[1]2024 Finish'!I12 -> 0.29244724 | F12: 0.26 | G12: =F12*D12 -> 7236.84 | H12: =D12+G12 -> 35070.84 | I12: 0.26 | J12: =I12*D12 -> 7236.84 | K12: =D12+J12 -> 35070.84 | L12: =K12-H12 -> 0
A13: Corona Refresca | B13: Constellation Brands | C13: =A13 & "|" & B13 -> Corona Refresca|Constellation Brands | D13: 5248 | E13: ='[1]2024 Finish'!I13 -> -0.36656608 | F13: -0.8 | G13: =F13*D13 -> -4198.4 | H13: =D13+G13 -> 1049.6 | I13: -0.8 | J13: =I13*D13 -> -4198.4 | K13: =D13+J13 -> 1049.6 | L13: =K13-H13 -> 0
A14: Corona NA | B14: Constellation Brands | C14: =A14 & "|" & B14 -> Corona NA|Constellation Brands | D14: 5950 | E14: ='[1]2024 Finish'!I14 -> 0.3905118 | F14: 0.6 | G14: =F14*D14 -> 3570 | H14: =D14+G14 -> 9520 | I14: 0.6 | J14: =I14*D14 -> 3570 | K14: =D14+J14 -> 9520 | L14: =K14-H14 -> 0
A15: Modelo Oro | B15: Constellation Brands | C15: =A15 & "|" & B15 -> Modelo Oro|Constellation Brands | D15: 6350 | E15: ='[1]2024 Finish'!I15 -> -0.11744267 | F15: 0.2 | G15: =F15*D15 -> 1270 | H15: =D15+G15 -> 7620 | I15: 0.2 | J15: =I15*D15 -> 1270 | K15: =D15+J15 -> 7620 | L15: =K15-H15 -> 0
... A19: Corona Sunbrew | B19: Constellation Brands | C19: =A19 & "|" & B19 -> Corona Sunbrew|Constellation Brands | D19: 5226 | E19: ='[1]2024 Finish'!I19 -> #DIV/0! | F19: 1.6 | G19: =F19*D19 -> 8361.6 | H19: =D19+G19 -> 13587.6 | I19: 1.6 | J19: =I19*D19 -> 8361.6 | K19: =D19+J19 -> 13587.6 | L19: =K19-H19 -> 0
A20: MolsonCoors Beverage Company | C20: =A20 & "|" & B20 -> MolsonCoors Beverage Company| | D20: 2033257 | E20: ='[1]2024 Finish'!I20 -> -0.021664253 | F20: 0.007 | G20: =SUMIF($B21:$B442,$B21,G21:G442) -> -18470.489 | H20: 1996457 | I20: =J20/D20 -> -0.012399729 | J20: =SUMIF($B21:$B442,$B21,J21:J442) -> -25211.836 | K20: =SUMIF($B21:$B442,$B21,K21:K442) -> 1991569.4 | L20: =K20-H20 -> -4887.636
A21: Coors Light | B21: MolsonCoors Beverage Company | C21: =A21 & "|" & B21 -> Coors Light|MolsonCoors Beverage Company | D21: 885255 | E21: -0.045 | F21: -0.045 | G21: =F21*D21 -> -39836.475 | H21: 814085 | I21: -0.04 | J21: =I21*D21 -> -35410.2 | K21: 814085 | L21: =K21-H21 -> 0
A22: Lite | B22: MolsonCoors Beverage Company | C22: =A22 & "|" & B22 -> Lite|MolsonCoors Beverage Company | D22: 555786 | E22: ='[1]2024 Finish'!I22 -> 0.032166428 | F22: 0.083 | G22: 17536 | H22: 588307 | I22: 0.03 | J22: 16970 | K22: 582650 | L22: =K22-H22 -> -5657
A23: Blue Moon | B23: MolsonCoors Beverage Company | C23: =A23 & "|" & B23 -> Blue Moon|MolsonCoors Beverage Company | D23: 133579 | E23: -0.0327 | F23: -0.009 | G23: =F23*D23 -> -1202.211 | H23: 129909 | I23: -0.05 | J23: =I23*D23 -> -6678.95 | K23: =D23+J23 -> 126900.05 | L23: =K23-H23 -> -3008.95
A24: Coors | B24: MolsonCoors Beverage Company | C24: =A24 & "|" & B24 -> Coors|MolsonCoors Beverage Company | D24: 107949 | E24: -0.0084 | F24: -0.009 | G24: =F24*D24 -> -971.541 | H24: 111995 | I24: 0.067 | J24: =I24*D24 -> 7232.583 | K24: =D24+J24 -> 115181.58 | L24: =K24-H24 -> 3186.583
A25: Miller High Life | B25: MolsonCoors Beverage Company | C25: =A25 & "|" & B25 -> Miller High Life|MolsonCoors Beverage Company | D25: 69738 | E25: 0.0089 | F25: 0.035 | G25: =F25*D25 -> 2440.83 | H25: 70138 | I25: 0.035 | J25: =I25*D25 -> 2440.83 | K25: =D25+J25 -> 72178.83 | L25: =K25-H25 -> 2040.83
A26: Peroni | B26: MolsonCoors Beverage Company | C26: =A26 & "|" & B26 -> Peroni|MolsonCoors Beverage Company | D26: 51342 | E26: 0.0301 | F26: 0.2 | G26: =F26*D26 -> 10268.4 | H26: =D26+G26 -> 61610.4 | I26: 0.15 | J26: =I26*D26 -> 7701.3 | K26: =D26+J26 -> 59043.3 | L26: =K26-H26 -> -2567.1
A27: Fosters | B27: MolsonCoors Beverage Company | C27: =A27 & "|" & B27 -> Fosters|MolsonCoors Beverage Company | D27: 25173 | E27: 0.0296 | F27: 0.009 | G27: =F27*D27 -> 226.557 | H27: =D27+G27 -> 25399.557 | I27: 0.009 | J27: =I27*D27 -> 226.557 | K27: =D27+J27 -> 25399.557 | L27: =K27-H27 -> 0
A28: Arnold Palmer | B28: MolsonCoors Beverage Company | C28: =A28 & "|" & B28 -> Arnold Palmer|MolsonCoors Beverage Company | D28: 21654 | E28: -0.1247 | F28: 0.254 | G28: =F28*D28 -> 5500.116 | H28: =D28+G28 -> 27154.116 | I28: 0.15 | J28: =I28*D28 -> 3248.1 | K28: =D28+J28 -> 24902.1 | L28: =K28-H28 -> -2252.016
A29: Keystone | B29: MolsonCoors Beverage Company | C29: =A29 & "|" & B29 -> Keystone|MolsonCoors Beverage Company | D29: 17623 | E29: -0.2238 | F29: -0.033 | G29: =F29*D29 -> -581.559 | H29: =D29+G29 -> 17041.441 | I29: -0.2 | J29: =I29*D29 -> -3524.6 | K29: =D29+J29 -> 14098.4 | L29: =K29-H29 -> -2943.041
A30: Tyskie Gronie | B30: MolsonCoors Beverage Company | C30: =A30 & "|" & B30 -> Tyskie Gronie|MolsonCoors Beverage Company | D30: 19806 | E30: ='[1]2024 Finish'!I30 -> -0.011750394 | F30: 0.009 | G30: =F30*D30 -> 178.254 | H30: =D30+G30 -> 19984.254 | I30: 0.009 | J30: =I30*D30 -> 178.254 | K30: =D30+J30 -> 19984.254 | L30: =K30-H30 -> 0
A31: Steel Reserve | B31: MolsonCoors Beverage Company | C31: =A31 & "|" & B31 -> Steel Reserve|MolsonCoors Beverage Company | D31: 14268 | E31: 0.0457 | F31: -0.112 | G31: =F31*D31 -> -1598.016 | H31: =D31+G31 -> 12669.984 | I31: -0.112 | J31: =I31*D31 -> -1598.016 | K31: =D31+J31 -> 12669.984 | L31: =K31-H31 -> 0
A32: Molson | B32: MolsonCoors Beverage Company | C32: =A32 & "|" & B32 -> Molson|MolsonCoors Beverage Company | D32: 12704 | E32: -0.0802 | F32: -0.089 | G32: =F32*D32 -> -1130.656 | H32: =D32+G32 -> 11573.344 | I32: -0.089 | J32: =I32*D32 -> -1130.656 | K32: =D32+J32 -> 11573.344 | L32: =K32-H32 -> 0
A33: Miller Genuine Draft | B33: MolsonCoors Beverage Company | C33: =A33 & "|" & B33 -> Miller Genuine Draft|MolsonCoors Beverage Company | D33: 10757 | E33: -0.2 | F33: -0.089 | G33: =F33*D33 -> -957.373 | H33: =D33+G33 -> 9799.627 | I33: -0.15 | J33: =I33*D33 -> -1613.55 | K33: =D33+J33 -> 9143.45 | L33: =K33-H33 -> -656.177
A34: Milwaukee's Best Ice | B34: MolsonCoors Beverage Company | C34: =A34 & "|" & B34 -> Milwaukee's Best Ice|MolsonCoors Beverage Company | D34: 10256 | E34: ='[1]2024 Finish'!I34 -> -0.24605785 | F34: -0.092 | G34: =F34*D34 -> -943.552 | H34: =D34+G34 -> 9312.448 | I34: -0.15 | J34: =I34*D34 -> -1538.4 | K34: =D34+J34 -> 8717.6 | L34: =K34-H34 -> -594.848
A35: Cusquena | B35: MolsonCoors Beverage Company | C35: =A35 & "|" & B35 -> Cusquena|MolsonCoors Beverage Company | D35: 7329 | E35: ='[1]2024 Finish'!I35 -> -0.28643754 | F35: 0.009 | G35: =F35*D35 -> 65.961 | H35: =D35+G35 -> 7394.961 | I35: -0.25 | J35: =I35*D35 -> -1832.25 | K35: =D35+J35 -> 5496.75 | L35: =K35-H35 -> -1898.211
A36: Grolsch | B36: MolsonCoors Beverage Company | C36: =A36 & "|" & B36 -> Grolsch|MolsonCoors Beverage Company | D36: 9847 | E36: -0.0769 | F36: 0.009 | G36: =F36*D36 -> 88.623 | H36: =D36+G36 -> 9935.623 | I36: -0.17 | J36: =I36*D36 -> -1673.99 | K36: =D36+J36 -> 8173.01 | L36: =K36-H36 -> -1762.613
A37: Miller 64 | B37: MolsonCoors Beverage Company | C37: =A37 & "|" & B37 -> Miller 64|MolsonCoors Beverage Company | D37: 10480 | E37: -0.0607 | F37: -0.045 | G37: =F37*D37 -> -471.6 | H37: =D37+G37 -> 10008.4 | I37: -0.045 | J37: =I37*D37 -> -471.6 | K37: =D37+J37 -> 10008.4 | L37: =K37-H37 -> 0
A38: Pilsner Urquell | B38: MolsonCoors Beverage Company | C38: =A38 & "|" & B38 -> Pilsner Urquell|MolsonCoors Beverage Company | D38: 10167 | E38: -0.0335 | F38: -0.071 | G38: =F38*D38 -> -721.857 | H38: =D38+G38 -> 9445.143 | I38: 0 | J38: =I38*D38 -> 0 | K38: =D38+J38 -> 10167 | L38: =K38-H38 -> 721.857
A39: Old English | B39: MolsonCoors Beverage Company | C39: =A39 & "|" & B39 -> Old English|MolsonCoors Beverage Company | D39: 6904 | E39: ='[1]2024 Finish'!I39 -> -0.086812796 | F39: -0.162 | G39: =F39*D39 -> -1118.448 | H39: =D39+G39 -> 5785.552 | I39: -0.16 | J39: =I39*D39 -> -1104.64 | K39: =D39+J39 -> 5799.36 | L39: =K39-H39 -> 13.808
A40: Lech | B40: MolsonCoors Beverage Company | C40: =A40 & "|" & B40 -> Lech|MolsonCoors Beverage Company | D40: 573 | E40: ='[1]2024 Finish'!I40 -> -0.87298732 | F40: 0.009 | G40: =F40*D40 -> 5.157 | H40: =D40+G40 -> 578.157 | I40: -1 | J40: =I40*D40 -> -573 | K40: =D40+J40 -> 0 | L40: =K40-H40 -> -578.157
A41: Simply Spiked | B41: MolsonCoors Beverage Company | C41: =A41 & "|" & B41 -> Simply Spiked|MolsonCoors Beverage Company | D41: 6078 | E41: -0.1307 | F41: -0.2 | G41: =F41*D41 -> -1215.6 | H41: =D41+G41 -> 4862.4 | I41: -0.2 | J41: =I41*D41 -> -1215.6 | K41: =D41+J41 -> 4862.4 | L41: =K41-H41 -> 0
A42: Redd's Wicked | B42: MolsonCoors Beverage Company | C42: =A42 & "|" & B42 -> Redd's Wicked|MolsonCoors Beverage Company | D42: 2840 | E42: 0.1313 | F42: -0.081 | G42: =F42*D42 -> -230.04 | H42: =D42+G42 -> 2609.96 | I42: -0.2 | J42: =I42*D42 -> -568 | K42: =D42+J42 -> 2272 | L42: =K42-H42 -> -337.96
A43: George Killian's | B43: MolsonCoors Beverage Company | C43: =A43 & "|" & B43 -> George Killian's|MolsonCoors Beverage Company | D43: 3469 | E43: -0.1902 | F43: -0.089 | G43: =F43*D43 -> -308.741 | H43: =D43+G43 -> 3160.259 | I43: -0.2 | J43: =I43*D43 -> -693.8 | K43: =D43+J43 -> 2775.2 | L43: =K43-H43 -> -385.059
A44: Coors Edge | B44: MolsonCoors Beverage Company | C44: =A44 & "|" & B44 -> Coors Edge|MolsonCoors Beverage Company | D44: 2175 | E44: -0.2159 | F44: -0.149 | G44: =F44*D44 -> -324.075 | H44: =D44+G44 -> 1850.925 | I44: -0.2 | J44: =I44*D44 -> -435 | K44: =D44+J44 -> 1740 | L44: =K44-H44 -> -110.925
A45: Hamm's | B45: MolsonCoors Beverage Company | C45: =A45 & "|" & B45 -> Hamm's|MolsonCoors Beverage Company | D45: 2798 | E45: 0.0423 | F45: 0.067 | G45: =F45*D45 -> 187.466 | H45: =D45+G45 -> 2985.466 | I45: 0.067 | J45: =I45*D45 -> 187.466 | K45: =D45+J45 -> 2985.466 | L45: =K45-H45 -> 0
A46: Cristal | B46: MolsonCoors Beverage Company | C46: =A46 & "|" & B46 -> Cristal|MolsonCoors Beverage Company | D46: 2342 | E46: ='[1]2024 Finish'!I46 -> 0.0055817948 | F46: 0.009 | G46: =F46*D46 -> 21.078 | H46: =D46+G46 -> 2363.078 | I46: 0.009 | J46: =I46*D46 -> 21.078 | K46: =D46+J46 -> 2363.078 | L46: =K46-H46 -> 0
A47: Topo Chico | B47: MolsonCoors Beverage Company | C47: =A47 & "|" & B47 -> Topo Chico|MolsonCoors Beverage Company | D47: 2566 | E47: -0.3706 | F47: -0.191 | G47: =F47*D47 -> -490.106 | H47: =D47+G47 -> 2075.894 | I47: -0.19 | J47: =I47*D47 -> -487.54 | K47: =D47+J47 -> 2078.46 | L47: =K47-H47 -> 2.566
A48: Redd's | B48: MolsonCoors Beverage Company | C48: =A48 & "|" & B48 -> Redd's|MolsonCoors Beverage Company | D48: 1185 | E48: ='[1]2024 Finish'!I48 -> -0.34385382 | F48: -0.081 | G48: =F48*D48 -> -95.985 | H48: =D48+G48 -> 1089.015 | I48: -0.3 | J48: =I48*D48 -> -355.5 | K48: =D48+J48 -> 829.5 | L48: =K48-H48 -> -259.515
A49: Vizzy | B49: MolsonCoors Beverage Company | C49: =A49 & "|" & B49 -> Vizzy|MolsonCoors Beverage Company | D49: 2121 | E49: -0.501 | F49: -0.441 | G49: =F49*D49 -> -935.361 | H49: =D49+G49 -> 1185.639 | I49: -0.44 | J49: =I49*D49 -> -933.24 | K49: =D49+J49 -> 1187.76 | L49: =K49-H49 -> 2.121
A50: Leinenkugel | B50: MolsonCoors Beverage Company | C50: =A50 & "|" & B50 -> Leinenkugel|MolsonCoors Beverage Company | D50: 21647 | E50: -0.0821 | F50: -0.104 | G50: =F50*D50 -> -2251.288 | H50: =D50+G50 -> 19395.712 | I50: -0.1 | J50: =I50*D50 -> -2164.7 | K50: =D50+J50 -> 19482.3 | L50: =K50-H50 -> 86.588
A51: Milwaukee's Best Light | B51: MolsonCoors Beverage Company | C51: =A51 & "|" & B51 -> Milwaukee's Best Light|MolsonCoors Beverage Company | D51: 10256 | E51: -0.1164 | F51: -0.092 | G51: =F51*D51 -> -943.552 | H51: =D51+G51 -> 9312.448 | I51: -0.092 | J51: =I51*D51 -> -943.552 | K51: =D51+J51 -> 9312.448 | L51: =K51-H51 -> 0
A52: Sol | B52: MolsonCoors Beverage Company | C52: =A52 & "|" & B52 -> Sol|MolsonCoors Beverage Company | D52: 1016 | E52: -0.3632 | F52: -0.12 | G52: =F52*D52 -> -121.92 | H52: =D52+G52 -> 894.08 | I52: -0.12 | J52: =I52*D52 -> -121.92 | K52: =D52+J52 -> 894.08 | L52: =K52-H52 -> 0
A53: Aguila | B53: MolsonCoors Beverage Company | C53: =A53 & "|" & B53 -> Aguila|MolsonCoors Beverage Company | D53: 2183 | E53: 0.2253 | F53: 0.009 | G53: =F53*D53 -> 19.647 | H53: =D53+G53 -> 2202.647 | I53: 0.1 | J53: =I53*D53 -> 218.3 | K53: =D53+J53 -> 2401.3 | L53: =K53-H53 -> 198.653
A54: Steel Reserve Alloy Series | B54: MolsonCoors Beverage Company | C54: =A54 & "|" & B54 -> Steel Reserve Alloy Series|MolsonCoors Beverage Company | D54: 67 | E54: -0.759 | F54: -0.866 | G54: =F54*D54 -> -58.022 | H54: =D54+G54 -> 8.978 | I54: -1 | J54: =I54*D54 -> -67 | K54: =D54+J54 -> 0 | L54: =K54-H54 -> -8.978
A55: Happy Thursday Spiked Refresher | B55: MolsonCoors Beverage Company | C55: =A55 & "|" & B55 -> Happy Thursday Spiked Refresher|MolsonCoors Beverage Company | D55: 714 | E55: ='[1]2024 Finish'!I55 -> #DIV/0! | F55: 2.1 | G55: =F55*D55 -> 1499.4 | H55: =D55+G55 -> 2213.4 | I55: 2.1 | J55: =I55*D55 -> 1499.4 | K55: =D55+J55 -> 2213.4 | L55: =K55-H55 -> 0
A56: Heineken USA | C56: =A56 & "|" & B56 -> Heineken USA| | D56: ='[1]2024 Finish'!H56 -> 605298 | E56: ='[1]2024 Finish'!I56 -> -0.023063274 | F56: =G56/D56 -> 0.0064718321 | G56: =SUMIF($B57:$B478,$B57,G57:G478) -> 3917.387 | H56: =SUMIF($B57:$B478,$B57,H57:H478) -> 609215.39 | I56: =J56/D56 -> 0.0035948029 | J56: =SUMIF($B57:$B478,$B57,J57:J478) -> 2175.927 | K56: =SUMIF($B57:$B478,$B57,K57:K478) -> 607473.93 | L56: =K56-H56 -> -1741.46
A57: Heineken USA | B57: Heineken USA | C57: =A57 & "|" & B57 -> Heineken USA|Heineken USA | D57: 486642 | E57: ='[1]2024 Finish'!I57 -> -0.011835005 | F57: 0.019 | G57: =F57*D57 -> 9246.198 | H57: =D57+G57 -> 495888.2 | I57: 0.019 | J57: =I57*D57 -> 9246.198 | K57: =D57+J57 -> 495888.2 | L57: =K57-H57 -> 0
A58: Heineken Light | B58: Heineken USA | C58: =A58 & "|" & B58 -> Heineken Light|Heineken USA | D58: 39233 | E58: ='[1]2024 Finish'!I58 -> -0.064388429 | F58: -0.1 | G58: =F58*D58 -> -3923.3 | H58: =D58+G58 -> 35309.7 | I58: -0.1 | J58: =I58*D58 -> -3923.3 | K58: =D58+J58 -> 35309.7 | L58: =K58-H58 -> 0
A59: Heineken 0.0 | B59: Heineken USA | C59: =A59 & "|" & B59 -> Heineken 0.0|Heineken USA | D59: 24878 | E59: ='[1]2024 Finish'!I59 -> 0.052191507 | F59: 0.12 | G59: =F59*D59 -> 2985.36 | H59: =D59+G59 -> 27863.36 | I59: 0.05 | J59: =I59*D59 -> 1243.9 | K59: =D59+J59 -> 26121.9 | L59: =K59-H59 -> -1741.46
A60: Amstel | B60: Heineken USA | C60: =A60 & "|" & B60 -> Amstel|Heineken USA | D60: 16192 | E60: ='[1]2024 Finish'!I60 -> -0.10533267 | F60: -0.084 | G60: =F60*D60 -> -1360.128 | H60: =D60+G60 -> 14831.872 | I60: -0.084 | J60: =I60*D60 -> -1360.128 | K60: =D60+J60 -> 14831.872 | L60: =K60-H60 -> 0
A61: Tecate | B61: Heineken USA | C61: =A61 & "|" & B61 -> Tecate|Heineken USA | D61: 12375 | E61: ='[1]2024 Finish'!I61 -> -0.060952706 | F61: -0.005 | G61: =F61*D61 -> -61.875 | H61: =D61+G61 -> 12313.125 | I61: -0.005 | J61: =I61*D61 -> -61.875 | K61: =D61+J61 -> 12313.125 | L61: =K61-H61 -> 0
A62: Red Stripe | B62: Heineken USA | C62: =A62 & "|" & B62 -> Red Stripe|Heineken USA | D62: 7673 | E62: ='[1]2024 Finish'!I62 -> -0.086884878 | F62: -0.084 | G62: =F62*D62 -> -644.532 | H62: =D62+G62 -> 7028.468 | I62: -0.084 | J62: =I62*D62 -> -644.532 | K62: =D62+J62 -> 7028.468 | L62: =K62-H62 -> 0
A63: Dos Equis | B63: Heineken USA | C63: =A63 & "|" & B63 -> Dos Equis|Heineken USA | D63: 8756 | E63: ='[1]2024 Finish'!I63 -> -0.080925316 | F63: -0.034 | G63: =F63*D63 -> -297.704 | H63: =D63+G63 -> 8458.296 | I63: -0.034 | J63: =I63*D63 -> -297.704 | K63: =D63+J63 -> 8458.296 | L63: =K63-H63 -> 0
A64: Heineken Silver | B64: Heineken USA | C64: =A64 & "|" & B64 -> Heineken Silver|Heineken USA | D64: 5700 | E64: ='[1]2024 Finish'!I64 -> -0.35636856 | F64: -0.304 | G64: =F64*D64 -> -1732.8 | H64: =D64+G64 -> 3967.2 | I64: -0.304 | J64: =I64*D64 -> -1732.8 | K64: =D64+J64 -> 3967.2 | L64: =K64-H64 -> 0
A65: Murphy's | B65: Heineken USA | C65: =A65 & "|" & B65 -> Murphy's|Heineken USA | D65: 1428 | E65: ='[1]2024 Finish'!I65 -> 0.099312643 | F65: -0.084 | G65: =F65*D65 -> -119.952 | H65: =D65+G65 -> 1308.048 | I65: -0.084 | J65: =I65*D65 -> -119.952 | K65: =D65+J65 -> 1308.048 | L65: =K65-H65 -> 0
A66: Strongbow | B66: Heineken USA | C66: =A66 & "|" & B66 -> Strongbow|Heineken USA | D66: 892 | E66: ='[1]2024 Finish'!I66 -> 0.21193336 | F66: -0.084 | G66: =F66*D66 -> -74.928 | H66: =D66+G66 -> 817.072 | I66: -0.084 | J66: =I66*D66 -> -74.928 | K66: =D66+J66 -> 817.072 | L66: =K66-H66 -> 0
A67: Buckler | B67: Heineken USA | C67: =A67 & "|" & B67 -> Buckler|Heineken USA | D67: 603 | E67: ='[1]2024 Finish'!I67 -> -0.15189873 | F67: -0.084 | G67: =F67*D67 -> -50.652 | H67: =D67+G67 -> 552.348 | I67: -0.084 | J67: =I67*D67 -> -50.652 | K67: =D67+J67 -> 552.348 | L67: =K67-H67 -> 0
A68: Carta Blanca | B68: Heineken USA | C68: =A68 & "|" & B68 -> Carta Blanca|Heineken USA | D68: 575 | E68: ='[1]2024 Finish'!I68 -> -0.17464098 | F68: -0.084 | G68: =F68*D68 -> -48.3 | H68: =D68+G68 -> 526.7 | I68: -0.084 | J68: =I68*D68 -> -48.3 | K68: =D68+J68 -> 526.7 | L68: =K68-H68 -> 0
A69: Tecate Light | B69: Heineken USA | C69: =A69 & "|" & B69 -> Tecate Light|Heineken USA | D69: ='[1]2024 Finish'!H69 -> -1 | E69: ='[1]2024 Finish'!I69 -> -1.0285714 | F69: 0 | G69: =F69*D69 -> 0 | H69: =D69+G69 -> -1 | I69: 0 | J69: =I69*D69 -> 0 | K69: =D69+J69 -> -1 | L69: =K69-H69 -> 0
A70: Prestige Lager | B70: Heineken USA | C70: =A70 & "|" & B70 -> Prestige Lager|Heineken USA | D70: 352 | E70: ='[1]2024 Finish'!I70 -> #DIV/0! | F70: 0 | G70: =F70*D70 -> 0 | H70: =D70+G70 -> 352 | I70: 0 | J70: =I70*D70 -> 0 | K70: =D70+J70 -> 352 | L70: =K70-H70 -> 0
A71: Boston Beer Company | C71: =A71 & "|" & B71 -> Boston Beer Company| | D71: ='[1]2024 Finish'!H71 -> 397802.22 | E71: ='[1]2024 Finish'!I71 -> -0.036639346 | F71: =G71/D71 -> 0.10912398 | G71: =SUMIF($B72:$B493,$B72,G72:G493) -> 43409.76 | H71: =SUMIF($B72:$B493,$B72,H72:H493) -> 448711.98 | I71: =J71/D71 -> 0.04053457 | J71: =SUMIF($B72:$B493,$B72,J72:J493) -> 16124.742 | K71: =SUMIF($B72:$B493,$B72,K72:K493) -> 421426.96 | L71: =K71-H71 -> -27285.018
A72: Samuel Adams | B72: Boston Beer Company | C72: =A72 & "|" & B72 -> Samuel Adams|Boston Beer Company | D72: 128162 | E72: ='[1]2024 Finish'!I72 -> -0.075514221 | F72: -0.008 | G72: =F72*D72 -> -1025.296 | H72: =D72+G72 -> 127136.7 | I72: -0.01 | J72: =I72*D72 -> -1281.62 | K72: =D72+J72 -> 126880.38 | L72: =K72-H72 -> -256.324
A73: Twisted Tea | B73: Boston Beer Company | C73: =A73 & "|" & B73 -> Twisted Tea|Boston Beer Company | D73: 123264 | E73: ='[1]2024 Finish'!I73 -> -0.0021599994 | F73: -0.014 | G73: =F73*D73 -> -1725.696 | H73: =D73+G73 -> 121538.3 | I73: -0.014 | J73: =I73*D73 -> -1725.696 | K73: =D73+J73 -> 121538.3 | L73: =K73-H73 -> 0
A74: Angry Orchard | B74: Boston Beer Company | C74: =A74 & "|" & B74 -> Angry Orchard|Boston Beer Company | D74: 40758 | E74: ='[1]2024 Finish'!I74 -> -0.011572006 | F74: 0.041 | G74: =F74*D74 -> 1671.078 | H74: =D74+G74 -> 42429.078 | I74: 0.041 | J74: =I74*D74 -> 1671.078 | K74: =D74+J74 -> 42429.078 | L74: =K74-H74 -> 0
A75: Truly | B75: Boston Beer Company | C75: =A75 & "|" & B75 -> Truly|Boston Beer Company | D75: 47660 | E75: ='[1]2024 Finish'!I75 -> -0.24473718 | F75: -0.056 | G75: =F75*D75 -> -2668.96 | H75: =D75+G75 -> 44991.04 | I75: -0.15 | J75: =I75*D75 -> -7149 | K75: =D75+J75 -> 40511 | L75: =K75-H75 -> -4480.04
