Workbook

Sheet Recap
A1: Summer of Success 2026 — Recap by rep and supplier
A2: Filter any column from row 4. Status drives everything: Qualified = tier payout + full Amplify rate · 90% Partial = half Amplify rate, no tier · Not Qualified = nothing.
A4: Rep | B4: Manager | C4: Supplier | D4: Qualifier goal | E4: Actual CE | F4: % to goal | G4: Status | H4: Tier earned | I4: Tier payout | J4: Amplify actual CE | K4: Amplify goal CE | L4: Eligible amplify CE | M4: Amplify payout | N4: Total payout | O4: Rate multiplier | P4: Key
A5: Alex Rodriguez | B5: Mike Kennedy | C5: Sapporo | F5: =IF($D5>0,$E5/$D5,"") | G5: =IF($D5>0,IF($F5>=1,"Qualified",IF($F5>=0.9,"90% Partial Amplify","Not Qualified")),"No qualifier - Amplify open") | H5: =IF($G5<>"Qualified","-",IFERROR(IF($E5>=INDEX('Program Setup'!$C$18:$C$23,MATCH($C5,'Program Setup'!$B$18:$B$23,0)),1,IF($E5>=INDEX('Program Setup'!$D$18:$D$23,MATCH($C5,'Program Setup'!$B$18:$B$23,0)),2,IF($E5>=INDEX('Program Setup'!$E$18:$E$23,MATCH($C5,'Program Setup'!$B$18:$B$23,0)),3,"-"))),"-")) | I5: =IF(ISNUMBER($H5),INDEX('Program Setup'!$B$6:$B$8,MATCH($H5,'Program Setup'!$A$6:$A$8,0)),0) | J5: =SUMIFS('Amplify Detail'!$E$5:$E$496,'Amplify Detail'!$A$5:$A$496,$A5,'Amplify Detail'!$C$5:$C$496,$C5) | K5: =SUMIFS('Amplify Detail'!$F$5:$F$496,'Amplify Detail'!$A$5:$A$496,$A5,'Amplify Detail'!$C$5:$C$496,$C5) | L5: =SUMIFS('Amplify Detail'!$G$5:$G$496,'Amplify Detail'!$A$5:$A$496,$A5,'Amplify Detail'!$C$5:$C$496,$C5) | M5: =SUMIFS('Amplify Detail'!$J$5:$J$496,'Amplify Detail'!$A$5:$A$496,$A5,'Amplify Detail'!$C$5:$C$496,$C5) | N5: =$I5+$M5 | O5: =IF($G5="No qualifier - Amplify open",1,IFERROR(INDEX('Program Setup'!$B$12:$B$14,MATCH($G5,'Program Setup'!$A$12:$A$14,0)),0)) | P5: =$A5&"|"&$C5
A6: Alisa Acciardi | B6: Mike Kennedy | C6: Boston Beer Company | E6: 24 | F6: =IF($D6>0,$E6/$D6,"") | G6: =IF($D6>0,IF($F6>=1,"Qualified",IF($F6>=0.9,"90% Partial Amplify","Not Qualified")),"No qualifier - Amplify open") | H6: =IF($G6<>"Qualified","-",IFERROR(IF($E6>=INDEX('Program Setup'!$C$18:$C$23,MATCH($C6,'Program Setup'!$B$18:$B$23,0)),1,IF($E6>=INDEX('Program Setup'!$D$18:$D$23,MATCH($C6,'Program Setup'!$B$18:$B$23,0)),2,IF($E6>=INDEX('Program Setup'!$E$18:$E$23,MATCH($C6,'Program Setup'!$B$18:$B$23,0)),3,"-"))),"-")) | I6: =IF(ISNUMBER($H6),INDEX('Program Setup'!$B$6:$B$8,MATCH($H6,'Program Setup'!$A$6:$A$8,0)),0) | J6: =SUMIFS('Amplify Detail'!$E$5:$E$496,'Amplify Detail'!$A$5:$A$496,$A6,'Amplify Detail'!$C$5:$C$496,$C6) | K6: =SUMIFS('Amplify Detail'!$F$5:$F$496,'Amplify Detail'!$A$5:$A$496,$A6,'Amplify Detail'!$C$5:$C$496,$C6) | L6: =SUMIFS('Amplify Detail'!$G$5:$G$496,'Amplify Detail'!$A$5:$A$496,$A6,'Amplify Detail'!$C$5:$C$496,$C6) | M6: =SUMIFS('Amplify Detail'!$J$5:$J$496,'Amplify Detail'!$A$5:$A$496,$A6,'Amplify Detail'!$C$5:$C$496,$C6) | N6: =$I6+$M6 | O6: =IF($G6="No qualifier - Amplify open",1,IFERROR(INDEX('Program Setup'!$B$12:$B$14,MATCH($G6,'Program Setup'!$A$12:$A$14,0)),0)) | P6: =$A6&"|"&$C6
A7: Alisa Acciardi | B7: Mike Kennedy | C7: Cape May | F7: =IF($D7>0,$E7/$D7,"") | G7: =IF($D7>0,IF($F7>=1,"Qualified",IF($F7>=0.9,"90% Partial Amplify","Not Qualified")),"No qualifier - Amplify open") | H7: =IF($G7<>"Qualified","-",IFERROR(IF($E7>=INDEX('Program Setup'!$C$18:$C$23,MATCH($C7,'Program Setup'!$B$18:$B$23,0)),1,IF($E7>=INDEX('Program Setup'!$D$18:$D$23,MATCH($C7,'Program Setup'!$B$18:$B$23,0)),2,IF($E7>=INDEX('Program Setup'!$E$18:$E$23,MATCH($C7,'Program Setup'!$B$18:$B$23,0)),3,"-"))),"-")) | I7: =IF(ISNUMBER($H7),INDEX('Program Setup'!$B$6:$B$8,MATCH($H7,'Program Setup'!$A$6:$A$8,0)),0) | J7: =SUMIFS('Amplify Detail'!$E$5:$E$496,'Amplify Detail'!$A$5:$A$496,$A7,'Amplify Detail'!$C$5:$C$496,$C7) | K7: =SUMIFS('Amplify Detail'!$F$5:$F$496,'Amplify Detail'!$A$5:$A$496,$A7,'Amplify Detail'!$C$5:$C$496,$C7) | L7: =SUMIFS('Amplify Detail'!$G$5:$G$496,'Amplify Detail'!$A$5:$A$496,$A7,'Amplify Detail'!$C$5:$C$496,$C7) | M7: =SUMIFS('Amplify Detail'!$J$5:$J$496,'Amplify Detail'!$A$5:$A$496,$A7,'Amplify Detail'!$C$5:$C$496,$C7) | N7: =$I7+$M7 | O7: =IF($G7="No qualifier - Amplify open",1,IFERROR(INDEX('Program Setup'!$B$12:$B$14,MATCH($G7,'Program Setup'!$A$12:$A$14,0)),0)) | P7: =$A7&"|"&$C7
A8: Alisa Acciardi | B8: Mike Kennedy | C8: Constellation Brands | D8: 453 | E8: 430 | F8: =IF($D8>0,$E8/$D8,"") | G8: =IF($D8>0,IF($F8>=1,"Qualified",IF($F8>=0.9,"90% Partial Amplify","Not Qualified")),"No qualifier - Amplify open") | H8: =IF($G8<>"Qualified","-",IFERROR(IF($E8>=INDEX('Program Setup'!$C$18:$C$23,MATCH($C8,'Program Setup'!$B$18:$B$23,0)),1,IF($E8>=INDEX('Program Setup'!$D$18:$D$23,MATCH($C8,'Program Setup'!$B$18:$B$23,0)),2,IF($E8>=INDEX('Program Setup'!$E$18:$E$23,MATCH($C8,'Program Setup'!$B$18:$B$23,0)),3,"-"))),"-")) | I8: =IF(ISNUMBER($H8),INDEX('Program Setup'!$B$6:$B$8,MATCH($H8,'Program Setup'!$A$6:$A$8,0)),0) | J8: =SUMIFS('Amplify Detail'!$E$5:$E$496,'Amplify Detail'!$A$5:$A$496,$A8,'Amplify Detail'!$C$5:$C$496,$C8) | K8: =SUMIFS('Amplify Detail'!$F$5:$F$496,'Amplify Detail'!$A$5:$A$496,$A8,'Amplify Detail'!$C$5:$C$496,$C8) | L8: =SUMIFS('Amplify Detail'!$G$5:$G$496,'Amplify Detail'!$A$5:$A$496,$A8,'Amplify Detail'!$C$5:$C$496,$C8) | M8: =SUMIFS('Amplify Detail'!$J$5:$J$496,'Amplify Detail'!$A$5:$A$496,$A8,'Amplify Detail'!$C$5:$C$496,$C8) | N8: =$I8+$M8 | O8: =IF($G8="No qualifier - Amplify open",1,IFERROR(INDEX('Program Setup'!$B$12:$B$14,MATCH($G8,'Program Setup'!$A$12:$A$14,0)),0)) | P8: =$A8&"|"&$C8
A9: Alisa Acciardi | B9: Mike Kennedy | C9: DG Yuengling Inc | D9: 19 | E9: 22 | F9: =IF($D9>0,$E9/$D9,"") | G9: =IF($D9>0,IF($F9>=1,"Qualified",IF($F9>=0.9,"90% Partial Amplify","Not Qualified")),"No qualifier - Amplify open") | H9: =IF($G9<>"Qualified","-",IFERROR(IF($E9>=INDEX('Program Setup'!$C$18:$C$23,MATCH($C9,'Program Setup'!$B$18:$B$23,0)),1,IF($E9>=INDEX('Program Setup'!$D$18:$D$23,MATCH($C9,'Program Setup'!$B$18:$B$23,0)),2,IF($E9>=INDEX('Program Setup'!$E$18:$E$23,MATCH($C9,'Program Setup'!$B$18:$B$23,0)),3,"-"))),"-")) | I9: =IF(ISNUMBER($H9),INDEX('Program Setup'!$B$6:$B$8,MATCH($H9,'Program Setup'!$A$6:$A$8,0)),0) | J9: =SUMIFS('Amplify Detail'!$E$5:$E$496,'Amplify Detail'!$A$5:$A$496,$A9,'Amplify Detail'!$C$5:$C$496,$C9) | K9: =SUMIFS('Amplify Detail'!$F$5:$F$496,'Amplify Detail'!$A$5:$A$496,$A9,'Amplify Detail'!$C$5:$C$496,$C9) | L9: =SUMIFS('Amplify Detail'!$G$5:$G$496,'Amplify Detail'!$A$5:$A$496,$A9,'Amplify Detail'!$C$5:$C$496,$C9) | M9: =SUMIFS('Amplify Detail'!$J$5:$J$496,'Amplify Detail'!$A$5:$A$496,$A9,'Amplify Detail'!$C$5:$C$496,$C9) | N9: =$I9+$M9 | O9: =IF($G9="No qualifier - Amplify open",1,IFERROR(INDEX('Program Setup'!$B$12:$B$14,MATCH($G9,'Program Setup'!$A$12:$A$14,0)),0)) | P9: =$A9&"|"&$C9
A10: Alisa Acciardi | B10: Mike Kennedy | C10: Heineken USA | D10: 149 | E10: 76 | F10: =IF($D10>0,$E10/$D10,"") | G10: =IF($D10>0,IF($F10>=1,"Qualified",IF($F10>=0.9,"90% Partial Amplify","Not Qualified")),"No qualifier - Amplify open") | H10: =IF($G10<>"Qualified","-",IFERROR(IF($E10>=INDEX('Program Setup'!$C$18:$C$23,MATCH($C10,'Program Setup'!$B$18:$B$23,0)),1,IF($E10>=INDEX('Program Setup'!$D$18:$D$23,MATCH($C10,'Program Setup'!$B$18:$B$23,0)),2,IF($E10>=INDEX('Program Setup'!$E$18:$E$23,MATCH($C10,'Program Setup'!$B$18:$B$23,0)),3,"-"))),"-")) | I10: =IF(ISNUMBER($H10),INDEX('Program Setup'!$B$6:$B$8,MATCH($H10,'Program Setup'!$A$6:$A$8,0)),0) | J10: =SUMIFS('Amplify Detail'!$E$5:$E$496,'Amplify Detail'!$A$5:$A$496,$A10,'Amplify Detail'!$C$5:$C$496,$C10) | K10: =SUMIFS('Amplify Detail'!$F$5:$F$496,'Amplify Detail'!$A$5:$A$496,$A10,'Amplify Detail'!$C$5:$C$496,$C10) | L10: =SUMIFS('Amplify Detail'!$G$5:$G$496,'Amplify Detail'!$A$5:$A$496,$A10,'Amplify Detail'!$C$5:$C$496,$C10) | M10: =SUMIFS('Amplify Detail'!$J$5:$J$496,'Amplify Detail'!$A$5:$A$496,$A10,'Amplify Detail'!$C$5:$C$496,$C10) | N10: =$I10+$M10 | O10: =IF($G10="No qualifier - Amplify open",1,IFERROR(INDEX('Program Setup'!$B$12:$B$14,MATCH($G10,'Program Setup'!$A$12:$A$14,0)),0)) | P10: =$A10&"|"&$C10
A11: Alisa Acciardi | B11: Mike Kennedy | C11: Mark Anthony | D11: 80 | E11: 83 | F11: =IF($D11>0,$E11/$D11,"") | G11: =IF($D11>0,IF($F11>=1,"Qualified",IF($F11>=0.9,"90% Partial Amplify","Not Qualified")),"No qualifier - Amplify open") | H11: =IF($G11<>"Qualified","-",IFERROR(IF($E11>=INDEX('Program Setup'!$C$18:$C$23,MATCH($C11,'Program Setup'!$B$18:$B$23,0)),1,IF($E11>=INDEX('Program Setup'!$D$18:$D$23,MATCH($C11,'Program Setup'!$B$18:$B$23,0)),2,IF($E11>=INDEX('Program Setup'!$E$18:$E$23,MATCH($C11,'Program Setup'!$B$18:$B$23,0)),3,"-"))),"-")) | I11: =IF(ISNUMBER($H11),INDEX('Program Setup'!$B$6:$B$8,MATCH($H11,'Program Setup'!$A$6:$A$8,0)),0) | J11: =SUMIFS('Amplify Detail'!$E$5:$E$496,'Amplify Detail'!$A$5:$A$496,$A11,'Amplify Detail'!$C$5:$C$496,$C11) | K11: =SUMIFS('Amplify Detail'!$F$5:$F$496,'Amplify Detail'!$A$5:$A$496,$A11,'Amplify Detail'!$C$5:$C$496,$C11) | L11: =SUMIFS('Amplify Detail'!$G$5:$G$496,'Amplify Detail'!$A$5:$A$496,$A11,'Amplify Detail'!$C$5:$C$496,$C11) | M11: =SUMIFS('Amplify Detail'!$J$5:$J$496,'Amplify Detail'!$A$5:$A$496,$A11,'Amplify Detail'!$C$5:$C$496,$C11) | N11: =$I11+$M11 | O11: =IF($G11="No qualifier - Amplify open",1,IFERROR(INDEX('Program Setup'!$B$12:$B$14,MATCH($G11,'Program Setup'!$A$12:$A$14,0)),0)) | P11: =$A11&"|"&$C11
A12: Alisa Acciardi | B12: Mike Kennedy | C12: MolsonCoors Beverage Company | D12: 491 | E12: 348 | F12: =IF($D12>0,$E12/$D12,"") | G12: =IF($D12>0,IF($F12>=1,"Qualified",IF($F12>=0.9,"90% Partial Amplify","Not Qualified")),"No qualifier - Amplify open") | H12: =IF($G12<>"Qualified","-",IFERROR(IF($E12>=INDEX('Program Setup'!$C$18:$C$23,MATCH($C12,'Program Setup'!$B$18:$B$23,0)),1,IF($E12>=INDEX('Program Setup'!$D$18:$D$23,MATCH($C12,'Program Setup'!$B$18:$B$23,0)),2,IF($E12>=INDEX('Program Setup'!$E$18:$E$23,MATCH($C12,'Program Setup'!$B$18:$B$23,0)),3,"-"))),"-")) | I12: =IF(ISNUMBER($H12),INDEX('Program Setup'!$B$6:$B$8,MATCH($H12,'Program Setup'!$A$6:$A$8,0)),0) | J12: =SUMIFS('Amplify Detail'!$E$5:$E$496,'Amplify Detail'!$A$5:$A$496,$A12,'Amplify Detail'!$C$5:$C$496,$C12) | K12: =SUMIFS('Amplify Detail'!$F$5:$F$496,'Amplify Detail'!$A$5:$A$496,$A12,'Amplify Detail'!$C$5:$C$496,$C12) | L12: =SUMIFS('Amplify Detail'!$G$5:$G$496,'Amplify Detail'!$A$5:$A$496,$A12,'Amplify Detail'!$C$5:$C$496,$C12) | M12: =SUMIFS('Amplify Detail'!$J$5:$J$496,'Amplify Detail'!$A$5:$A$496,$A12,'Amplify Detail'!$C$5:$C$496,$C12) | N12: =$I12+$M12 | O12: =IF($G12="No qualifier - Amplify open",1,IFERROR(INDEX('Program Setup'!$B$12:$B$14,MATCH($G12,'Program Setup'!$A$12:$A$14,0)),0)) | P12: =$A12&"|"&$C12
A13: Alisa Acciardi | B13: Mike Kennedy | C13: New Belgium Brewing Company | F13: =IF($D13>0,$E13/$D13,"") | G13: =IF($D13>0,IF($F13>=1,"Qualified",IF($F13>=0.9,"90% Partial Amplify","Not Qualified")),"No qualifier - Amplify open") | H13: =IF($G13<>"Qualified","-",IFERROR(IF($E13>=INDEX('Program Setup'!$C$18:$C$23,MATCH($C13,'Program Setup'!$B$18:$B$23,0)),1,IF($E13>=INDEX('Program Setup'!$D$18:$D$23,MATCH($C13,'Program Setup'!$B$18:$B$23,0)),2,IF($E13>=INDEX('Program Setup'!$E$18:$E$23,MATCH($C13,'Program Setup'!$B$18:$B$23,0)),3,"-"))),"-")) | I13: =IF(ISNUMBER($H13),INDEX('Program Setup'!$B$6:$B$8,MATCH($H13,'Program Setup'!$A$6:$A$8,0)),0) | J13: =SUMIFS('Amplify Detail'!$E$5:$E$496,'Amplify Detail'!$A$5:$A$496,$A13,'Amplify Detail'!$C$5:$C$496,$C13) | K13: =SUMIFS('Amplify Detail'!$F$5:$F$496,'Amplify Detail'!$A$5:$A$496,$A13,'Amplify Detail'!$C$5:$C$496,$C13) | L13: =SUMIFS('Amplify Detail'!$G$5:$G$496,'Amplify Detail'!$A$5:$A$496,$A13,'Amplify Detail'!$C$5:$C$496,$C13) | M13: =SUMIFS('Amplify Detail'!$J$5:$J$496,'Amplify Detail'!$A$5:$A$496,$A13,'Amplify Detail'!$C$5:$C$496,$C13) | N13: =$I13+$M13 | O13: =IF($G13="No qualifier - Amplify open",1,IFERROR(INDEX('Program Setup'!$B$12:$B$14,MATCH($G13,'Program Setup'!$A$12:$A$14,0)),0)) | P13: =$A13&"|"&$C13
A14: Alisa Acciardi | B14: Mike Kennedy | C14: Sapporo | F14: =IF($D14>0,$E14/$D14,"") | G14: =IF($D14>0,IF($F14>=1,"Qualified",IF($F14>=0.9,"90% Partial Amplify","Not Qualified")),"No qualifier - Amplify open") | H14: =IF($G14<>"Qualified","-",IFERROR(IF($E14>=INDEX('Program Setup'!$C$18:$C$23,MATCH($C14,'Program Setup'!$B$18:$B$23,0)),1,IF($E14>=INDEX('Program Setup'!$D$18:$D$23,MATCH($C14,'Program Setup'!$B$18:$B$23,0)),2,IF($E14>=INDEX('Program Setup'!$E$18:$E$23,MATCH($C14,'Program Setup'!$B$18:$B$23,0)),3,"-"))),"-")) | I14: =IF(ISNUMBER($H14),INDEX('Program Setup'!$B$6:$B$8,MATCH($H14,'Program Setup'!$A$6:$A$8,0)),0) | J14: =SUMIFS('Amplify Detail'!$E$5:$E$496,'Amplify Detail'!$A$5:$A$496,$A14,'Amplify Detail'!$C$5:$C$496,$C14) | K14: =SUMIFS('Amplify Detail'!$F$5:$F$496,'Amplify Detail'!$A$5:$A$496,$A14,'Amplify Detail'!$C$5:$C$496,$C14) | L14: =SUMIFS('Amplify Detail'!$G$5:$G$496,'Amplify Detail'!$A$5:$A$496,$A14,'Amplify Detail'!$C$5:$C$496,$C14) | M14: =SUMIFS('Amplify Detail'!$J$5:$J$496,'Amplify Detail'!$A$5:$A$496,$A14,'Amplify Detail'!$C$5:$C$496,$C14) | N14: =$I14+$M14 | O14: =IF($G14="No qualifier - Amplify open",1,IFERROR(INDEX('Program Setup'!$B$12:$B$14,MATCH($G14,'Program Setup'!$A$12:$A$14,0)),0)) | P14: =$A14&"|"&$C14
A15: Allison Scott | B15: Chris McCrohan | C15: Boston Beer Company | D15: 265 | E15: 279 | F15: =IF($D15>0,$E15/$D15,"") | G15: =IF($D15>0,IF($F15>=1,"Qualified",IF($F15>=0.9,"90% Partial Amplify","Not Qualified")),"No qualifier - Amplify open") | H15: =IF($G15<>"Qualified","-",IFERROR(IF($E15>=INDEX('Program Setup'!$C$18:$C$23,MATCH($C15,'Program Setup'!$B$18:$B$23,0)),1,IF($E15>=INDEX('Program Setup'!$D$18:$D$23,MATCH($C15,'Program Setup'!$B$18:$B$23,0)),2,IF($E15>=INDEX('Program Setup'!$E$18:$E$23,MATCH($C15,'Program Setup'!$B$18:$B$23,0)),3,"-"))),"-")) | I15: =IF(ISNUMBER($H15),INDEX('Program Setup'!$B$6:$B$8,MATCH($H15,'Program Setup'!$A$6:$A$8,0)),0) | J15: =SUMIFS('Amplify Detail'!$E$5:$E$496,'Amplify Detail'!$A$5:$A$496,$A15,'Amplify Detail'!$C$5:$C$496,$C15) | K15: =SUMIFS('Amplify Detail'!$F$5:$F$496,'Amplify Detail'!$A$5:$A$496,$A15,'Amplify Detail'!$C$5:$C$496,$C15) | L15: =SUMIFS('Amplify Detail'!$G$5:$G$496,'Amplify Detail'!$A$5:$A$496,$A15,'Amplify Detail'!$C$5:$C$496,$C15) | M15: =SUMIFS('Amplify Detail'!$J$5:$J$496,'Amplify Detail'!$A$5:$A$496,$A15,'Amplify Detail'!$C$5:$C$496,$C15) | N15: =$I15+$M15 | O15: =IF($G15="No qualifier - Amplify open",1,IFERROR(INDEX('Program Setup'!$B$12:$B$14,MATCH($G15,'Program Setup'!$A$12:$A$14,0)),0)) | P15: =$A15&"|"&$C15
A16: Allison Scott | B16: Chris McCrohan | C16: Cape May | F16: =IF($D16>0,$E16/$D16,"") | G16: =IF($D16>0,IF($F16>=1,"Qualified",IF($F16>=0.9,"90% Partial Amplify","Not Qualified")),"No qualifier - Amplify open") | H16: =IF($G16<>"Qualified","-",IFERROR(IF($E16>=INDEX('Program Setup'!$C$18:$C$23,MATCH($C16,'Program Setup'!$B$18:$B$23,0)),1,IF($E16>=INDEX('Program Setup'!$D$18:$D$23,MATCH($C16,'Program Setup'!$B$18:$B$23,0)),2,IF($E16>=INDEX('Program Setup'!$E$18:$E$23,MATCH($C16,'Program Setup'!$B$18:$B$23,0)),3,"-"))),"-")) | I16: =IF(ISNUMBER($H16),INDEX('Program Setup'!$B$6:$B$8,MATCH($H16,'Program Setup'!$A$6:$A$8,0)),0) | J16: =SUMIFS('Amplify Detail'!$E$5:$E$496,'Amplify Detail'!$A$5:$A$496,$A16,'Amplify Detail'!$C$5:$C$496,$C16) | K16: =SUMIFS('Amplify Detail'!$F$5:$F$496,'Amplify Detail'!$A$5:$A$496,$A16,'Amplify Detail'!$C$5:$C$496,$C16) | L16: =SUMIFS('Amplify Detail'!$G$5:$G$496,'Amplify Detail'!$A$5:$A$496,$A16,'Amplify Detail'!$C$5:$C$496,$C16) | M16: =SUMIFS('Amplify Detail'!$J$5:$J$496,'Amplify Detail'!$A$5:$A$496,$A16,'Amplify Detail'!$C$5:$C$496,$C16) | N16: =$I16+$M16 | O16: =IF($G16="No qualifier - Amplify open",1,IFERROR(INDEX('Program Setup'!$B$12:$B$14,MATCH($G16,'Program Setup'!$A$12:$A$14,0)),0)) | P16: =$A16&"|"&$C16
A17: Allison Scott | B17: Chris McCrohan | C17: Constellation Brands | D17: 7193 | E17: 7676 | F17: =IF($D17>0,$E17/$D17,"") | G17: =IF($D17>0,IF($F17>=1,"Qualified",IF($F17>=0.9,"90% Partial Amplify","Not Qualified")),"No qualifier - Amplify open") | H17: =IF($G17<>"Qualified","-",IFERROR(IF($E17>=INDEX('Program Setup'!$C$18:$C$23,MATCH($C17,'Program Setup'!$B$18:$B$23,0)),1,IF($E17>=INDEX('Program Setup'!$D$18:$D$23,MATCH($C17,'Program Setup'!$B$18:$B$23,0)),2,IF($E17>=INDEX('Program Setup'!$E$18:$E$23,MATCH($C17,'Program Setup'!$B$18:$B$23,0)),3,"-"))),"-")) | I17: =IF(ISNUMBER($H17),INDEX('Program Setup'!$B$6:$B$8,MATCH($H17,'Program Setup'!$A$6:$A$8,0)),0) | J17: =SUMIFS('Amplify Detail'!$E$5:$E$496,'Amplify Detail'!$A$5:$A$496,$A17,'Amplify Detail'!$C$5:$C$496,$C17) | K17: =SUMIFS('Amplify Detail'!$F$5:$F$496,'Amplify Detail'!$A$5:$A$496,$A17,'Amplify Detail'!$C$5:$C$496,$C17) | L17: =SUMIFS('Amplify Detail'!$G$5:$G$496,'Amplify Detail'!$A$5:$A$496,$A17,'Amplify Detail'!$C$5:$C$496,$C17) | M17: =SUMIFS('Amplify Detail'!$J$5:$J$496,'Amplify Detail'!$A$5:$A$496,$A17,'Amplify Detail'!$C$5:$C$496,$C17) | N17: =$I17+$M17 | O17: =IF($G17="No qualifier - Amplify open",1,IFERROR(INDEX('Program Setup'!$B$12:$B$14,MATCH($G17,'Program Setup'!$A$12:$A$14,0)),0)) | P17: =$A17&"|"&$C17
A18: Allison Scott | B18: Chris McCrohan | C18: DG Yuengling Inc | D18: 2762 | E18: 2943 | F18: =IF($D18>0,$E18/$D18,"") | G18: =IF($D18>0,IF($F18>=1,"Qualified",IF($F18>=0.9,"90% Partial Amplify","Not Qualified")),"No qualifier - Amplify open") | H18: =IF($G18<>"Qualified","-",IFERROR(IF($E18>=INDEX('Program Setup'!$C$18:$C$23,MATCH($C18,'Program Setup'!$B$18:$B$23,0)),1,IF($E18>=INDEX('Program Setup'!$D$18:$D$23,MATCH($C18,'Program Setup'!$B$18:$B$23,0)),2,IF($E18>=INDEX('Program Setup'!$E$18:$E$23,MATCH($C18,'Program Setup'!$B$18:$B$23,0)),3,"-"))),"-")) | I18: =IF(ISNUMBER($H18),INDEX('Program Setup'!$B$6:$B$8,MATCH($H18,'Program Setup'!$A$6:$A$8,0)),0) | J18: =SUMIFS('Amplify Detail'!$E$5:$E$496,'Amplify Detail'!$A$5:$A$496,$A18,'Amplify Detail'!$C$5:$C$496,$C18) | K18: =SUMIFS('Amplify Detail'!$F$5:$F$496,'Amplify Detail'!$A$5:$A$496,$A18,'Amplify Detail'!$C$5:$C$496,$C18) | L18: =SUMIFS('Amplify Detail'!$G$5:$G$496,'Amplify Detail'!$A$5:$A$496,$A18,'Amplify Detail'!$C$5:$C$496,$C18) | M18: =SUMIFS('Amplify Detail'!$J$5:$J$496,'Amplify Detail'!$A$5:$A$496,$A18,'Amplify Detail'!$C$5:$C$496,$C18) | N18: =$I18+$M18 | O18: =IF($G18="No qualifier - Amplify open",1,IFERROR(INDEX('Program Setup'!$B$12:$B$14,MATCH($G18,'Program Setup'!$A$12:$A$14,0)),0)) | P18: =$A18&"|"&$C18
A19: Allison Scott | B19: Chris McCrohan | C19: Heineken USA | D19: 1846 | E19: 1813 | F19: =IF($D19>0,$E19/$D19,"") | G19: =IF($D19>0,IF($F19>=1,"Qualified",IF($F19>=0.9,"90% Partial Amplify","Not Qualified")),"No qualifier - Amplify open") | H19: =IF($G19<>"Qualified","-",IFERROR(IF($E19>=INDEX('Program Setup'!$C$18:$C$23,MATCH($C19,'Program Setup'!$B$18:$B$23,0)),1,IF($E19>=INDEX('Program Setup'!$D$18:$D$23,MATCH($C19,'Program Setup'!$B$18:$B$23,0)),2,IF($E19>=INDEX('Program Setup'!$E$18:$E$23,MATCH($C19,'Program Setup'!$B$18:$B$23,0)),3,"-"))),"-")) | I19: =IF(ISNUMBER($H19),INDEX('Program Setup'!$B$6:$B$8,MATCH($H19,'Program Setup'!$A$6:$A$8,0)),0) | J19: =SUMIFS('Amplify Detail'!$E$5:$E$496,'Amplify Detail'!$A$5:$A$496,$A19,'Amplify Detail'!$C$5:$C$496,$C19) | K19: =SUMIFS('Amplify Detail'!$F$5:$F$496,'Amplify Detail'!$A$5:$A$496,$A19,'Amplify Detail'!$C$5:$C$496,$C19) | L19: =SUMIFS('Amplify Detail'!$G$5:$G$496,'Amplify Detail'!$A$5:$A$496,$A19,'Amplify Detail'!$C$5:$C$496,$C19) | M19: =SUMIFS('Amplify Detail'!$J$5:$J$496,'Amplify Detail'!$A$5:$A$496,$A19,'Amplify Detail'!$C$5:$C$496,$C19) | N19: =$I19+$M19 | O19: =IF($G19="No qualifier - Amplify open",1,IFERROR(INDEX('Program Setup'!$B$12:$B$14,MATCH($G19,'Program Setup'!$A$12:$A$14,0)),0)) | P19: =$A19&"|"&$C19
A20: Allison Scott | B20: Chris McCrohan | C20: Mark Anthony | D20: 940 | E20: 879 | F20: =IF($D20>0,$E20/$D20,"") | G20: =IF($D20>0,IF($F20>=1,"Qualified",IF($F20>=0.9,"90% Partial Amplify","Not Qualified")),"No qualifier - Amplify open") | H20: =IF($G20<>"Qualified","-",IFERROR(IF($E20>=INDEX('Program Setup'!$C$18:$C$23,MATCH($C20,'Program Setup'!$B$18:$B$23,0)),1,IF($E20>=INDEX('Program Setup'!$D$18:$D$23,MATCH($C20,'Program Setup'!$B$18:$B$23,0)),2,IF($E20>=INDEX('Program Setup'!$E$18:$E$23,MATCH($C20,'Program Setup'!$B$18:$B$23,0)),3,"-"))),"-")) | I20: =IF(ISNUMBER($H20),INDEX('Program Setup'!$B$6:$B$8,MATCH($H20,'Program Setup'!$A$6:$A$8,0)),0) | J20: =SUMIFS('Amplify Detail'!$E$5:$E$496,'Amplify Detail'!$A$5:$A$496,$A20,'Amplify Detail'!$C$5:$C$496,$C20) | K20: =SUMIFS('Amplify Detail'!$F$5:$F$496,'Amplify Detail'!$A$5:$A$496,$A20,'Amplify Detail'!$C$5:$C$496,$C20) | L20: =SUMIFS('Amplify Detail'!$G$5:$G$496,'Amplify Detail'!$A$5:$A$496,$A20,'Amplify Detail'!$C$5:$C$496,$C20) | M20: =SUMIFS('Amplify Detail'!$J$5:$J$496,'Amplify Detail'!$A$5:$A$496,$A20,'Amplify Detail'!$C$5:$C$496,$C20) | N20: =$I20+$M20 | O20: =IF($G20="No qualifier - Amplify open",1,IFERROR(INDEX('Program Setup'!$B$12:$B$14,MATCH($G20,'Program Setup'!$A$12:$A$14,0)),0)) | P20: =$A20&"|"&$C20
A21: Allison Scott | B21: Chris McCrohan | C21: MolsonCoors Beverage Company | D21: 12865 | E21: 13278 | F21: =IF($D21>0,$E21/$D21,"") | G21: =IF($D21>0,IF($F21>=1,"Qualified",IF($F21>=0.9,"90% Partial Amplify","Not Qualified")),"No qualifier - Amplify open") | H21: =IF($G21<>"Qualified","-",IFERROR(IF($E21>=INDEX('Program Setup'!$C$18:$C$23,MATCH($C21,'Program Setup'!$B$18:$B$23,0)),1,IF($E21>=INDEX('Program Setup'!$D$18:$D$23,MATCH($C21,'Program Setup'!$B$18:$B$23,0)),2,IF($E21>=INDEX('Program Setup'!$E$18:$E$23,MATCH($C21,'Program Setup'!$B$18:$B$23,0)),3,"-"))),"-")) | I21: =IF(ISNUMBER($H21),INDEX('Program Setup'!$B$6:$B$8,MATCH($H21,'Program Setup'!$A$6:$A$8,0)),0) | J21: =SUMIFS('Amplify Detail'!$E$5:$E$496,'Amplify Detail'!$A$5:$A$496,$A21,'Amplify Detail'!$C$5:$C$496,$C21) | K21: =SUMIFS('Amplify Detail'!$F$5:$F$496,'Amplify Detail'!$A$5:$A$496,$A21,'Amplify Detail'!$C$5:$C$496,$C21) | L21: =SUMIFS('Amplify Detail'!$G$5:$G$496,'Amplify Detail'!$A$5:$A$496,$A21,'Amplify Detail'!$C$5:$C$496,$C21) | M21: =SUMIFS('Amplify Detail'!$J$5:$J$496,'Amplify Detail'!$A$5:$A$496,$A21,'Amplify Detail'!$C$5:$C$496,$C21) | N21: =$I21+$M21 | O21: =IF($G21="No qualifier - Amplify open",1,IFERROR(INDEX('Program Setup'!$B$12:$B$14,MATCH($G21,'Program Setup'!$A$12:$A$14,0)),0)) | P21: =$A21&"|"&$C21
A22: Allison Scott | B22: Chris McCrohan | C22: New Belgium Brewing Company | F22: =IF($D22>0,$E22/$D22,"") | G22: =IF($D22>0,IF($F22>=1,"Qualified",IF($F22>=0.9,"90% Partial Amplify","Not Qualified")),"No qualifier - Amplify open") | H22: =IF($G22<>"Qualified","-",IFERROR(IF($E22>=INDEX('Program Setup'!$C$18:$C$23,MATCH($C22,'Program Setup'!$B$18:$B$23,0)),1,IF($E22>=INDEX('Program Setup'!$D$18:$D$23,MATCH($C22,'Program Setup'!$B$18:$B$23,0)),2,IF($E22>=INDEX('Program Setup'!$E$18:$E$23,MATCH($C22,'Program Setup'!$B$18:$B$23,0)),3,"-"))),"-")) | I22: =IF(ISNUMBER($H22),INDEX('Program Setup'!$B$6:$B$8,MATCH($H22,'Program Setup'!$A$6:$A$8,0)),0) | J22: =SUMIFS('Amplify Detail'!$E$5:$E$496,'Amplify Detail'!$A$5:$A$496,$A22,'Amplify Detail'!$C$5:$C$496,$C22) | K22: =SUMIFS('Amplify Detail'!$F$5:$F$496,'Amplify Detail'!$A$5:$A$496,$A22,'Amplify Detail'!$C$5:$C$496,$C22) | L22: =SUMIFS('Amplify Detail'!$G$5:$G$496,'Amplify Detail'!$A$5:$A$496,$A22,'Amplify Detail'!$C$5:$C$496,$C22) | M22: =SUMIFS('Amplify Detail'!$J$5:$J$496,'Amplify Detail'!$A$5:$A$496,$A22,'Amplify Detail'!$C$5:$C$496,$C22) | N22: =$I22+$M22 | O22: =IF($G22="No qualifier - Amplify open",1,IFERROR(INDEX('Program Setup'!$B$12:$B$14,MATCH($G22,'Program Setup'!$A$12:$A$14,0)),0)) | P22: =$A22&"|"&$C22
A23: Allison Scott | B23: Chris McCrohan | C23: Sapporo | F23: =IF($D23>0,$E23/$D23,"") | G23: =IF($D23>0,IF($F23>=1,"Qualified",IF($F23>=0.9,"90% Partial Amplify","Not Qualified")),"No qualifier - Amplify open") | H23: =IF($G23<>"Qualified","-",IFERROR(IF($E23>=INDEX('Program Setup'!$C$18:$C$23,MATCH($C23,'Program Setup'!$B$18:$B$23,0)),1,IF($E23>=INDEX('Program Setup'!$D$18:$D$23,MATCH($C23,'Program Setup'!$B$18:$B$23,0)),2,IF($E23>=INDEX('Program Setup'!$E$18:$E$23,MATCH($C23,'Program Setup'!$B$18:$B$23,0)),3,"-"))),"-")) | I23: =IF(ISNUMBER($H23),INDEX('Program Setup'!$B$6:$B$8,MATCH($H23,'Program Setup'!$A$6:$A$8,0)),0) | J23: =SUMIFS('Amplify Detail'!$E$5:$E$496,'Amplify Detail'!$A$5:$A$496,$A23,'Amplify Detail'!$C$5:$C$496,$C23) | K23: =SUMIFS('Amplify Detail'!$F$5:$F$496,'Amplify Detail'!$A$5:$A$496,$A23,'Amplify Detail'!$C$5:$C$496,$C23) | L23: =SUMIFS('Amplify Detail'!$G$5:$G$496,'Amplify Detail'!$A$5:$A$496,$A23,'Amplify Detail'!$C$5:$C$496,$C23) | M23: =SUMIFS('Amplify Detail'!$J$5:$J$496,'Amplify Detail'!$A$5:$A$496,$A23,'Amplify Detail'!$C$5:$C$496,$C23) | N23: =$I23+$M23 | O23: =IF($G23="No qualifier - Amplify open",1,IFERROR(INDEX('Program Setup'!$B$12:$B$14,MATCH($G23,'Program Setup'!$A$12:$A$14,0)),0)) | P23: =$A23&"|"&$C23
A24: Andrew Lundy | B24: Mike Kennedy | C24: MolsonCoors Beverage Company | F24: =IF($D24>0,$E24/$D24,"") | G24: =IF($D24>0,IF($F24>=1,"Qualified",IF($F24>=0.9,"90% Partial Amplify","Not Qualified")),"No qualifier - Amplify open") | H24: =IF($G24<>"Qualified","-",IFERROR(IF($E24>=INDEX('Program Setup'!$C$18:$C$23,MATCH($C24,'Program Setup'!$B$18:$B$23,0)),1,IF($E24>=INDEX('Program Setup'!$D$18:$D$23,MATCH($C24,'Program Setup'!$B$18:$B$23,0)),2,IF($E24>=INDEX('Program Setup'!$E$18:$E$23,MATCH($C24,'Program Setup'!$B$18:$B$23,0)),3,"-"))),"-")) | I24: =IF(ISNUMBER($H24),INDEX('Program Setup'!$B$6:$B$8,MATCH($H24,'Program Setup'!$A$6:$A$8,0)),0) | J24: =SUMIFS('Amplify Detail'!$E$5:$E$496,'Amplify Detail'!$A$5:$A$496,$A24,'Amplify Detail'!$C$5:$C$496,$C24) | K24: =SUMIFS('Amplify Detail'!$F$5:$F$496,'Amplify Detail'!$A$5:$A$496,$A24,'Amplify Detail'!$C$5:$C$496,$C24) | L24: =SUMIFS('Amplify Detail'!$G$5:$G$496,'Amplify Detail'!$A$5:$A$496,$A24,'Amplify Detail'!$C$5:$C$496,$C24) | M24: =SUMIFS('Amplify Detail'!$J$5:$J$496,'Amplify Detail'!$A$5:$A$496,$A24,'Amplify Detail'!$C$5:$C$496,$C24) | N24: =$I24+$M24 | O24: =IF($G24="No qualifier - Amplify open",1,IFERROR(INDEX('Program Setup'!$B$12:$B$14,MATCH($G24,'Program Setup'!$A$12:$A$14,0)),0)) | P24: =$A24&"|"&$C24
A25: Andrew Lundy | B25: Mike Kennedy | C25: Sapporo | F25: =IF($D25>0,$E25/$D25,"") | G25: =IF($D25>0,IF($F25>=1,"Qualified",IF($F25>=0.9,"90% Partial Amplify","Not Qualified")),"No qualifier - Amplify open") | H25: =IF($G25<>"Qualified","-",IFERROR(IF($E25>=INDEX('Program Setup'!$C$18:$C$23,MATCH($C25,'Program Setup'!$B$18:$B$23,0)),1,IF($E25>=INDEX('Program Setup'!$D$18:$D$23,MATCH($C25,'Program Setup'!$B$18:$B$23,0)),2,IF($E25>=INDEX('Program Setup'!$E$18:$E$23,MATCH($C25,'Program Setup'!$B$18:$B$23,0)),3,"-"))),"-")) | I25: =IF(ISNUMBER($H25),INDEX('Program Setup'!$B$6:$B$8,MATCH($H25,'Program Setup'!$A$6:$A$8,0)),0) | J25: =SUMIFS('Amplify Detail'!$E$5:$E$496,'Amplify Detail'!$A$5:$A$496,$A25,'Amplify Detail'!$C$5:$C$496,$C25) | K25: =SUMIFS('Amplify Detail'!$F$5:$F$496,'Amplify Detail'!$A$5:$A$496,$A25,'Amplify Detail'!$C$5:$C$496,$C25) | L25: =SUMIFS('Amplify Detail'!$G$5:$G$496,'Amplify Detail'!$A$5:$A$496,$A25,'Amplify Detail'!$C$5:$C$496,$C25) | M25: =SUMIFS('Amplify Detail'!$J$5:$J$496,'Amplify Detail'!$A$5:$A$496,$A25,'Amplify Detail'!$C$5:$C$496,$C25) | N25: =$I25+$M25 | O25: =IF($G25="No qualifier - Amplify open",1,IFERROR(INDEX('Program Setup'!$B$12:$B$14,MATCH($G25,'Program Setup'!$A$12:$A$14,0)),0)) | P25: =$A25&"|"&$C25
A26: Anthony Palmisano | B26: Chris McCrohan | C26: Boston Beer Company | D26: 4450 | E26: 3671 | F26: =IF($D26>0,$E26/$D26,"") | G26: =IF($D26>0,IF($F26>=1,"Qualified",IF($F26>=0.9,"90% Partial Amplify","Not Qualified")),"No qualifier - Amplify open") | H26: =IF($G26<>"Qualified","-",IFERROR(IF($E26>=INDEX('Program Setup'!$C$18:$C$23,MATCH($C26,'Program Setup'!$B$18:$B$23,0)),1,IF($E26>=INDEX('Program Setup'!$D$18:$D$23,MATCH($C26,'Program Setup'!$B$18:$B$23,0)),2,IF($E26>=INDEX('Program Setup'!$E$18:$E$23,MATCH($C26,'Program Setup'!$B$18:$B$23,0)),3,"-"))),"-")) | I26: =IF(ISNUMBER($H26),INDEX('Program Setup'!$B$6:$B$8,MATCH($H26,'Program Setup'!$A$6:$A$8,0)),0) | J26: =SUMIFS('Amplify Detail'!$E$5:$E$496,'Amplify Detail'!$A$5:$A$496,$A26,'Amplify Detail'!$C$5:$C$496,$C26) | K26: =SUMIFS('Amplify Detail'!$F$5:$F$496,'Amplify Detail'!$A$5:$A$496,$A26,'Amplify Detail'!$C$5:$C$496,$C26) | L26: =SUMIFS('Amplify Detail'!$G$5:$G$496,'Amplify Detail'!$A$5:$A$496,$A26,'Amplify Detail'!$C$5:$C$496,$C26) | M26: =SUMIFS('Amplify Detail'!$J$5:$J$496,'Amplify Detail'!$A$5:$A$496,$A26,'Amplify Detail'!$C$5:$C$496,$C26) | N26: =$I26+$M26 | O26: =IF($G26="No qualifier - Amplify open",1,IFERROR(INDEX('Program Setup'!$B$12:$B$14,MATCH($G26,'Program Setup'!$A$12:$A$14,0)),0)) | P26: =$A26&"|"&$C26
A27: Anthony Palmisano | B27: Chris McCrohan | C27: Cape May | F27: =IF($D27>0,$E27/$D27,"") | G27: =IF($D27>0,IF($F27>=1,"Qualified",IF($F27>=0.9,"90% Partial Amplify","Not Qualified")),"No qualifier - Amplify open") | H27: =IF($G27<>"Qualified","-",IFERROR(IF($E27>=INDEX('Program Setup'!$C$18:$C$23,MATCH($C27,'Program Setup'!$B$18:$B$23,0)),1,IF($E27>=INDEX('Program Setup'!$D$18:$D$23,MATCH($C27,'Program Setup'!$B$18:$B$23,0)),2,IF($E27>=INDEX('Program Setup'!$E$18:$E$23,MATCH($C27,'Program Setup'!$B$18:$B$23,0)),3,"-"))),"-")) | I27: =IF(ISNUMBER($H27),INDEX('Program Setup'!$B$6:$B$8,MATCH($H27,'Program Setup'!$A$6:$A$8,0)),0) | J27: =SUMIFS('Amplify Detail'!$E$5:$E$496,'Amplify Detail'!$A$5:$A$496,$A27,'Amplify Detail'!$C$5:$C$496,$C27) | K27: =SUMIFS('Amplify Detail'!$F$5:$F$496,'Amplify Detail'!$A$5:$A$496,$A27,'Amplify Detail'!$C$5:$C$496,$C27) | L27: =SUMIFS('Amplify Detail'!$G$5:$G$496,'Amplify Detail'!$A$5:$A$496,$A27,'Amplify Detail'!$C$5:$C$496,$C27) | M27: =SUMIFS('Amplify Detail'!$J$5:$J$496,'Amplify Detail'!$A$5:$A$496,$A27,'Amplify Detail'!$C$5:$C$496,$C27) | N27: =$I27+$M27 | O27: =IF($G27="No qualifier - Amplify open",1,IFERROR(INDEX('Program Setup'!$B$12:$B$14,MATCH($G27,'Program Setup'!$A$12:$A$14,0)),0)) | P27: =$A27&"|"&$C27
A28: Anthony Palmisano | B28: Chris McCrohan | C28: Constellation Brands | D28: 18078 | E28: 18611 | F28: =IF($D28>0,$E28/$D28,"") | G28: =IF($D28>0,IF($F28>=1,"Qualified",IF($F28>=0.9,"90% Partial Amplify","Not Qualified")),"No qualifier - Amplify open") | H28: =IF($G28<>"Qualified","-",IFERROR(IF($E28>=INDEX('Program Setup'!$C$18:$C$23,MATCH($C28,'Program Setup'!$B$18:$B$23,0)),1,IF($E28>=INDEX('Program Setup'!$D$18:$D$23,MATCH($C28,'Program Setup'!$B$18:$B$23,0)),2,IF($E28>=INDEX('Program Setup'!$E$18:$E$23,MATCH($C28,'Program Setup'!$B$18:$B$23,0)),3,"-"))),"-")) | I28: =IF(ISNUMBER($H28),INDEX('Program Setup'!$B$6:$B$8,MATCH($H28,'Program Setup'!$A$6:$A$8,0)),0) | J28: =SUMIFS('Amplify Detail'!$E$5:$E$496,'Amplify Detail'!$A$5:$A$496,$A28,'Amplify Detail'!$C$5:$C$496,$C28) | K28: =SUMIFS('Amplify Detail'!$F$5:$F$496,'Amplify Detail'!$A$5:$A$496,$A28,'Amplify Detail'!$C$5:$C$496,$C28) | L28: =SUMIFS('Amplify Detail'!$G$5:$G$496,'Amplify Detail'!$A$5:$A$496,$A28,'Amplify Detail'!$C$5:$C$496,$C28) | M28: =SUMIFS('Amplify Detail'!$J$5:$J$496,'Amplify Detail'!$A$5:$A$496,$A28,'Amplify Detail'!$C$5:$C$496,$C28) | N28: =$I28+$M28 | O28: =IF($G28="No qualifier - Amplify open",1,IFERROR(INDEX('Program Setup'!$B$12:$B$14,MATCH($G28,'Program Setup'!$A$12:$A$14,0)),0)) | P28: =$A28&"|"&$C28
A29: Anthony Palmisano | B29: Chris McCrohan | C29: DG Yuengling Inc | D29: 4331 | E29: 4275 | F29: =IF($D29>0,$E29/$D29,"") | G29: =IF($D29>0,IF($F29>=1,"Qualified",IF($F29>=0.9,"90% Partial Amplify","Not Qualified")),"No qualifier - Amplify open") | H29: =IF($G29<>"Qualified","-",IFERROR(IF($E29>=INDEX('Program Setup'!$C$18:$C$23,MATCH($C29,'Program Setup'!$B$18:$B$23,0)),1,IF($E29>=INDEX('Program Setup'!$D$18:$D$23,MATCH($C29,'Program Setup'!$B$18:$B$23,0)),2,IF($E29>=INDEX('Program Setup'!$E$18:$E$23,MATCH($C29,'Program Setup'!$B$18:$B$23,0)),3,"-"))),"-")) | I29: =IF(ISNUMBER($H29),INDEX('Program Setup'!$B$6:$B$8,MATCH($H29,'Program Setup'!$A$6:$A$8,0)),0) | J29: =SUMIFS('Amplify Detail'!$E$5:$E$496,'Amplify Detail'!$A$5:$A$496,$A29,'Amplify Detail'!$C$5:$C$496,$C29) | K29: =SUMIFS('Amplify Detail'!$F$5:$F$496,'Amplify Detail'!$A$5:$A$496,$A29,'Amplify Detail'!$C$5:$C$496,$C29) | L29: =SUMIFS('Amplify Detail'!$G$5:$G$496,'Amplify Detail'!$A$5:$A$496,$A29,'Amplify Detail'!$C$5:$C$496,$C29) | M29: =SUMIFS('Amplify Detail'!$J$5:$J$496,'Amplify Detail'!$A$5:$A$496,$A29,'Amplify Detail'!$C$5:$C$496,$C29) | N29: =$I29+$M29 | O29: =IF($G29="No qualifier - Amplify open",1,IFERROR(INDEX('Program Setup'!$B$12:$B$14,MATCH($G29,'Program Setup'!$A$12:$A$14,0)),0)) | P29: =$A29&"|"&$C29
A30: Anthony Palmisano | B30: Chris McCrohan | C30: Heineken USA | D30: 2985 | E30: 2640 | F30: =IF($D30>0,$E30/$D30,"") | G30: =IF($D30>0,IF($F30>=1,"Qualified",IF($F30>=0.9,"90% Partial Amplify","Not Qualified")),"No qualifier - Amplify open") | H30: =IF($G30<>"Qualified","-",IFERROR(IF($E30>=INDEX('Program Setup'!$C$18:$C$23,MATCH($C30,'Program Setup'!$B$18:$B$23,0)),1,IF($E30>=INDEX('Program Setup'!$D$18:$D$23,MATCH($C30,'Program Setup'!$B$18:$B$23,0)),2,IF($E30>=INDEX('Program Setup'!$E$18:$E$23,MATCH($C30,'Program Setup'!$B$18:$B$23,0)),3,"-"))),"-")) | I30: =IF(ISNUMBER($H30),INDEX('Program Setup'!$B$6:$B$8,MATCH($H30,'Program Setup'!$A$6:$A$8,0)),0) | J30: =SUMIFS('Amplify Detail'!$E$5:$E$496,'Amplify Detail'!$A$5:$A$496,$A30,'Amplify Detail'!$C$5:$C$496,$C30) | K30: =SUMIFS('Amplify Detail'!$F$5:$F$496,'Amplify Detail'!$A$5:$A$496,$A30,'Amplify Detail'!$C$5:$C$496,$C30) | L30: =SUMIFS('Amplify Detail'!$G$5:$G$496,'Amplify Detail'!$A$5:$A$496,$A30,'Amplify Detail'!$C$5:$C$496,$C30) | M30: =SUMIFS('Amplify Detail'!$J$5:$J$496,'Amplify Detail'!$A$5:$A$496,$A30,'Amplify Detail'!$C$5:$C$496,$C30) | N30: =$I30+$M30 | O30: =IF($G30="No qualifier - Amplify open",1,IFERROR(INDEX('Program Setup'!$B$12:$B$14,MATCH($G30,'Program Setup'!$A$12:$A$14,0)),0)) | P30: =$A30&"|"&$C30
A31: Anthony Palmisano | B31: Chris McCrohan | C31: Mark Anthony | D31: 6666 | E31: 7386 | F31: =IF($D31>0,$E31/$D31,"") | G31: =IF($D31>0,IF($F31>=1,"Qualified",IF($F31>=0.9,"90% Partial Amplify","Not Qualified")),"No qualifier - Amplify open") | H31: =IF($G31<>"Qualified","-",IFERROR(IF($E31>=INDEX('Program Setup'!$C$18:$C$23,MATCH($C31,'Program Setup'!$B$18:$B$23,0)),1,IF($E31>=INDEX('Program Setup'!$D$18:$D$23,MATCH($C31,'Program Setup'!$B$18:$B$23,0)),2,IF($E31>=INDEX('Program Setup'!$E$18:$E$23,MATCH($C31,'Program Setup'!$B$18:$B$23,0)),3,"-"))),"-")) | I31: =IF(ISNUMBER($H31),INDEX('Program Setup'!$B$6:$B$8,MATCH($H31,'Program Setup'!$A$6:$A$8,0)),0) | J31: =SUMIFS('Amplify Detail'!$E$5:$E$496,'Amplify Detail'!$A$5:$A$496,$A31,'Amplify Detail'!$C$5:$C$496,$C31) | K31: =SUMIFS('Amplify Detail'!$F$5:$F$496,'Amplify Detail'!$A$5:$A$496,$A31,'Amplify Detail'!$C$5:$C$496,$C31) | L31: =SUMIFS('Amplify Detail'!$G$5:$G$496,'Amplify Detail'!$A$5:$A$496,$A31,'Amplify Detail'!$C$5:$C$496,$C31) | M31: =SUMIFS('Amplify Detail'!$J$5:$J$496,'Amplify Detail'!$A$5:$A$496,$A31,'Amplify Detail'!$C$5:$C$496,$C31) | N31: =$I31+$M31 | O31: =IF($G31="No qualifier - Amplify open",1,IFERROR(INDEX('Program Setup'!$B$12:$B$14,MATCH($G31,'Program Setup'!$A$12:$A$14,0)),0)) | P31: =$A31&"|"&$C31
A32: Anthony Palmisano | B32: Chris McCrohan | C32: MolsonCoors Beverage Company | D32: 29338 | E32: 27917 | F32: =IF($D32>0,$E32/$D32,"") | G32: =IF($D32>0,IF($F32>=1,"Qualified",IF($F32>=0.9,"90% Partial Amplify","Not Qualified")),"No qualifier - Amplify open") | H32: =IF($G32<>"Qualified","-",IFERROR(IF($E32>=INDEX('Program Setup'!$C$18:$C$23,MATCH($C32,'Program Setup'!$B$18:$B$23,0)),1,IF($E32>=INDEX('Program Setup'!$D$18:$D$23,MATCH($C32,'Program Setup'!$B$18:$B$23,0)),2,IF($E32>=INDEX('Program Setup'!$E$18:$E$23,MATCH($C32,'Program Setup'!$B$18:$B$23,0)),3,"-"))),"-")) | I32: =IF(ISNUMBER($H32),INDEX('Program Setup'!$B$6:$B$8,MATCH($H32,'Program Setup'!$A$6:$A$8,0)),0) | J32: =SUMIFS('Amplify Detail'!$E$5:$E$496,'Amplify Detail'!$A$5:$A$496,$A32,'Amplify Detail'!$C$5:$C$496,$C32) | K32: =SUMIFS('Amplify Detail'!$F$5:$F$496,'Amplify Detail'!$A$5:$A$496,$A32,'Amplify Detail'!$C$5:$C$496,$C32) | L32: =SUMIFS('Amplify Detail'!$G$5:$G$496,'Amplify Detail'!$A$5:$A$496,$A32,'Amplify Detail'!$C$5:$C$496,$C32) | M32: =SUMIFS('Amplify Detail'!$J$5:$J$496,'Amplify Detail'!$A$5:$A$496,$A32,'Amplify Detail'!$C$5:$C$496,$C32) | N32: =$I32+$M32 | O32: =IF($G32="No qualifier - Amplify open",1,IFERROR(INDEX('Program Setup'!$B$12:$B$14,MATCH($G32,'Program Setup'!$A$12:$A$14,0)),0)) | P32: =$A32&"|"&$C32
A33: Anthony Palmisano | B33: Chris McCrohan | C33: New Belgium Brewing Company | F33: =IF($D33>0,$E33/$D33,"") | G33: =IF($D33>0,IF($F33>=1,"Qualified",IF($F33>=0.9,"90% Partial Amplify","Not Qualified")),"No qualifier - Amplify open") | H33: =IF($G33<>"Qualified","-",IFERROR(IF($E33>=INDEX('Program Setup'!$C$18:$C$23,MATCH($C33,'Program Setup'!$B$18:$B$23,0)),1,IF($E33>=INDEX('Program Setup'!$D$18:$D$23,MATCH($C33,'Program Setup'!$B$18:$B$23,0)),2,IF($E33>=INDEX('Program Setup'!$E$18:$E$23,MATCH($C33,'Program Setup'!$B$18:$B$23,0)),3,"-"))),"-")) | I33: =IF(ISNUMBER($H33),INDEX('Program Setup'!$B$6:$B$8,MATCH($H33,'Program Setup'!$A$6:$A$8,0)),0) | J33: =SUMIFS('Amplify Detail'!$E$5:$E$496,'Amplify Detail'!$A$5:$A$496,$A33,'Amplify Detail'!$C$5:$C$496,$C33) | K33: =SUMIFS('Amplify Detail'!$F$5:$F$496,'Amplify Detail'!$A$5:$A$496,$A33,'Amplify Detail'!$C$5:$C$496,$C33) | L33: =SUMIFS('Amplify Detail'!$G$5:$G$496,'Amplify Detail'!$A$5:$A$496,$A33,'Amplify Detail'!$C$5:$C$496,$C33) | M33: =SUMIFS('Amplify Detail'!$J$5:$J$496,'Amplify Detail'!$A$5:$A$496,$A33,'Amplify Detail'!$C$5:$C$496,$C33) | N33: =$I33+$M33 | O33: =IF($G33="No qualifier - Amplify open",1,IFERROR(INDEX('Program Setup'!$B$12:$B$14,MATCH($G33,'Program Setup'!$A$12:$A$14,0)),0)) | P33: =$A33&"|"&$C33
A34: Anthony Palmisano | B34: Chris McCrohan | C34: Sapporo | F34: =IF($D34>0,$E34/$D34,"") | G34: =IF($D34>0,IF($F34>=1,"Qualified",IF($F34>=0.9,"90% Partial Amplify","Not Qualified")),"No qualifier - Amplify open") | H34: =IF($G34<>"Qualified","-",IFERROR(IF($E34>=INDEX('Program Setup'!$C$18:$C$23,MATCH($C34,'Program Setup'!$B$18:$B$23,0)),1,IF($E34>=INDEX('Program Setup'!$D$18:$D$23,MATCH($C34,'Program Setup'!$B$18:$B$23,0)),2,IF($E34>=INDEX('Program Setup'!$E$18:$E$23,MATCH($C34,'Program Setup'!$B$18:$B$23,0)),3,"-"))),"-")) | I34: =IF(ISNUMBER($H34),INDEX('Program Setup'!$B$6:$B$8,MATCH($H34,'Program Setup'!$A$6:$A$8,0)),0) | J34: =SUMIFS('Amplify Detail'!$E$5:$E$496,'Amplify Detail'!$A$5:$A$496,$A34,'Amplify Detail'!$C$5:$C$496,$C34) | K34: =SUMIFS('Amplify Detail'!$F$5:$F$496,'Amplify Detail'!$A$5:$A$496,$A34,'Amplify Detail'!$C$5:$C$496,$C34) | L34: =SUMIFS('Amplify Detail'!$G$5:$G$496,'Amplify Detail'!$A$5:$A$496,$A34,'Amplify Detail'!$C$5:$C$496,$C34) | M34: =SUMIFS('Amplify Detail'!$J$5:$J$496,'Amplify Detail'!$A$5:$A$496,$A34,'Amplify Detail'!$C$5:$C$496,$C34) | N34: =$I34+$M34 | O34: =IF($G34="No qualifier - Amplify open",1,IFERROR(INDEX('Program Setup'!$B$12:$B$14,MATCH($G34,'Program Setup'!$A$12:$A$14,0)),0)) | P34: =$A34&"|"&$C34
A35: Brian Sengebush | B35: Chris McCrohan | C35: Boston Beer Company | D35: 1575 | E35: 1075 | F35: =IF($D35>0,$E35/$D35,"") | G35: =IF($D35>0,IF($F35>=1,"Qualified",IF($F35>=0.9,"90% Partial Amplify","Not Qualified")),"No qualifier - Amplify open") | H35: =IF($G35<>"Qualified","-",IFERROR(IF($E35>=INDEX('Program Setup'!$C$18:$C$23,MATCH($C35,'Program Setup'!$B$18:$B$23,0)),1,IF($E35>=INDEX('Program Setup'!$D$18:$D$23,MATCH($C35,'Program Setup'!$B$18:$B$23,0)),2,IF($E35>=INDEX('Program Setup'!$E$18:$E$23,MATCH($C35,'Program Setup'!$B$18:$B$23,0)),3,"-"))),"-")) | I35: =IF(ISNUMBER($H35),INDEX('Program Setup'!$B$6:$B$8,MATCH($H35,'Program Setup'!$A$6:$A$8,0)),0) | J35: =SUMIFS('Amplify Detail'!$E$5:$E$496,'Amplify Detail'!$A$5:$A$496,$A35,'Amplify Detail'!$C$5:$C$496,$C35) | K35: =SUMIFS('Amplify Detail'!$F$5:$F$496,'Amplify Detail'!$A$5:$A$496,$A35,'Amplify Detail'!$C$5:$C$496,$C35) | L35: =SUMIFS('Amplify Detail'!$G$5:$G$496,'Amplify Detail'!$A$5:$A$496,$A35,'Amplify Detail'!$C$5:$C$496,$C35) | M35: =SUMIFS('Amplify Detail'!$J$5:$J$496,'Amplify Detail'!$A$5:$A$496,$A35,'Amplify Detail'!$C$5:$C$496,$C35) | N35: =$I35+$M35 | O35: =IF($G35="No qualifier - Amplify open",1,IFERROR(INDEX('Program Setup'!$B$12:$B$14,MATCH($G35,'Program Setup'!$A$12:$A$14,0)),0)) | P35: =$A35&"|"&$C35
A36: Brian Sengebush | B36: Chris McCrohan | C36: Cape May | F36: =IF($D36>0,$E36/$D36,"") | G36: =IF($D36>0,IF($F36>=1,"Qualified",IF($F36>=0.9,"90% Partial Amplify","Not Qualified")),"No qualifier - Amplify open") | H36: =IF($G36<>"Qualified","-",IFERROR(IF($E36>=INDEX('Program Setup'!$C$18:$C$23,MATCH($C36,'Program Setup'!$B$18:$B$23,0)),1,IF($E36>=INDEX('Program Setup'!$D$18:$D$23,MATCH($C36,'Program Setup'!$B$18:$B$23,0)),2,IF($E36>=INDEX('Program Setup'!$E$18:$E$23,MATCH($C36,'Program Setup'!$B$18:$B$23,0)),3,"-"))),"-")) | I36: =IF(ISNUMBER($H36),INDEX('Program Setup'!$B$6:$B$8,MATCH($H36,'Program Setup'!$A$6:$A$8,0)),0) | J36: =SUMIFS('Amplify Detail'!$E$5:$E$496,'Amplify Detail'!$A$5:$A$496,$A36,'Amplify Detail'!$C$5:$C$496,$C36) | K36: =SUMIFS('Amplify Detail'!$F$5:$F$496,'Amplify Detail'!$A$5:$A$496,$A36,'Amplify Detail'!$C$5:$C$496,$C36) | L36: =SUMIFS('Amplify Detail'!$G$5:$G$496,'Amplify Detail'!$A$5:$A$496,$A36,'Amplify Detail'!$C$5:$C$496,$C36) | M36: =SUMIFS('Amplify Detail'!$J$5:$J$496,'Amplify Detail'!$A$5:$A$496,$A36,'Amplify Detail'!$C$5:$C$496,$C36) | N36: =$I36+$M36 | O36: =IF($G36="No qualifier - Amplify open",1,IFERROR(INDEX('Program Setup'!$B$12:$B$14,MATCH($G36,'Program Setup'!$A$12:$A$14,0)),0)) | P36: =$A36&"|"&$C36
A37: Brian Sengebush | B37: Chris McCrohan | C37: Constellation Brands | D37: 5395 | E37: 5033 | F37: =IF($D37>0,$E37/$D37,"") | G37: =IF($D37>0,IF($F37>=1,"Qualified",IF($F37>=0.9,"90% Partial Amplify","Not Qualified")),"No qualifier - Amplify open") | H37: =IF($G37<>"Qualified","-",IFERROR(IF($E37>=INDEX('Program Setup'!$C$18:$C$23,MATCH($C37,'Program Setup'!$B$18:$B$23,0)),1,IF($E37>=INDEX('Program Setup'!$D$18:$D$23,MATCH($C37,'Program Setup'!$B$18:$B$23,0)),2,IF($E37>=INDEX('Program Setup'!$E$18:$E$23,MATCH($C37,'Program Setup'!$B$18:$B$23,0)),3,"-"))),"-")) | I37: =IF(ISNUMBER($H37),INDEX('Program Setup'!$B$6:$B$8,MATCH($H37,'Program Setup'!$A$6:$A$8,0)),0) | J37: =SUMIFS('Amplify Detail'!$E$5:$E$496,'Amplify Detail'!$A$5:$A$496,$A37,'Amplify Detail'!$C$5:$C$496,$C37) | K37: =SUMIFS('Amplify Detail'!$F$5:$F$496,'Amplify Detail'!$A$5:$A$496,$A37,'Amplify Detail'!$C$5:$C$496,$C37) | L37: =SUMIFS('Amplify Detail'!$G$5:$G$496,'Amplify Detail'!$A$5:$A$496,$A37,'Amplify Detail'!$C$5:$C$496,$C37) | M37: =SUMIFS('Amplify Detail'!$J$5:$J$496,'Amplify Detail'!$A$5:$A$496,$A37,'Amplify Detail'!$C$5:$C$496,$C37) | N37: =$I37+$M37 | O37: =IF($G37="No qualifier - Amplify open",1,IFERROR(INDEX('Program Setup'!$B$12:$B$14,MATCH($G37,'Program Setup'!$A$12:$A$14,0)),0)) | P37: =$A37&"|"&$C37
A38: Brian Sengebush | B38: Chris McCrohan | C38: DG Yuengling Inc | D38: 4861 | E38: 4375 | F38: =IF($D38>0,$E38/$D38,"") | G38: =IF($D38>0,IF($F38>=1,"Qualified",IF($F38>=0.9,"90% Partial Amplify","Not Qualified")),"No qualifier - Amplify open") | H38: =IF($G38<>"Qualified","-",IFERROR(IF($E38>=INDEX('Program Setup'!$C$18:$C$23,MATCH($C38,'Program Setup'!$B$18:$B$23,0)),1,IF($E38>=INDEX('Program Setup'!$D$18:$D$23,MATCH($C38,'Program Setup'!$B$18:$B$23,0)),2,IF($E38>=INDEX('Program Setup'!$E$18:$E$23,MATCH($C38,'Program Setup'!$B$18:$B$23,0)),3,"-"))),"-")) | I38: =IF(ISNUMBER($H38),INDEX('Program Setup'!$B$6:$B$8,MATCH($H38,'Program Setup'!$A$6:$A$8,0)),0) | J38: =SUMIFS('Amplify Detail'!$E$5:$E$496,'Amplify Detail'!$A$5:$A$496,$A38,'Amplify Detail'!$C$5:$C$496,$C38) | K38: =SUMIFS('Amplify Detail'!$F$5:$F$496,'Amplify Detail'!$A$5:$A$496,$A38,'Amplify Detail'!$C$5:$C$496,$C38) | L38: =SUMIFS('Amplify Detail'!$G$5:$G$496,'Amplify Detail'!$A$5:$A$496,$A38,'Amplify Detail'!$C$5:$C$496,$C38) | M38: =SUMIFS('Amplify Detail'!$J$5:$J$496,'Amplify Detail'!$A$5:$A$496,$A38,'Amplify Detail'!$C$5:$C$496,$C38) | N38: =$I38+$M38 | O38: =IF($G38="No qualifier - Amplify open",1,IFERROR(INDEX('Program Setup'!$B$12:$B$14,MATCH($G38,'Program Setup'!$A$12:$A$14,0)),0)) | P38: =$A38&"|"&$C38
A39: Brian Sengebush | B39: Chris McCrohan | C39: Mark Anthony | D39: 1470 | E39: 1156 | F39: =IF($D39>0,$E39/$D39,"") | G39: =IF($D39>0,IF($F39>=1,"Qualified",IF($F39>=0.9,"90% Partial Amplify","Not Qualified")),"No qualifier - Amplify open") | H39: =IF($G39<>"Qualified","-",IFERROR(IF($E39>=INDEX('Program Setup'!$C$18:$C$23,MATCH($C39,'Program Setup'!$B$18:$B$23,0)),1,IF($E39>=INDEX('Program Setup'!$D$18:$D$23,MATCH($C39,'Program Setup'!$B$18:$B$23,0)),2,IF($E39>=INDEX('Program Setup'!$E$18:$E$23,MATCH($C39,'Program Setup'!$B$18:$B$23,0)),3,"-"))),"-")) | I39: =IF(ISNUMBER($H39),INDEX('Program Setup'!$B$6:$B$8,MATCH($H39,'Program Setup'!$A$6:$A$8,0)),0) | J39: =SUMIFS('Amplify Detail'!$E$5:$E$496,'Amplify Detail'!$A$5:$A$496,$A39,'Amplify Detail'!$C$5:$C$496,$C39) | K39: =SUMIFS('Amplify Detail'!$F$5:$F$496,'Amplify Detail'!$A$5:$A$496,$A39,'Amplify Detail'!$C$5:$C$496,$C39) | L39: =SUMIFS('Amplify Detail'!$G$5:$G$496,'Amplify Detail'!$A$5:$A$496,$A39,'Amplify Detail'!$C$5:$C$496,$C39) | M39: =SUMIFS('Amplify Detail'!$J$5:$J$496,'Amplify Detail'!$A$5:$A$496,$A39,'Amplify Detail'!$C$5:$C$496,$C39) | N39: =$I39+$M39 | O39: =IF($G39="No qualifier - Amplify open",1,IFERROR(INDEX('Program Setup'!$B$12:$B$14,MATCH($G39,'Program Setup'!$A$12:$A$14,0)),0)) | P39: =$A39&"|"&$C39
A40: Brian Sengebush | B40: Chris McCrohan | C40: MolsonCoors Beverage Company | D40: 16115 | E40: 14813 | F40: =IF($D40>0,$E40/$D40,"") | G40: =IF($D40>0,IF($F40>=1,"Qualified",IF($F40>=0.9,"90% Partial Amplify","Not Qualified")),"No qualifier - Amplify open") | H40: =IF($G40<>"Qualified","-",IFERROR(IF($E40>=INDEX('Program Setup'!$C$18:$C$23,MATCH($C40,'Program Setup'!$B$18:$B$23,0)),1,IF($E40>=INDEX('Program Setup'!$D$18:$D$23,MATCH($C40,'Program Setup'!$B$18:$B$23,0)),2,IF($E40>=INDEX('Program Setup'!$E$18:$E$23,MATCH($C40,'Program Setup'!$B$18:$B$23,0)),3,"-"))),"-")) | I40: =IF(ISNUMBER($H40),INDEX('Program Setup'!$B$6:$B$8,MATCH($H40,'Program Setup'!$A$6:$A$8,0)),0) | J40: =SUMIFS('Amplify Detail'!$E$5:$E$496,'Amplify Detail'!$A$5:$A$496,$A40,'Amplify Detail'!$C$5:$C$496,$C40) | K40: =SUMIFS('Amplify Detail'!$F$5:$F$496,'Amplify Detail'!$A$5:$A$496,$A40,'Amplify Detail'!$C$5:$C$496,$C40) | L40: =SUMIFS('Amplify Detail'!$G$5:$G$496,'Amplify Detail'!$A$5:$A$496,$A40,'Amplify Detail'!$C$5:$C$496,$C40) | M40: =SUMIFS('Amplify Detail'!$J$5:$J$496,'Amplify Detail'!$A$5:$A$496,$A40,'Amplify Detail'!$C$5:$C$496,$C40) | N40: =$I40+$M40 | O40: =IF($G40="No qualifier - Amplify open",1,IFERROR(INDEX('Program Setup'!$B$12:$B$14,MATCH($G40,'Program Setup'!$A$12:$A$14,0)),0)) | P40: =$A40&"|"&$C40
A41: Brian Sengebush | B41: Chris McCrohan | C41: New Belgium Brewing Company | F41: =IF($D41>0,$E41/$D41,"") | G41: =IF($D41>0,IF($F41>=1,"Qualified",IF($F41>=0.9,"90% Partial Amplify","Not Qualified")),"No qualifier - Amplify open") | H41: =IF($G41<>"Qualified","-",IFERROR(IF($E41>=INDEX('Program Setup'!$C$18:$C$23,MATCH($C41,'Program Setup'!$B$18:$B$23,0)),1,IF($E41>=INDEX('Program Setup'!$D$18:$D$23,MATCH($C41,'Program Setup'!$B$18:$B$23,0)),2,IF($E41>=INDEX('Program Setup'!$E$18:$E$23,MATCH($C41,'Program Setup'!$B$18:$B$23,0)),3,"-"))),"-")) | I41: =IF(ISNUMBER($H41),INDEX('Program Setup'!$B$6:$B$8,MATCH($H41,'Program Setup'!$A$6:$A$8,0)),0) | J41: =SUMIFS('Amplify Detail'!$E$5:$E$496,'Amplify Detail'!$A$5:$A$496,$A41,'Amplify Detail'!$C$5:$C$496,$C41) | K41: =SUMIFS('Amplify Detail'!$F$5:$F$496,'Amplify Detail'!$A$5:$A$496,$A41,'Amplify Detail'!$C$5:$C$496,$C41) | L41: =SUMIFS('Amplify Detail'!$G$5:$G$496,'Amplify Detail'!$A$5:$A$496,$A41,'Amplify Detail'!$C$5:$C$496,$C41) | M41: =SUMIFS('Amplify Detail'!$J$5:$J$496,'Amplify Detail'!$A$5:$A$496,$A41,'Amplify Detail'!$C$5:$C$496,$C41) | N41: =$I41+$M41 | O41: =IF($G41="No qualifier - Amplify open",1,IFERROR(INDEX('Program Setup'!$B$12:$B$14,MATCH($G41,'Program Setup'!$A$12:$A$14,0)),0)) | P41: =$A41&"|"&$C41
A42: Brian Sengebush | B42: Chris McCrohan | C42: Sapporo | F42: =IF($D42>0,$E42/$D42,"") | G42: =IF($D42>0,IF($F42>=1,"Qualified",IF($F42>=0.9,"90% Partial Amplify","Not Qualified")),"No qualifier - Amplify open") | H42: =IF($G42<>"Qualified","-",IFERROR(IF($E42>=INDEX('Program Setup'!$C$18:$C$23,MATCH($C42,'Program Setup'!$B$18:$B$23,0)),1,IF($E42>=INDEX('Program Setup'!$D$18:$D$23,MATCH($C42,'Program Setup'!$B$18:$B$23,0)),2,IF($E42>=INDEX('Program Setup'!$E$18:$E$23,MATCH($C42,'Program Setup'!$B$18:$B$23,0)),3,"-"))),"-")) | I42: =IF(ISNUMBER($H42),INDEX('Program Setup'!$B$6:$B$8,MATCH($H42,'Program Setup'!$A$6:$A$8,0)),0) | J42: =SUMIFS('Amplify Detail'!$E$5:$E$496,'Amplify Detail'!$A$5:$A$496,$A42,'Amplify Detail'!$C$5:$C$496,$C42) | K42: =SUMIFS('Amplify Detail'!$F$5:$F$496,'Amplify Detail'!$A$5:$A$496,$A42,'Amplify Detail'!$C$5:$C$496,$C42) | L42: =SUMIFS('Amplify Detail'!$G$5:$G$496,'Amplify Detail'!$A$5:$A$496,$A42,'Amplify Detail'!$C$5:$C$496,$C42) | M42: =SUMIFS('Amplify Detail'!$J$5:$J$496,'Amplify Detail'!$A$5:$A$496,$A42,'Amplify Detail'!$C$5:$C$496,$C42) | N42: =$I42+$M42 | O42: =IF($G42="No qualifier - Amplify open",1,IFERROR(INDEX('Program Setup'!$B$12:$B$14,MATCH($G42,'Program Setup'!$A$12:$A$14,0)),0)) | P42: =$A42&"|"&$C42
A43: Chris Payton | B43: Mike Engel | C43: Boston Beer Company | D43: 2300 | E43: 2045 | F43: =IF($D43>0,$E43/$D43,"") | G43: =IF($D43>0,IF($F43>=1,"Qualified",IF($F43>=0.9,"90% Partial Amplify","Not Qualified")),"No qualifier - Amplify open") | H43: =IF($G43<>"Qualified","-",IFERROR(IF($E43>=INDEX('Program Setup'!$C$18:$C$23,MATCH($C43,'Program Setup'!$B$18:$B$23,0)),1,IF($E43>=INDEX('Program Setup'!$D$18:$D$23,MATCH($C43,'Program Setup'!$B$18:$B$23,0)),2,IF($E43>=INDEX('Program Setup'!$E$18:$E$23,MATCH($C43,'Program Setup'!$B$18:$B$23,0)),3,"-"))),"-")) | I43: =IF(ISNUMBER($H43),INDEX('Program Setup'!$B$6:$B$8,MATCH($H43,'Program Setup'!$A$6:$A$8,0)),0) | J43: =SUMIFS('Amplify Detail'!$E$5:$E$496,'Amplify Detail'!$A$5:$A$496,$A43,'Amplify Detail'!$C$5:$C$496,$C43) | K43: =SUMIFS('Amplify Detail'!$F$5:$F$496,'Amplify Detail'!$A$5:$A$496,$A43,'Amplify Detail'!$C$5:$C$496,$C43) | L43: =SUMIFS('Amplify Detail'!$G$5:$G$496,'Amplify Detail'!$A$5:$A$496,$A43,'Amplify Detail'!$C$5:$C$496,$C43) | M43: =SUMIFS('Amplify Detail'!$J$5:$J$496,'Amplify Detail'!$A$5:$A$496,$A43,'Amplify Detail'!$C$5:$C$496,$C43) | N43: =$I43+$M43 | O43: =IF($G43="No qualifier - Amplify open",1,IFERROR(INDEX('Program Setup'!$B$12:$B$14,MATCH($G43,'Program Setup'!$A$12:$A$14,0)),0)) | P43: =$A43&"|"&$C43
A44: Chris Payton | B44: Mike Engel | C44: Cape May | F44: =IF($D44>0,$E44/$D44,"") | G44: =IF($D44>0,IF($F44>=1,"Qualified",IF($F44>=0.9,"90% Partial Amplify","Not Qualified")),"No qualifier - Amplify open") | H44: =IF($G44<>"Qualified","-",IFERROR(IF($E44>=INDEX('Program Setup'!$C$18:$C$23,MATCH($C44,'Program Setup'!$B$18:$B$23,0)),1,IF($E44>=INDEX('Program Setup'!$D$18:$D$23,MATCH($C44,'Program Setup'!$B$18:$B$23,0)),2,IF($E44>=INDEX('Program Setup'!$E$18:$E$23,MATCH($C44,'Program Setup'!$B$18:$B$23,0)),3,"-"))),"-")) | I44: =IF(ISNUMBER($H44),INDEX('Program Setup'!$B$6:$B$8,MATCH($H44,'Program Setup'!$A$6:$A$8,0)),0) | J44: =SUMIFS('Amplify Detail'!$E$5:$E$496,'Amplify Detail'!$A$5:$A$496,$A44,'Amplify Detail'!$C$5:$C$496,$C44) | K44: =SUMIFS('Amplify Detail'!$F$5:$F$496,'Amplify Detail'!$A$5:$A$496,$A44,'Amplify Detail'!$C$5:$C$496,$C44) | L44: =SUMIFS('Amplify Detail'!$G$5:$G$496,'Amplify Detail'!$A$5:$A$496,$A44,'Amplify Detail'!$C$5:$C$496,$C44) | M44: =SUMIFS('Amplify Detail'!$J$5:$J$496,'Amplify Detail'!$A$5:$A$496,$A44,'Amplify Detail'!$C$5:$C$496,$C44) | N44: =$I44+$M44 | O44: =IF($G44="No qualifier - Amplify open",1,IFERROR(INDEX('Program Setup'!$B$12:$B$14,MATCH($G44,'Program Setup'!$A$12:$A$14,0)),0)) | P44: =$A44&"|"&$C44
A45: Chris Payton | B45: Mike Engel | C45: Constellation Brands | D45: 44931 | E45: 44790 | F45: =IF($D45>0,$E45/$D45,"") | G45: =IF($D45>0,IF($F45>=1,"Qualified",IF($F45>=0.9,"90% Partial Amplify","Not Qualified")),"No qualifier - Amplify open") | H45: =IF($G45<>"Qualified","-",IFERROR(IF($E45>=INDEX('Program Setup'!$C$18:$C$23,MATCH($C45,'Program Setup'!$B$18:$B$23,0)),1,IF($E45>=INDEX('Program Setup'!$D$18:$D$23,MATCH($C45,'Program Setup'!$B$18:$B$23,0)),2,IF($E45>=INDEX('Program Setup'!$E$18:$E$23,MATCH($C45,'Program Setup'!$B$18:$B$23,0)),3,"-"))),"-")) | I45: =IF(ISNUMBER($H45),INDEX('Program Setup'!$B$6:$B$8,MATCH($H45,'Program Setup'!$A$6:$A$8,0)),0) | J45: =SUMIFS('Amplify Detail'!$E$5:$E$496,'Amplify Detail'!$A$5:$A$496,$A45,'Amplify Detail'!$C$5:$C$496,$C45) | K45: =SUMIFS('Amplify Detail'!$F$5:$F$496,'Amplify Detail'!$A$5:$A$496,$A45,'Amplify Detail'!$C$5:$C$496,$C45) | L45: =SUMIFS('Amplify Detail'!$G$5:$G$496,'Amplify Detail'!$A$5:$A$496,$A45,'Amplify Detail'!$C$5:$C$496,$C45) | M45: =SUMIFS('Amplify Detail'!$J$5:$J$496,'Amplify Detail'!$A$5:$A$496,$A45,'Amplify Detail'!$C$5:$C$496,$C45) | N45: =$I45+$M45 | O45: =IF($G45="No qualifier - Amplify open",1,IFERROR(INDEX('Program Setup'!$B$12:$B$14,MATCH($G45,'Program Setup'!$A$12:$A$14,0)),0)) | P45: =$A45&"|"&$C45
A46: Chris Payton | B46: Mike Engel | C46: DG Yuengling Inc | D46: 1748 | E46: 1894 | F46: =IF($D46>0,$E46/$D46,"") | G46: =IF($D46>0,IF($F46>=1,"Qualified",IF($F46>=0.9,"90% Partial Amplify","Not Qualified")),"No qualifier - Amplify open") | H46: =IF($G46<>"Qualified","-",IFERROR(IF($E46>=INDEX('Program Setup'!$C$18:$C$23,MATCH($C46,'Program Setup'!$B$18:$B$23,0)),1,IF($E46>=INDEX('Program Setup'!$D$18:$D$23,MATCH($C46,'Program Setup'!$B$18:$B$23,0)),2,IF($E46>=INDEX('Program Setup'!$E$18:$E$23,MATCH($C46,'Program Setup'!$B$18:$B$23,0)),3,"-"))),"-")) | I46: =IF(ISNUMBER($H46),INDEX('Program Setup'!$B$6:$B$8,MATCH($H46,'Program Setup'!$A$6:$A$8,0)),0) | J46: =SUMIFS('Amplify Detail'!$E$5:$E$496,'Amplify Detail'!$A$5:$A$496,$A46,'Amplify Detail'!$C$5:$C$496,$C46) | K46: =SUMIFS('Amplify Detail'!$F$5:$F$496,'Amplify Detail'!$A$5:$A$496,$A46,'Amplify Detail'!$C$5:$C$496,$C46) | L46: =SUMIFS('Amplify Detail'!$G$5:$G$496,'Amplify Detail'!$A$5:$A$496,$A46,'Amplify Detail'!$C$5:$C$496,$C46) | M46: =SUMIFS('Amplify Detail'!$J$5:$J$496,'Amplify Detail'!$A$5:$A$496,$A46,'Amplify Detail'!$C$5:$C$496,$C46) | N46: =$I46+$M46 | O46: =IF($G46="No qualifier - Amplify open",1,IFERROR(INDEX('Program Setup'!$B$12:$B$14,MATCH($G46,'Program Setup'!$A$12:$A$14,0)),0)) | P46: =$A46&"|"&$C46
A47: Chris Payton | B47: Mike Engel | C47: Heineken USA | D47: 8733 | E47: 8869 | F47: =IF($D47>0,$E47/$D47,"") | G47: =IF($D47>0,IF($F47>=1,"Qualified",IF($F47>=0.9,"90% Partial Amplify","Not Qualified")),"No qualifier - Amplify open") | H47: =IF($G47<>"Qualified","-",IFERROR(IF($E47>=INDEX('Program Setup'!$C$18:$C$23,MATCH($C47,'Program Setup'!$B$18:$B$23,0)),1,IF($E47>=INDEX('Program Setup'!$D$18:$D$23,MATCH($C47,'Program Setup'!$B$18:$B$23,0)),2,IF($E47>=INDEX('Program Setup'!$E$18:$E$23,MATCH($C47,'Program Setup'!$B$18:$B$23,0)),3,"-"))),"-")) | I47: =IF(ISNUMBER($H47),INDEX('Program Setup'!$B$6:$B$8,MATCH($H47,'Program Setup'!$A$6:$A$8,0)),0) | J47: =SUMIFS('Amplify Detail'!$E$5:$E$496,'Amplify Detail'!$A$5:$A$496,$A47,'Amplify Detail'!$C$5:$C$496,$C47) | K47: =SUMIFS('Amplify Detail'!$F$5:$F$496,'Amplify Detail'!$A$5:$A$496,$A47,'Amplify Detail'!$C$5:$C$496,$C47) | L47: =SUMIFS('Amplify Detail'!$G$5:$G$496,'Amplify Detail'!$A$5:$A$496,$A47,'Amplify Detail'!$C$5:$C$496,$C47) | M47: =SUMIFS('Amplify Detail'!$J$5:$J$496,'Amplify Detail'!$A$5:$A$496,$A47,'Amplify Detail'!$C$5:$C$496,$C47) | N47: =$I47+$M47 | O47: =IF($G47="No qualifier - Amplify open",1,IFERROR(INDEX('Program Setup'!$B$12:$B$14,MATCH($G47,'Program Setup'!$A$12:$A$14,0)),0)) | P47: =$A47&"|"&$C47
A48: Chris Payton | B48: Mike Engel | C48: Mark Anthony | D48: 4306 | E48: 4200 | F48: =IF($D48>0,$E48/$D48,"") | G48: =IF($D48>0,IF($F48>=1,"Qualified",IF($F48>=0.9,"90% Partial Amplify","Not Qualified")),"No qualifier - Amplify open") | H48: =IF($G48<>"Qualified","-",IFERROR(IF($E48>=INDEX('Program Setup'!$C$18:$C$23,MATCH($C48,'Program Setup'!$B$18:$B$23,0)),1,IF($E48>=INDEX('Program Setup'!$D$18:$D$23,MATCH($C48,'Program Setup'!$B$18:$B$23,0)),2,IF($E48>=INDEX('Program Setup'!$E$18:$E$23,MATCH($C48,'Program Setup'!$B$18:$B$23,0)),3,"-"))),"-")) | I48: =IF(ISNUMBER($H48),INDEX('Program Setup'!$B$6:$B$8,MATCH($H48,'Program Setup'!$A$6:$A$8,0)),0) | J48: =SUMIFS('Amplify Detail'!$E$5:$E$496,'Amplify Detail'!$A$5:$A$496,$A48,'Amplify Detail'!$C$5:$C$496,$C48) | K48: =SUMIFS('Amplify Detail'!$F$5:$F$496,'Amplify Detail'!$A$5:$A$496,$A48,'Amplify Detail'!$C$5:$C$496,$C48) | L48: =SUMIFS('Amplify Detail'!$G$5:$G$496,'Amplify Detail'!$A$5:$A$496,$A48,'Amplify Detail'!$C$5:$C$496,$C48) | M48: =SUMIFS('Amplify Detail'!$J$5:$J$496,'Amplify Detail'!$A$5:$A$496,$A48,'Amplify Detail'!$C$5:$C$496,$C48) | N48: =$I48+$M48 | O48: =IF($G48="No qualifier - Amplify open",1,IFERROR(INDEX('Program Setup'!$B$12:$B$14,MATCH($G48,'Program Setup'!$A$12:$A$14,0)),0)) | P48: =$A48&"|"&$C48
A49: Chris Payton | B49: Mike Engel | C49: MolsonCoors Beverage Company | D49: 18935 | E49: 16751 | F49: =IF($D49>0,$E49/$D49,"") | G49: =IF($D49>0,IF($F49>=1,"Qualified",IF($F49>=0.9,"90% Partial Amplify","Not Qualified")),"No qualifier - Amplify open") | H49: =IF($G49<>"Qualified","-",IFERROR(IF($E49>=INDEX('Program Setup'!$C$18:$C$23,MATCH($C49,'Program Setup'!$B$18:$B$23,0)),1,IF($E49>=INDEX('Program Setup'!$D$18:$D$23,MATCH($C49,'Program Setup'!$B$18:$B$23,0)),2,IF($E49>=INDEX('Program Setup'!$E$18:$E$23,MATCH($C49,'Program Setup'!$B$18:$B$23,0)),3,"-"))),"-")) | I49: =IF(ISNUMBER($H49),INDEX('Program Setup'!$B$6:$B$8,MATCH($H49,'Program Setup'!$A$6:$A$8,0)),0) | J49: =SUMIFS('Amplify Detail'!$E$5:$E$496,'Amplify Detail'!$A$5:$A$496,$A49,'Amplify Detail'!$C$5:$C$496,$C49) | K49: =SUMIFS('Amplify Detail'!$F$5:$F$496,'Amplify Detail'!$A$5:$A$496,$A49,'Amplify Detail'!$C$5:$C$496,$C49) | L49: =SUMIFS('Amplify Detail'!$G$5:$G$496,'Amplify Detail'!$A$5:$A$496,$A49,'Amplify Detail'!$C$5:$C$496,$C49) | M49: =SUMIFS('Amplify Detail'!$J$5:$J$496,'Amplify Detail'!$A$5:$A$496,$A49,'Amplify Detail'!$C$5:$C$496,$C49) | N49: =$I49+$M49 | O49: =IF($G49="No qualifier - Amplify open",1,IFERROR(INDEX('Program Setup'!$B$12:$B$14,MATCH($G49,'Program Setup'!$A$12:$A$14,0)),0)) | P49: =$A49&"|"&$C49
A50: Chris Payton | B50: Mike Engel | C50: New Belgium Brewing Company | F50: =IF($D50>0,$E50/$D50,"") | G50: =IF($D50>0,IF($F50>=1,"Qualified",IF($F50>=0.9,"90% Partial Amplify","Not Qualified")),"No qualifier - Amplify open") | H50: =IF($G50<>"Qualified","-",IFERROR(IF($E50>=INDEX('Program Setup'!$C$18:$C$23,MATCH($C50,'Program Setup'!$B$18:$B$23,0)),1,IF($E50>=INDEX('Program Setup'!$D$18:$D$23,MATCH($C50,'Program Setup'!$B$18:$B$23,0)),2,IF($E50>=INDEX('Program Setup'!$E$18:$E$23,MATCH($C50,'Program Setup'!$B$18:$B$23,0)),3,"-"))),"-")) | I50: =IF(ISNUMBER($H50),INDEX('Program Setup'!$B$6:$B$8,MATCH($H50,'Program Setup'!$A$6:$A$8,0)),0) | J50: =SUMIFS('Amplify Detail'!$E$5:$E$496,'Amplify Detail'!$A$5:$A$496,$A50,'Amplify Detail'!$C$5:$C$496,$C50) | K50: =SUMIFS('Amplify Detail'!$F$5:$F$496,'Amplify Detail'!$A$5:$A$496,$A50,'Amplify Detail'!$C$5:$C$496,$C50) | L50: =SUMIFS('Amplify Detail'!$G$5:$G$496,'Amplify Detail'!$A$5:$A$496,$A50,'Amplify Detail'!$C$5:$C$496,$C50) | M50: =SUMIFS('Amplify Detail'!$J$5:$J$496,'Amplify Detail'!$A$5:$A$496,$A50,'Amplify Detail'!$C$5:$C$496,$C50) | N50: =$I50+$M50 | O50: =IF($G50="No qualifier - Amplify open",1,IFERROR(INDEX('Program Setup'!$B$12:$B$14,MATCH($G50,'Program Setup'!$A$12:$A$14,0)),0)) | P50: =$A50&"|"&$C50
A51: Chris Payton | B51: Mike Engel | C51: Sapporo | F51: =IF($D51>0,$E51/$D51,"") | G51: =IF($D51>0,IF($F51>=1,"Qualified",IF($F51>=0.9,"90% Partial Amplify","Not Qualified")),"No qualifier - Amplify open") | H51: =IF($G51<>"Qualified","-",IFERROR(IF($E51>=INDEX('Program Setup'!$C$18:$C$23,MATCH($C51,'Program Setup'!$B$18:$B$23,0)),1,IF($E51>=INDEX('Program Setup'!$D$18:$D$23,MATCH($C51,'Program Setup'!$B$18:$B$23,0)),2,IF($E51>=INDEX('Program Setup'!$E$18:$E$23,MATCH($C51,'Program Setup'!$B$18:$B$23,0)),3,"-"))),"-")) | I51: =IF(ISNUMBER($H51),INDEX('Program Setup'!$B$6:$B$8,MATCH($H51,'Program Setup'!$A$6:$A$8,0)),0) | J51: =SUMIFS('Amplify Detail'!$E$5:$E$496,'Amplify Detail'!$A$5:$A$496,$A51,'Amplify Detail'!$C$5:$C$496,$C51) | K51: =SUMIFS('Amplify Detail'!$F$5:$F$496,'Amplify Detail'!$A$5:$A$496,$A51,'Amplify Detail'!$C$5:$C$496,$C51) | L51: =SUMIFS('Amplify Detail'!$G$5:$G$496,'Amplify Detail'!$A$5:$A$496,$A51,'Amplify Detail'!$C$5:$C$496,$C51) | M51: =SUMIFS('Amplify Detail'!$J$5:$J$496,'Amplify Detail'!$A$5:$A$496,$A51,'Amplify Detail'!$C$5:$C$496,$C51) | N51: =$I51+$M51 | O51: =IF($G51="No qualifier - Amplify open",1,IFERROR(INDEX('Program Setup'!$B$12:$B$14,MATCH($G51,'Program Setup'!$A$12:$A$14,0)),0)) | P51: =$A51&"|"&$C51
A52: Dan Lagala | B52: Mike Engel | C52: Boston Beer Company | D52: 825 | E52: 619 | F52: =IF($D52>0,$E52/$D52,"") | G52: =IF($D52>0,IF($F52>=1,"Qualified",IF($F52>=0.9,"90% Partial Amplify","Not Qualified")),"No qualifier - Amplify open") | H52: =IF($G52<>"Qualified","-",IFERROR(IF($E52>=INDEX('Program Setup'!$C$18:$C$23,MATCH($C52,'Program Setup'!$B$18:$B$23,0)),1,IF($E52>=INDEX('Program Setup'!$D$18:$D$23,MATCH($C52,'Program Setup'!$B$18:$B$23,0)),2,IF($E52>=INDEX('Program Setup'!$E$18:$E$23,MATCH($C52,'Program Setup'!$B$18:$B$23,0)),3,"-"))),"-")) | I52: =IF(ISNUMBER($H52),INDEX('Program Setup'!$B$6:$B$8,MATCH($H52,'Program Setup'!$A$6:$A$8,0)),0) | J52: =SUMIFS('Amplify Detail'!$E$5:$E$496,'Amplify Detail'!$A$5:$A$496,$A52,'Amplify Detail'!$C$5:$C$496,$C52) | K52: =SUMIFS('Amplify Detail'!$F$5:$F$496,'Amplify Detail'!$A$5:$A$496,$A52,'Amplify Detail'!$C$5:$C$496,$C52) | L52: =SUMIFS('Amplify Detail'!$G$5:$G$496,'Amplify Detail'!$A$5:$A$496,$A52,'Amplify Detail'!$C$5:$C$496,$C52) | M52: =SUMIFS('Amplify Detail'!$J$5:$J$496,'Amplify Detail'!$A$5:$A$496,$A52,'Amplify Detail'!$C$5:$C$496,$C52) | N52: =$I52+$M52 | O52: =IF($G52="No qualifier - Amplify open",1,IFERROR(INDEX('Program Setup'!$B$12:$B$14,MATCH($G52,'Program Setup'!$A$12:$A$14,0)),0)) | P52: =$A52&"|"&$C52
A53: Dan Lagala | B53: Mike Engel | C53: Cape May | F53: =IF($D53>0,$E53/$D53,"") | G53: =IF($D53>0,IF($F53>=1,"Qualified",IF($F53>=0.9,"90% Partial Amplify","Not Qualified")),"No qualifier - Amplify open") | H53: =IF($G53<>"Qualified","-",IFERROR(IF($E53>=INDEX('Program Setup'!$C$18:$C$23,MATCH($C53,'Program Setup'!$B$18:$B$23,0)),1,IF($E53>=INDEX('Program Setup'!$D$18:$D$23,MATCH($C53,'Program Setup'!$B$18:$B$23,0)),2,IF($E53>=INDEX('Program Setup'!$E$18:$E$23,MATCH($C53,'Program Setup'!$B$18:$B$23,0)),3,"-"))),"-")) | I53: =IF(ISNUMBER($H53),INDEX('Program Setup'!$B$6:$B$8,MATCH($H53,'Program Setup'!$A$6:$A$8,0)),0) | J53: =SUMIFS('Amplify Detail'!$E$5:$E$496,'Amplify Detail'!$A$5:$A$496,$A53,'Amplify Detail'!$C$5:$C$496,$C53) | K53: =SUMIFS('Amplify Detail'!$F$5:$F$496,'Amplify Detail'!$A$5:$A$496,$A53,'Amplify Detail'!$C$5:$C$496,$C53) | L53: =SUMIFS('Amplify Detail'!$G$5:$G$496,'Amplify Detail'!$A$5:$A$496,$A53,'Amplify Detail'!$C$5:$C$496,$C53) | M53: =SUMIFS('Amplify Detail'!$J$5:$J$496,'Amplify Detail'!$A$5:$A$496,$A53,'Amplify Detail'!$C$5:$C$496,$C53) | N53: =$I53+$M53 | O53: =IF($G53="No qualifier - Amplify open",1,IFERROR(INDEX('Program Setup'!$B$12:$B$14,MATCH($G53,'Program Setup'!$A$12:$A$14,0)),0)) | P53: =$A53&"|"&$C53
A54: Dan Lagala | B54: Mike Engel | C54: Constellation Brands | D54: 46527 | E54: 44726 | F54: =IF($D54>0,$E54/$D54,"") | G54: =IF($D54>0,IF($F54>=1,"Qualified",IF($F54>=0.9,"90% Partial Amplify","Not Qualified")),"No qualifier - Amplify open") | H54: =IF($G54<>"Qualified","-",IFERROR(IF($E54>=INDEX('Program Setup'!$C$18:$C$23,MATCH($C54,'Program Setup'!$B$18:$B$23,0)),1,IF($E54>=INDEX('Program Setup'!$D$18:$D$23,MATCH($C54,'Program Setup'!$B$18:$B$23,0)),2,IF($E54>=INDEX('Program Setup'!$E$18:$E$23,MATCH($C54,'Program Setup'!$B$18:$B$23,0)),3,"-"))),"-")) | I54: =IF(ISNUMBER($H54),INDEX('Program Setup'!$B$6:$B$8,MATCH($H54,'Program Setup'!$A$6:$A$8,0)),0) | J54: =SUMIFS('Amplify Detail'!$E$5:$E$496,'Amplify Detail'!$A$5:$A$496,$A54,'Amplify Detail'!$C$5:$C$496,$C54) | K54: =SUMIFS('Amplify Detail'!$F$5:$F$496,'Amplify Detail'!$A$5:$A$496,$A54,'Amplify Detail'!$C$5:$C$496,$C54) | L54: =SUMIFS('Amplify Detail'!$G$5:$G$496,'Amplify Detail'!$A$5:$A$496,$A54,'Amplify Detail'!$C$5:$C$496,$C54) | M54: =SUMIFS('Amplify Detail'!$J$5:$J$496,'Amplify Detail'!$A$5:$A$496,$A54,'Amplify Detail'!$C$5:$C$496,$C54) | N54: =$I54+$M54 | O54: =IF($G54="No qualifier - Amplify open",1,IFERROR(INDEX('Program Setup'!$B$12:$B$14,MATCH($G54,'Program Setup'!$A$12:$A$14,0)),0)) | P54: =$A54&"|"&$C54
A55: Dan Lagala | B55: Mike Engel | C55: DG Yuengling Inc | D55: 1196 | E55: 1082 | F55: =IF($D55>0,$E55/$D55,"") | G55: =IF($D55>0,IF($F55>=1,"Qualified",IF($F55>=0.9,"90% Partial Amplify","Not Qualified")),"No qualifier - Amplify open") | H55: =IF($G55<>"Qualified","-",IFERROR(IF($E55>=INDEX('Program Setup'!$C$18:$C$23,MATCH($C55,'Program Setup'!$B$18:$B$23,0)),1,IF($E55>=INDEX('Program Setup'!$D$18:$D$23,MATCH($C55,'Program Setup'!$B$18:$B$23,0)),2,IF($E55>=INDEX('Program Setup'!$E$18:$E$23,MATCH($C55,'Program Setup'!$B$18:$B$23,0)),3,"-"))),"-")) | I55: =IF(ISNUMBER($H55),INDEX('Program Setup'!$B$6:$B$8,MATCH($H55,'Program Setup'!$A$6:$A$8,0)),0) | J55: =SUMIFS('Amplify Detail'!$E$5:$E$496,'Amplify Detail'!$A$5:$A$496,$A55,'Amplify Detail'!$C$5:$C$496,$C55) | K55: =SUMIFS('Amplify Detail'!$F$5:$F$496,'Amplify Detail'!$A$5:$A$496,$A55,'Amplify Detail'!$C$5:$C$496,$C55) | L55: =SUMIFS('Amplify Detail'!$G$5:$G$496,'Amplify Detail'!$A$5:$A$496,$A55,'Amplify Detail'!$C$5:$C$496,$C55) | M55: =SUMIFS('Amplify Detail'!$J$5:$J$496,'Amplify Detail'!$A$5:$A$496,$A55,'Amplify Detail'!$C$5:$C$496,$C55) | N55: =$I55+$M55 | O55: =IF($G55="No qualifier - Amplify open",1,IFERROR(INDEX('Program Setup'!$B$12:$B$14,MATCH($G55,'Program Setup'!$A$12:$A$14,0)),0)) | P55: =$A55&"|"&$C55
A56: Dan Lagala | B56: Mike Engel | C56: Heineken USA | D56: 10378 | E56: 9092 | F56: =IF($D56>0,$E56/$D56,"") | G56: =IF($D56>0,IF($F56>=1,"Qualified",IF($F56>=0.9,"90% Partial Amplify","Not Qualified")),"No qualifier - Amplify open") | H56: =IF($G56<>"Qualified","-",IFERROR(IF($E56>=INDEX('Program Setup'!$C$18:$C$23,MATCH($C56,'Program Setup'!$B$18:$B$23,0)),1,IF($E56>=INDEX('Program Setup'!$D$18:$D$23,MATCH($C56,'Program Setup'!$B$18:$B$23,0)),2,IF($E56>=INDEX('Program Setup'!$E$18:$E$23,MATCH($C56,'Program Setup'!$B$18:$B$23,0)),3,"-"))),"-")) | I56: =IF(ISNUMBER($H56),INDEX('Program Setup'!$B$6:$B$8,MATCH($H56,'Program Setup'!$A$6:$A$8,0)),0) | J56: =SUMIFS('Amplify Detail'!$E$5:$E$496,'Amplify Detail'!$A$5:$A$496,$A56,'Amplify Detail'!$C$5:$C$496,$C56) | K56: =SUMIFS('Amplify Detail'!$F$5:$F$496,'Amplify Detail'!$A$5:$A$496,$A56,'Amplify Detail'!$C$5:$C$496,$C56) | L56: =SUMIFS('Amplify Detail'!$G$5:$G$496,'Amplify Detail'!$A$5:$A$496,$A56,'Amplify Detail'!$C$5:$C$496,$C56) | M56: =SUMIFS('Amplify Detail'!$J$5:$J$496,'Amplify Detail'!$A$5:$A$496,$A56,'Amplify Detail'!$C$5:$C$496,$C56) | N56: =$I56+$M56 | O56: =IF($G56="No qualifier - Amplify open",1,IFERROR(INDEX('Program Setup'!$B$12:$B$14,MATCH($G56,'Program Setup'!$A$12:$A$14,0)),0)) | P56: =$A56&"|"&$C56
A57: Dan Lagala | B57: Mike Engel | C57: Mark Anthony | D57: 2655 | E57: 2718 | F57: =IF($D57>0,$E57/$D57,"") | G57: =IF($D57>0,IF($F57>=1,"Qualified",IF($F57>=0.9,"90% Partial Amplify","Not Qualified")),"No qualifier - Amplify open") | H57: =IF($G57<>"Qualified","-",IFERROR(IF($E57>=INDEX('Program Setup'!$C$18:$C$23,MATCH($C57,'Program Setup'!$B$18:$B$23,0)),1,IF($E57>=INDEX('Program Setup'!$D$18:$D$23,MATCH($C57,'Program Setup'!$B$18:$B$23,0)),2,IF($E57>=INDEX('Program Setup'!$E$18:$E$23,MATCH($C57,'Program Setup'!$B$18:$B$23,0)),3,"-"))),"-")) | I57: =IF(ISNUMBER($H57),INDEX('Program Setup'!$B$6:$B$8,MATCH($H57,'Program Setup'!$A$6:$A$8,0)),0) | J57: =SUMIFS('Amplify Detail'!$E$5:$E$496,'Amplify Detail'!$A$5:$A$496,$A57,'Amplify Detail'!$C$5:$C$496,$C57) | K57: =SUMIFS('Amplify Detail'!$F$5:$F$496,'Amplify Detail'!$A$5:$A$496,$A57,'Amplify Detail'!$C$5:$C$496,$C57) | L57: =SUMIFS('Amplify Detail'!$G$5:$G$496,'Amplify Detail'!$A$5:$A$496,$A57,'Amplify Detail'!$C$5:$C$496,$C57) | M57: =SUMIFS('Amplify Detail'!$J$5:$J$496,'Amplify Detail'!$A$5:$A$496,$A57,'Amplify Detail'!$C$5:$C$496,$C57) | N57: =$I57+$M57 | O57: =IF($G57="No qualifier - Amplify open",1,IFERROR(INDEX('Program Setup'!$B$12:$B$14,MATCH($G57,'Program Setup'!$A$12:$A$14,0)),0)) | P57: =$A57&"|"&$C57
A58: Dan Lagala | B58: Mike Engel | C58: MolsonCoors Beverage Company | D58: 16335 | E58: 16657 | F58: =IF($D58>0,$E58/$D58,"") | G58: =IF($D58>0,IF($F58>=1,"Qualified",IF($F58>=0.9,"90% Partial Amplify","Not Qualified")),"No qualifier - Amplify open") | H58: =IF($G58<>"Qualified","-",IFERROR(IF($E58>=INDEX('Program Setup'!$C$18:$C$23,MATCH($C58,'Program Setup'!$B$18:$B$23,0)),1,IF($E58>=INDEX('Program Setup'!$D$18:$D$23,MATCH($C58,'Program Setup'!$B$18:$B$23,0)),2,IF($E58>=INDEX('Program Setup'!$E$18:$E$23,MATCH($C58,'Program Setup'!$B$18:$B$23,0)),3,"-"))),"-")) | I58: =IF(ISNUMBER($H58),INDEX('Program Setup'!$B$6:$B$8,MATCH($H58,'Program Setup'!$A$6:$A$8,0)),0) | J58: =SUMIFS('Amplify Detail'!$E$5:$E$496,'Amplify Detail'!$A$5:$A$496,$A58,'Amplify Detail'!$C$5:$C$496,$C58) | K58: =SUMIFS('Amplify Detail'!$F$5:$F$496,'Amplify Detail'!$A$5:$A$496,$A58,'Amplify Detail'!$C$5:$C$496,$C58) | L58: =SUMIFS('Amplify Detail'!$G$5:$G$496,'Amplify Detail'!$A$5:$A$496,$A58,'Amplify Detail'!$C$5:$C$496,$C58) | M58: =SUMIFS('Amplify Detail'!$J$5:$J$496,'Amplify Detail'!$A$5:$A$496,$A58,'Amplify Detail'!$C$5:$C$496,$C58) | N58: =$I58+$M58 | O58: =IF($G58="No qualifier - Amplify open",1,IFERROR(INDEX('Program Setup'!$B$12:$B$14,MATCH($G58,'Program Setup'!$A$12:$A$14,0)),0)) | P58: =$A58&"|"&$C58
A59: Dan Lagala | B59: Mike Engel | C59: New Belgium Brewing Company | F59: =IF($D59>0,$E59/$D59,"") | G59: =IF($D59>0,IF($F59>=1,"Qualified",IF($F59>=0.9,"90% Partial Amplify","Not Qualified")),"No qualifier - Amplify open") | H59: =IF($G59<>"Qualified","-",IFERROR(IF($E59>=INDEX('Program Setup'!$C$18:$C$23,MATCH($C59,'Program Setup'!$B$18:$B$23,0)),1,IF($E59>=INDEX('Program Setup'!$D$18:$D$23,MATCH($C59,'Program Setup'!$B$18:$B$23,0)),2,IF($E59>=INDEX('Program Setup'!$E$18:$E$23,MATCH($C59,'Program Setup'!$B$18:$B$23,0)),3,"-"))),"-")) | I59: =IF(ISNUMBER($H59),INDEX('Program Setup'!$B$6:$B$8,MATCH($H59,'Program Setup'!$A$6:$A$8,0)),0) | J59: =SUMIFS('Amplify Detail'!$E$5:$E$496,'Amplify Detail'!$A$5:$A$496,$A59,'Amplify Detail'!$C$5:$C$496,$C59) | K59: =SUMIFS('Amplify Detail'!$F$5:$F$496,'Amplify Detail'!$A$5:$A$496,$A59,'Amplify Detail'!$C$5:$C$496,$C59) | L59: =SUMIFS('Amplify Detail'!$G$5:$G$496,'Amplify Detail'!$A$5:$A$496,$A59,'Amplify Detail'!$C$5:$C$496,$C59) | M59: =SUMIFS('Amplify Detail'!$J$5:$J$496,'Amplify Detail'!$A$5:$A$496,$A59,'Amplify Detail'!$C$5:$C$496,$C59) | N59: =$I59+$M59 | O59: =IF($G59="No qualifier - Amplify open",1,IFERROR(INDEX('Program Setup'!$B$12:$B$14,MATCH($G59,'Program Setup'!$A$12:$A$14,0)),0)) | P59: =$A59&"|"&$C59
A60: Dan Lagala | B60: Mike Engel | C60: Sapporo | F60: =IF($D60>0,$E60/$D60,"") | G60: =IF($D60>0,IF($F60>=1,"Qualified",IF($F60>=0.9,"90% Partial Amplify","Not Qualified")),"No qualifier - Amplify open") | H60: =IF($G60<>"Qualified","-",IFERROR(IF($E60>=INDEX('Program Setup'!$C$18:$C$23,MATCH($C60,'Program Setup'!$B$18:$B$23,0)),1,IF($E60>=INDEX('Program Setup'!$D$18:$D$23,MATCH($C60,'Program Setup'!$B$18:$B$23,0)),2,IF($E60>=INDEX('Program Setup'!$E$18:$E$23,MATCH($C60,'Program Setup'!$B$18:$B$23,0)),3,"-"))),"-")) | I60: =IF(ISNUMBER($H60),INDEX('Program Setup'!$B$6:$B$8,MATCH($H60,'Program Setup'!$A$6:$A$8,0)),0) | J60: =SUMIFS('Amplify Detail'!$E$5:$E$496,'Amplify Detail'!$A$5:$A$496,$A60,'Amplify Detail'!$C$5:$C$496,$C60) | K60: =SUMIFS('Amplify Detail'!$F$5:$F$496,'Amplify Detail'!$A$5:$A$496,$A60,'Amplify Detail'!$C$5:$C$496,$C60) | L60: =SUMIFS('Amplify Detail'!$G$5:$G$496,'Amplify Detail'!$A$5:$A$496,$A60,'Amplify Detail'!$C$5:$C$496,$C60) | M60: =SUMIFS('Amplify Detail'!$J$5:$J$496,'Amplify Detail'!$A$5:$A$496,$A60,'Amplify Detail'!$C$5:$C$496,$C60) | N60: =$I60+$M60 | O60: =IF($G60="No qualifier - Amplify open",1,IFERROR(INDEX('Program Setup'!$B$12:$B$14,MATCH($G60,'Program Setup'!$A$12:$A$14,0)),0)) | P60: =$A60&"|"&$C60
A61: Dave Ehlers | B61: Mike Engel | C61: Boston Beer Company | D61: 3250 | E61: 3361 | F61: =IF($D61>0,$E61/$D61,"") | G61: =IF($D61>0,IF($F61>=1,"Qualified",IF($F61>=0.9,"90% Partial Amplify","Not Qualified")),"No qualifier - Amplify open") | H61: =IF($G61<>"Qualified","-",IFERROR(IF($E61>=INDEX('Program Setup'!$C$18:$C$23,MATCH($C61,'Program Setup'!$B$18:$B$23,0)),1,IF($E61>=INDEX('Program Setup'!$D$18:$D$23,MATCH($C61,'Program Setup'!$B$18:$B$23,0)),2,IF($E61>=INDEX('Program Setup'!$E$18:$E$23,MATCH($C61,'Program Setup'!$B$18:$B$23,0)),3,"-"))),"-")) | I61: =IF(ISNUMBER($H61),INDEX('Program Setup'!$B$6:$B$8,MATCH($H61,'Program Setup'!$A$6:$A$8,0)),0) | J61: =SUMIFS('Amplify Detail'!$E$5:$E$496,'Amplify Detail'!$A$5:$A$496,$A61,'Amplify Detail'!$C$5:$C$496,$C61) | K61: =SUMIFS('Amplify Detail'!$F$5:$F$496,'Amplify Detail'!$A$5:$A$496,$A61,'Amplify Detail'!$C$5:$C$496,$C61) | L61: =SUMIFS('Amplify Detail'!$G$5:$G$496,'Amplify Detail'!$A$5:$A$496,$A61,'Amplify Detail'!$C$5:$C$496,$C61) | M61: =SUMIFS('Amplify Detail'!$J$5:$J$496,'Amplify Detail'!$A$5:$A$496,$A61,'Amplify Detail'!$C$5:$C$496,$C61) | N61: =$I61+$M61 | O61: =IF($G61="No qualifier - Amplify open",1,IFERROR(INDEX('Program Setup'!$B$12:$B$14,MATCH($G61,'Program Setup'!$A$12:$A$14,0)),0)) | P61: =$A61&"|"&$C61
A62: Dave Ehlers | B62: Mike Engel | C62: Cape May | F62: =IF($D62>0,$E62/$D62,"") | G62: =IF($D62>0,IF($F62>=1,"Qualified",IF($F62>=0.9,"90% Partial Amplify","Not Qualified")),"No qualifier - Amplify open") | H62: =IF($G62<>"Qualified","-",IFERROR(IF($E62>=INDEX('Program Setup'!$C$18:$C$23,MATCH($C62,'Program Setup'!$B$18:$B$23,0)),1,IF($E62>=INDEX('Program Setup'!$D$18:$D$23,MATCH($C62,'Program Setup'!$B$18:$B$23,0)),2,IF($E62>=INDEX('Program Setup'!$E$18:$E$23,MATCH($C62,'Program Setup'!$B$18:$B$23,0)),3,"-"))),"-")) | I62: =IF(ISNUMBER($H62),INDEX('Program Setup'!$B$6:$B$8,MATCH($H62,'Program Setup'!$A$6:$A$8,0)),0) | J62: =SUMIFS('Amplify Detail'!$E$5:$E$496,'Amplify Detail'!$A$5:$A$496,$A62,'Amplify Detail'!$C$5:$C$496,$C62) | K62: =SUMIFS('Amplify Detail'!$F$5:$F$496,'Amplify Detail'!$A$5:$A$496,$A62,'Amplify Detail'!$C$5:$C$496,$C62) | L62: =SUMIFS('Amplify Detail'!$G$5:$G$496,'Amplify Detail'!$A$5:$A$496,$A62,'Amplify Detail'!$C$5:$C$496,$C62) | M62: =SUMIFS('Amplify Detail'!$J$5:$J$496,'Amplify Detail'!$A$5:$A$496,$A62,'Amplify Detail'!$C$5:$C$496,$C62) | N62: =$I62+$M62 | O62: =IF($G62="No qualifier - Amplify open",1,IFERROR(INDEX('Program Setup'!$B$12:$B$14,MATCH($G62,'Program Setup'!$A$12:$A$14,0)),0)) | P62: =$A62&"|"&$C62
A63: Dave Ehlers | B63: Mike Engel | C63: Constellation Brands | D63: 57375 | E63: 59363 | F63: =IF($D63>0,$E63/$D63,"") | G63: =IF($D63>0,IF($F63>=1,"Qualified",IF($F63>=0.9,"90% Partial Amplify","Not Qualified")),"No qualifier - Amplify open") | H63: =IF($G63<>"Qualified","-",IFERROR(IF($E63>=INDEX('Program Setup'!$C$18:$C$23,MATCH($C63,'Program Setup'!$B$18:$B$23,0)),1,IF($E63>=INDEX('Program Setup'!$D$18:$D$23,MATCH($C63,'Program Setup'!$B$18:$B$23,0)),2,IF($E63>=INDEX('Program Setup'!$E$18:$E$23,MATCH($C63,'Program Setup'!$B$18:$B$23,0)),3,"-"))),"-")) | I63: =IF(ISNUMBER($H63),INDEX('Program Setup'!$B$6:$B$8,MATCH($H63,'Program Setup'!$A$6:$A$8,0)),0) | J63: =SUMIFS('Amplify Detail'!$E$5:$E$496,'Amplify Detail'!$A$5:$A$496,$A63,'Amplify Detail'!$C$5:$C$496,$C63) | K63: =SUMIFS('Amplify Detail'!$F$5:$F$496,'Amplify Detail'!$A$5:$A$496,$A63,'Amplify Detail'!$C$5:$C$496,$C63) | L63: =SUMIFS('Amplify Detail'!$G$5:$G$496,'Amplify Detail'!$A$5:$A$496,$A63,'Amplify Detail'!$C$5:$C$496,$C63) | M63: =SUMIFS('Amplify Detail'!$J$5:$J$496,'Amplify Detail'!$A$5:$A$496,$A63,'Amplify Detail'!$C$5:$C$496,$C63) | N63: =$I63+$M63 | O63: =IF($G63="No qualifier - Amplify open",1,IFERROR(INDEX('Program Setup'!$B$12:$B$14,MATCH($G63,'Program Setup'!$A$12:$A$14,0)),0)) | P63: =$A63&"|"&$C63
A64: Dave Ehlers | B64: Mike Engel | C64: DG Yuengling Inc | D64: 2363 | E64: 2743 | F64: =IF($D64>0,$E64/$D64,"") | G64: =IF($D64>0,IF($F64>=1,"Qualified",IF($F64>=0.9,"90% Partial Amplify","Not Qualified")),"No qualifier - Amplify open") | H64: =IF($G64<>"Qualified","-",IFERROR(IF($E64>=INDEX('Program Setup'!$C$18:$C$23,MATCH($C64,'Program Setup'!$B$18:$B$23,0)),1,IF($E64>=INDEX('Program Setup'!$D$18:$D$23,MATCH($C64,'Program Setup'!$B$18:$B$23,0)),2,IF($E64>=INDEX('Program Setup'!$E$18:$E$23,MATCH($C64,'Program Setup'!$B$18:$B$23,0)),3,"-"))),"-")) | I64: =IF(ISNUMBER($H64),INDEX('Program Setup'!$B$6:$B$8,MATCH($H64,'Program Setup'!$A$6:$A$8,0)),0) | J64: =SUMIFS('Amplify Detail'!$E$5:$E$496,'Amplify Detail'!$A$5:$A$496,$A64,'Amplify Detail'!$C$5:$C$496,$C64) | K64: =SUMIFS('Amplify Detail'!$F$5:$F$496,'Amplify Detail'!$A$5:$A$496,$A64,'Amplify Detail'!$C$5:$C$496,$C64) | L64: =SUMIFS('Amplify Detail'!$G$5:$G$496,'Amplify Detail'!$A$5:$A$496,$A64,'Amplify Detail'!$C$5:$C$496,$C64) | M64: =SUMIFS('Amplify Detail'!$J$5:$J$496,'Amplify Detail'!$A$5:$A$496,$A64,'Amplify Detail'!$C$5:$C$496,$C64) | N64: =$I64+$M64 | O64: =IF($G64="No qualifier - Amplify open",1,IFERROR(INDEX('Program Setup'!$B$12:$B$14,MATCH($G64,'Program Setup'!$A$12:$A$14,0)),0)) | P64: =$A64&"|"&$C64
A65: Dave Ehlers | B65: Mike Engel | C65: Heineken USA | D65: 11641 | E65: 12044 | F65: =IF($D65>0,$E65/$D65,"") | G65: =IF($D65>0,IF($F65>=1,"Qualified",IF($F65>=0.9,"90% Partial Amplify","Not Qualified")),"No qualifier - Amplify open") | H65: =IF($G65<>"Qualified","-",IFERROR(IF($E65>=INDEX('Program Setup'!$C$18:$C$23,MATCH($C65,'Program Setup'!$B$18:$B$23,0)),1,IF($E65>=INDEX('Program Setup'!$D$18:$D$23,MATCH($C65,'Program Setup'!$B$18:$B$23,0)),2,IF($E65>=INDEX('Program Setup'!$E$18:$E$23,MATCH($C65,'Program Setup'!$B$18:$B$23,0)),3,"-"))),"-")) | I65: =IF(ISNUMBER($H65),INDEX('Program Setup'!$B$6:$B$8,MATCH($H65,'Program Setup'!$A$6:$A$8,0)),0) | J65: =SUMIFS('Amplify Detail'!$E$5:$E$496,'Amplify Detail'!$A$5:$A$496,$A65,'Amplify Detail'!$C$5:$C$496,$C65) | K65: =SUMIFS('Amplify Detail'!$F$5:$F$496,'Amplify Detail'!$A$5:$A$496,$A65,'Amplify Detail'!$C$5:$C$496,$C65) | L65: =SUMIFS('Amplify Detail'!$G$5:$G$496,'Amplify Detail'!$A$5:$A$496,$A65,'Amplify Detail'!$C$5:$C$496,$C65) | M65: =SUMIFS('Amplify Detail'!$J$5:$J$496,'Amplify Detail'!$A$5:$A$496,$A65,'Amplify Detail'!$C$5:$C$496,$C65) | N65: =$I65+$M65 | O65: =IF($G65="No qualifier - Amplify open",1,IFERROR(INDEX('Program Setup'!$B$12:$B$14,MATCH($G65,'Program Setup'!$A$12:$A$14,0)),0)) | P65: =$A65&"|"&$C65
A66: Dave Ehlers | B66: Mike Engel | C66: Mark Anthony | D66: 5755 | E66: 7117 | F66: =IF($D66>0,$E66/$D66,"") | G66: =IF($D66>0,IF($F66>=1,"Qualified",IF($F66>=0.9,"90% Partial Amplify","Not Qualified")),"No qualifier - Amplify open") | H66: =IF($G66<>"Qualified","-",IFERROR(IF($E66>=INDEX('Program Setup'!$C$18:$C$23,MATCH($C66,'Program Setup'!$B$18:$B$23,0)),1,IF($E66>=INDEX('Program Setup'!$D$18:$D$23,MATCH($C66,'Program Setup'!$B$18:$B$23,0)),2,IF($E66>=INDEX('Program Setup'!$E$18:$E$23,MATCH($C66,'Program Setup'!$B$18:$B$23,0)),3,"-"))),"-")) | I66: =IF(ISNUMBER($H66),INDEX('Program Setup'!$B$6:$B$8,MATCH($H66,'Program Setup'!$A$6:$A$8,0)),0) | J66: =SUMIFS('Amplify Detail'!$E$5:$E$496,'Amplify Detail'!$A$5:$A$496,$A66,'Amplify Detail'!$C$5:$C$496,$C66) | K66: =SUMIFS('Amplify Detail'!$F$5:$F$496,'Amplify Detail'!$A$5:$A$496,$A66,'Amplify Detail'!$C$5:$C$496,$C66) | L66: =SUMIFS('Amplify Detail'!$G$5:$G$496,'Amplify Detail'!$A$5:$A$496,$A66,'Amplify Detail'!$C$5:$C$496,$C66) | M66: =SUMIFS('Amplify Detail'!$J$5:$J$496,'Amplify Detail'!$A$5:$A$496,$A66,'Amplify Detail'!$C$5:$C$496,$C66) | N66: =$I66+$M66 | O66: =IF($G66="No qualifier - Amplify open",1,IFERROR(INDEX('Program Setup'!$B$12:$B$14,MATCH($G66,'Program Setup'!$A$12:$A$14,0)),0)) | P66: =$A66&"|"&$C66
A67: Dave Ehlers | B67: Mike Engel | C67: MolsonCoors Beverage Company | D67: 22919 | E67: 23326 | F67: =IF($D67>0,$E67/$D67,"") | G67: =IF($D67>0,IF($F67>=1,"Qualified",IF($F67>=0.9,"90% Partial Amplify","Not Qualified")),"No qualifier - Amplify open") | H67: =IF($G67<>"Qualified","-",IFERROR(IF($E67>=INDEX('Program Setup'!$C$18:$C$23,MATCH($C67,'Program Setup'!$B$18:$B$23,0)),1,IF($E67>=INDEX('Program Setup'!$D$18:$D$23,MATCH($C67,'Program Setup'!$B$18:$B$23,0)),2,IF($E67>=INDEX('Program Setup'!$E$18:$E$23,MATCH($C67,'Program Setup'!$B$18:$B$23,0)),3,"-"))),"-")) | I67: =IF(ISNUMBER($H67),INDEX('Program Setup'!$B$6:$B$8,MATCH($H67,'Program Setup'!$A$6:$A$8,0)),0) | J67: =SUMIFS('Amplify Detail'!$E$5:$E$496,'Amplify Detail'!$A$5:$A$496,$A67,'Amplify Detail'!$C$5:$C$496,$C67) | K67: =SUMIFS('Amplify Detail'!$F$5:$F$496,'Amplify Detail'!$A$5:$A$496,$A67,'Amplify Detail'!$C$5:$C$496,$C67) | L67: =SUMIFS('Amplify Detail'!$G$5:$G$496,'Amplify Detail'!$A$5:$A$496,$A67,'Amplify Detail'!$C$5:$C$496,$C67) | M67: =SUMIFS('Amplify Detail'!$J$5:$J$496,'Amplify Detail'!$A$5:$A$496,$A67,'Amplify Detail'!$C$5:$C$496,$C67) | N67: =$I67+$M67 | O67: =IF($G67="No qualifier - Amplify open",1,IFERROR(INDEX('Program Setup'!$B$12:$B$14,MATCH($G67,'Program Setup'!$A$12:$A$14,0)),0)) | P67: =$A67&"|"&$C67
A68: Dave Ehlers | B68: Mike Engel | C68: New Belgium Brewing Company | F68: =IF($D68>0,$E68/$D68,"") | G68: =IF($D68>0,IF($F68>=1,"Qualified",IF($F68>=0.9,"90% Partial Amplify","Not Qualified")),"No qualifier - Amplify open") | H68: =IF($G68<>"Qualified","-",IFERROR(IF($E68>=INDEX('Program Setup'!$C$18:$C$23,MATCH($C68,'Program Setup'!$B$18:$B$23,0)),1,IF($E68>=INDEX('Program Setup'!$D$18:$D$23,MATCH($C68,'Program Setup'!$B$18:$B$23,0)),2,IF($E68>=INDEX('Program Setup'!$E$18:$E$23,MATCH($C68,'Program Setup'!$B$18:$B$23,0)),3,"-"))),"-")) | I68: =IF(ISNUMBER($H68),INDEX('Program Setup'!$B$6:$B$8,MATCH($H68,'Program Setup'!$A$6:$A$8,0)),0) | J68: =SUMIFS('Amplify Detail'!$E$5:$E$496,'Amplify Detail'!$A$5:$A$496,$A68,'Amplify Detail'!$C$5:$C$496,$C68) | K68: =SUMIFS('Amplify Detail'!$F$5:$F$496,'Amplify Detail'!$A$5:$A$496,$A68,'Amplify Detail'!$C$5:$C$496,$C68) | L68: =SUMIFS('Amplify Detail'!$G$5:$G$496,'Amplify Detail'!$A$5:$A$496,$A68,'Amplify Detail'!$C$5:$C$496,$C68) | M68: =SUMIFS('Amplify Detail'!$J$5:$J$496,'Amplify Detail'!$A$5:$A$496,$A68,'Amplify Detail'!$C$5:$C$496,$C68) | N68: =$I68+$M68 | O68: =IF($G68="No qualifier - Amplify open",1,IFERROR(INDEX('Program Setup'!$B$12:$B$14,MATCH($G68,'Program Setup'!$A$12:$A$14,0)),0)) | P68: =$A68&"|"&$C68
A69: Dave Ehlers | B69: Mike Engel | C69: Sapporo | F69: =IF($D69>0,$E69/$D69,"") | G69: =IF($D69>0,IF($F69>=1,"Qualified",IF($F69>=0.9,"90% Partial Amplify","Not Qualified")),"No qualifier - Amplify open") | H69: =IF($G69<>"Qualified","-",IFERROR(IF($E69>=INDEX('Program Setup'!$C$18:$C$23,MATCH($C69,'Program Setup'!$B$18:$B$23,0)),1,IF($E69>=INDEX('Program Setup'!$D$18:$D$23,MATCH($C69,'Program Setup'!$B$18:$B$23,0)),2,IF($E69>=INDEX('Program Setup'!$E$18:$E$23,MATCH($C69,'Program Setup'!$B$18:$B$23,0)),3,"-"))),"-")) | I69: =IF(ISNUMBER($H69),INDEX('Program Setup'!$B$6:$B$8,MATCH($H69,'Program Setup'!$A$6:$A$8,0)),0) | J69: =SUMIFS('Amplify Detail'!$E$5:$E$496,'Amplify Detail'!$A$5:$A$496,$A69,'Amplify Detail'!$C$5:$C$496,$C69) | K69: =SUMIFS('Amplify Detail'!$F$5:$F$496,'Amplify Detail'!$A$5:$A$496,$A69,'Amplify Detail'!$C$5:$C$496,$C69) | L69: =SUMIFS('Amplify Detail'!$G$5:$G$496,'Amplify Detail'!$A$5:$A$496,$A69,'Amplify Detail'!$C$5:$C$496,$C69) | M69: =SUMIFS('Amplify Detail'!$J$5:$J$496,'Amplify Detail'!$A$5:$A$496,$A69,'Amplify Detail'!$C$5:$C$496,$C69) | N69: =$I69+$M69 | O69: =IF($G69="No qualifier - Amplify open",1,IFERROR(INDEX('Program Setup'!$B$12:$B$14,MATCH($G69,'Program Setup'!$A$12:$A$14,0)),0)) | P69: =$A69&"|"&$C69
A70: Derrick Laws | B70: Denise Montes | C70: Boston Beer Company | D70: 875 | E70: 820 | F70: =IF($D70>0,$E70/$D70,"") | G70: =IF($D70>0,IF($F70>=1,"Qualified",IF($F70>=0.9,"90% Partial Amplify","Not Qualified")),"No qualifier - Amplify open") | H70: =IF($G70<>"Qualified","-",IFERROR(IF($E70>=INDEX('Program Setup'!$C$18:$C$23,MATCH($C70,'Program Setup'!$B$18:$B$23,0)),1,IF($E70>=INDEX('Program Setup'!$D$18:$D$23,MATCH($C70,'Program Setup'!$B$18:$B$23,0)),2,IF($E70>=INDEX('Program Setup'!$E$18:$E$23,MATCH($C70,'Program Setup'!$B$18:$B$23,0)),3,"-"))),"-")) | I70: =IF(ISNUMBER($H70),INDEX('Program Setup'!$B$6:$B$8,MATCH($H70,'Program Setup'!$A$6:$A$8,0)),0) | J70: =SUMIFS('Amplify Detail'!$E$5:$E$496,'Amplify Detail'!$A$5:$A$496,$A70,'Amplify Detail'!$C$5:$C$496,$C70) | K70: =SUMIFS('Amplify Detail'!$F$5:$F$496,'Amplify Detail'!$A$5:$A$496,$A70,'Amplify Detail'!$C$5:$C$496,$C70) | L70: =SUMIFS('Amplify Detail'!$G$5:$G$496,'Amplify Detail'!$A$5:$A$496,$A70,'Amplify Detail'!$C$5:$C$496,$C70) | M70: =SUMIFS('Amplify Detail'!$J$5:$J$496,'Amplify Detail'!$A$5:$A$496,$A70,'Amplify Detail'!$C$5:$C$496,$C70) | N70: =$I70+$M70 | O70: =IF($G70="No qualifier - Amplify open",1,IFERROR(INDEX('Program Setup'!$B$12:$B$14,MATCH($G70,'Program Setup'!$A$12:$A$14,0)),0)) | P70: =$A70&"|"&$C70
A71: Derrick Laws | B71: Denise Montes | C71: Cape May | F71: =IF($D71>0,$E71/$D71,"") | G71: =IF($D71>0,IF($F71>=1,"Qualified",IF($F71>=0.9,"90% Partial Amplify","Not Qualified")),"No qualifier - Amplify open") | H71: =IF($G71<>"Qualified","-",IFERROR(IF($E71>=INDEX('Program Setup'!$C$18:$C$23,MATCH($C71,'Program Setup'!$B$18:$B$23,0)),1,IF($E71>=INDEX('Program Setup'!$D$18:$D$23,MATCH($C71,'Program Setup'!$B$18:$B$23,0)),2,IF($E71>=INDEX('Program Setup'!$E$18:$E$23,MATCH($C71,'Program Setup'!$B$18:$B$23,0)),3,"-"))),"-")) | I71: =IF(ISNUMBER($H71),INDEX('Program Setup'!$B$6:$B$8,MATCH($H71,'Program Setup'!$A$6:$A$8,0)),0) | J71: =SUMIFS('Amplify Detail'!$E$5:$E$496,'Amplify Detail'!$A$5:$A$496,$A71,'Amplify Detail'!$C$5:$C$496,$C71) | K71: =SUMIFS('Amplify Detail'!$F$5:$F$496,'Amplify Detail'!$A$5:$A$496,$A71,'Amplify Detail'!$C$5:$C$496,$C71) | L71: =SUMIFS('Amplify Detail'!$G$5:$G$496,'Amplify Detail'!$A$5:$A$496,$A71,'Amplify Detail'!$C$5:$C$496,$C71) | M71: =SUMIFS('Amplify Detail'!$J$5:$J$496,'Amplify Detail'!$A$5:$A$496,$A71,'Amplify Detail'!$C$5:$C$496,$C71) | N71: =$I71+$M71 | O71: =IF($G71="No qualifier - Amplify open",1,IFERROR(INDEX('Program Setup'!$B$12:$B$14,MATCH($G71,'Program Setup'!$A$12:$A$14,0)),0)) | P71: =$A71&"|"&$C71
A72: Derrick Laws | B72: Denise Montes | C72: Constellation Brands | D72: 69253 | E72: 66360 | F72: =IF($D72>0,$E72/$D72,"") | G72: =IF($D72>0,IF($F72>=1,"Qualified",IF($F72>=0.9,"90% Partial Amplify","Not Qualified")),"No qualifier - Amplify open") | H72: =IF($G72<>"Qualified","-",IFERROR(IF($E72>=INDEX('Program Setup'!$C$18:$C$23,MATCH($C72,'Program Setup'!$B$18:$B$23,0)),1,IF($E72>=INDEX('Program Setup'!$D$18:$D$23,MATCH($C72,'Program Setup'!$B$18:$B$23,0)),2,IF($E72>=INDEX('Program Setup'!$E$18:$E$23,MATCH($C72,'Program Setup'!$B$18:$B$23,0)),3,"-"))),"-")) | I72: =IF(ISNUMBER($H72),INDEX('Program Setup'!$B$6:$B$8,MATCH($H72,'Program Setup'!$A$6:$A$8,0)),0) | J72: =SUMIFS('Amplify Detail'!$E$5:$E$496,'Amplify Detail'!$A$5:$A$496,$A72,'Amplify Detail'!$C$5:$C$496,$C72) | K72: =SUMIFS('Amplify Detail'!$F$5:$F$496,'Amplify Detail'!$A$5:$A$496,$A72,'Amplify Detail'!$C$5:$C$496,$C72) | L72: =SUMIFS('Amplify Detail'!$G$5:$G$496,'Amplify Detail'!$A$5:$A$496,$A72,'Amplify Detail'!$C$5:$C$496,$C72) | M72: =SUMIFS('Amplify Detail'!$J$5:$J$496,'Amplify Detail'!$A$5:$A$496,$A72,'Amplify Detail'!$C$5:$C$496,$C72) | N72: =$I72+$M72 | O72: =IF($G72="No qualifier - Amplify open",1,IFERROR(INDEX('Program Setup'!$B$12:$B$14,MATCH($G72,'Program Setup'!$A$12:$A$14,0)),0)) | P72: =$A72&"|"&$C72
A73: Derrick Laws | B73: Denise Montes | C73: DG Yuengling Inc | D73: 645 | E73: 575 | F73: =IF($D73>0,$E73/$D73,"") | G73: =IF($D73>0,IF($F73>=1,"Qualified",IF($F73>=0.9,"90% Partial Amplify","Not Qualified")),"No qualifier - Amplify open") | H73: =IF($G73<>"Qualified","-",IFERROR(IF($E73>=INDEX('Program Setup'!$C$18:$C$23,MATCH($C73,'Program Setup'!$B$18:$B$23,0)),1,IF($E73>=INDEX('Program Setup'!$D$18:$D$23,MATCH($C73,'Program Setup'!$B$18:$B$23,0)),2,IF($E73>=INDEX('Program Setup'!$E$18:$E$23,MATCH($C73,'Program Setup'!$B$18:$B$23,0)),3,"-"))),"-")) | I73: =IF(ISNUMBER($H73),INDEX('Program Setup'!$B$6:$B$8,MATCH($H73,'Program Setup'!$A$6:$A$8,0)),0) | J73: =SUMIFS('Amplify Detail'!$E$5:$E$496,'Amplify Detail'!$A$5:$A$496,$A73,'Amplify Detail'!$C$5:$C$496,$C73) | K73: =SUMIFS('Amplify Detail'!$F$5:$F$496,'Amplify Detail'!$A$5:$A$496,$A73,'Amplify Detail'!$C$5:$C$496,$C73) | L73: =SUMIFS('Amplify Detail'!$G$5:$G$496,'Amplify Detail'!$A$5:$A$496,$A73,'Amplify Detail'!$C$5:$C$496,$C73) | M73: =SUMIFS('Amplify Detail'!$J$5:$J$496,'Amplify Detail'!$A$5:$A$496,$A73,'Amplify Detail'!$C$5:$C$496,$C73) | N73: =$I73+$M73 | O73: =IF($G73="No qualifier - Amplify open",1,IFERROR(INDEX('Program Setup'!$B$12:$B$14,MATCH($G73,'Program Setup'!$A$12:$A$14,0)),0)) | P73: =$A73&"|"&$C73
A74: Derrick Laws | B74: Denise Montes | C74: Heineken USA | D74: 12364 | E74: 11131 | F74: =IF($D74>0,$E74/$D74,"") | G74: =IF($D74>0,IF($F74>=1,"Qualified",IF($F74>=0.9,"90% Partial Amplify","Not Qualified")),"No qualifier - Amplify open") | H74: =IF($G74<>"Qualified","-",IFERROR(IF($E74>=INDEX('Program Setup'!$C$18:$C$23,MATCH($C74,'Program Setup'!$B$18:$B$23,0)),1,IF($E74>=INDEX('Program Setup'!$D$18:$D$23,MATCH($C74,'Program Setup'!$B$18:$B$23,0)),2,IF($E74>=INDEX('Program Setup'!$E$18:$E$23,MATCH($C74,'Program Setup'!$B$18:$B$23,0)),3,"-"))),"-")) | I74: =IF(ISNUMBER($H74),INDEX('Program Setup'!$B$6:$B$8,MATCH($H74,'Program Setup'!$A$6:$A$8,0)),0) | J74: =SUMIFS('Amplify Detail'!$E$5:$E$496,'Amplify Detail'!$A$5:$A$496,$A74,'Amplify Detail'!$C$5:$C$496,$C74) | K74: =SUMIFS('Amplify Detail'!$F$5:$F$496,'Amplify Detail'!$A$5:$A$496,$A74,'Amplify Detail'!$C$5:$C$496,$C74) | L74: =SUMIFS('Amplify Detail'!$G$5:$G$496,'Amplify Detail'!$A$5:$A$496,$A74,'Amplify Detail'!$C$5:$C$496,$C74) | M74: =SUMIFS('Amplify Detail'!$J$5:$J$496,'Amplify Detail'!$A$5:$A$496,$A74,'Amplify Detail'!$C$5:$C$496,$C74) | N74: =$I74+$M74 | O74: =IF($G74="No qualifier - Amplify open",1,IFERROR(INDEX('Program Setup'!$B$12:$B$14,MATCH($G74,'Program Setup'!$A$12:$A$14,0)),0)) | P74: =$A74&"|"&$C74
A75: Derrick Laws | B75: Denise Montes | C75: Mark Anthony | D75: 1621 | E75: 1932 | F75: =IF($D75>0,$E75/$D75,"") | G75: =IF($D75>0,IF($F75>=1,"Qualified",IF($F75>=0.9,"90% Partial Amplify","Not Qualified")),"No qualifier - Amplify open") | H75: =IF($G75<>"Qualified","-",IFERROR(IF($E75>=INDEX('Program Setup'!$C$18:$C$23,MATCH($C75,'Program Setup'!$B$18:$B$23,0)),1,IF($E75>=INDEX('Program Setup'!$D$18:$D$23,MATCH($C75,'Program Setup'!$B$18:$B$23,0)),2,IF($E75>=INDEX('Program Setup'!$E$18:$E$23,MATCH($C75,'Program Setup'!$B$18:$B$23,0)),3,"-"))),"-")) | I75: =IF(ISNUMBER($H75),INDEX('Program Setup'!$B$6:$B$8,MATCH($H75,'Program Setup'!$A$6:$A$8,0)),0) | J75: =SUMIFS('Amplify Detail'!$E$5:$E$496,'Amplify Detail'!$A$5:$A$496,$A75,'Amplify Detail'!$C$5:$C$496,$C75) | K75: =SUMIFS('Amplify Detail'!$F$5:$F$496,'Amplify Detail'!$A$5:$A$496,$A75,'Amplify Detail'!$C$5:$C$496,$C75) | L75: =SUMIFS('Amplify Detail'!$G$5:$G$496,'Amplify Detail'!$A$5:$A$496,$A75,'Amplify Detail'!$C$5:$C$496,$C75) | M75: =SUMIFS('Amplify Detail'!$J$5:$J$496,'Amplify Detail'!$A$5:$A$496,$A75,'Amplify Detail'!$C$5:$C$496,$C75) | N75: =$I75+$M75 | O75: =IF($G75="No qualifier - Amplify open",1,IFERROR(INDEX('Program Setup'!$B$12:$B$14,MATCH($G75,'Program Setup'!$A$12:$A$14,0)),0)) | P75: =$A75&"|"&$C75
A76: Derrick Laws | B76: Denise Montes | C76: MolsonCoors Beverage Company | D76: 19010 | E76: 17909 | F76: =IF($D76>0,$E76/$D76,"") | G76: =IF($D76>0,IF($F76>=1,"Qualified",IF($F76>=0.9,"90% Partial Amplify","Not Qualified")),"No qualifier - Amplify open") | H76: =IF($G76<>"Qualified","-",IFERROR(IF($E76>=INDEX('Program Setup'!$C$18:$C$23,MATCH($C76,'Program Setup'!$B$18:$B$23,0)),1,IF($E76>=INDEX('Program Setup'!$D$18:$D$23,MATCH($C76,'Program Setup'!$B$18:$B$23,0)),2,IF($E76>=INDEX('Program Setup'!$E$18:$E$23,MATCH($C76,'Program Setup'!$B$18:$B$23,0)),3,"-"))),"-")) | I76: =IF(ISNUMBER($H76),INDEX('Program Setup'!$B$6:$B$8,MATCH($H76,'Program Setup'!$A$6:$A$8,0)),0) | J76: =SUMIFS('Amplify Detail'!$E$5:$E$496,'Amplify Detail'!$A$5:$A$496,$A76,'Amplify Detail'!$C$5:$C$496,$C76) | K76: =SUMIFS('Amplify Detail'!$F$5:$F$496,'Amplify Detail'!$A$5:$A$496,$A76,'Amplify Detail'!$C$5:$C$496,$C76) | L76: =SUMIFS('Amplify Detail'!$G$5:$G$496,'Amplify Detail'!$A$5:$A$496,$A76,'Amplify Detail'!$C$5:$C$496,$C76) | M76: =SUMIFS('Amplify Detail'!$J$5:$J$496,'Amplify Detail'!$A$5:$A$496,$A76,'Amplify Detail'!$C$5:$C$496,$C76) | N76: =$I76+$M76 | O76: =IF($G76="No qualifier - Amplify open",1,IFERROR(INDEX('Program Setup'!$B$12:$B$14,MATCH($G76,'Program Setup'!$A$12:$A$14,0)),0)) | P76: =$A76&"|"&$C76
A77: Derrick Laws | B77: Denise Montes | C77: New Belgium Brewing Company | F77: =IF($D77>0,$E77/$D77,"") | G77: =IF($D77>0,IF($F77>=1,"Qualified",IF($F77>=0.9,"90% Partial Amplify","Not Qualified")),"No qualifier - Amplify open") | H77: =IF($G77<>"Qualified","-",IFERROR(IF($E77>=INDEX('Program Setup'!$C$18:$C$23,MATCH($C77,'Program Setup'!$B$18:$B$23,0)),1,IF($E77>=INDEX('Program Setup'!$D$18:$D$23,MATCH($C77,'Program Setup'!$B$18:$B$23,0)),2,IF($E77>=INDEX('Program Setup'!$E$18:$E$23,MATCH($C77,'Program Setup'!$B$18:$B$23,0)),3,"-"))),"-")) | I77: =IF(ISNUMBER($H77),INDEX('Program Setup'!$B$6:$B$8,MATCH($H77,'Program Setup'!$A$6:$A$8,0)),0) | J77: =SUMIFS('Amplify Detail'!$E$5:$E$496,'Amplify Detail'!$A$5:$A$496,$A77,'Amplify Detail'!$C$5:$C$496,$C77) | K77: =SUMIFS('Amplify Detail'!$F$5:$F$496,'Amplify Detail'!$A$5:$A$496,$A77,'Amplify Detail'!$C$5:$C$496,$C77) | L77: =SUMIFS('Amplify Detail'!$G$5:$G$496,'Amplify Detail'!$A$5:$A$496,$A77,'Amplify Detail'!$C$5:$C$496,$C77) | M77: =SUMIFS('Amplify Detail'!$J$5:$J$496,'Amplify Detail'!$A$5:$A$496,$A77,'Amplify Detail'!$C$5:$C$496,$C77) | N77: =$I77+$M77 | O77: =IF($G77="No qualifier - Amplify open",1,IFERROR(INDEX('Program Setup'!$B$12:$B$14,MATCH($G77,'Program Setup'!$A$12:$A$14,0)),0)) | P77: =$A77&"|"&$C77
A78: Derrick Laws | B78: Denise Montes | C78: Sapporo | F78: =IF($D78>0,$E78/$D78,"") | G78: =IF($D78>0,IF($F78>=1,"Qualified",IF($F78>=0.9,"90% Partial Amplify","Not Qualified")),"No qualifier - Amplify open") | H78: =IF($G78<>"Qualified","-",IFERROR(IF($E78>=INDEX('Program Setup'!$C$18:$C$23,MATCH($C78,'Program Setup'!$B$18:$B$23,0)),1,IF($E78>=INDEX('Program Setup'!$D$18:$D$23,MATCH($C78,'Program Setup'!$B$18:$B$23,0)),2,IF($E78>=INDEX('Program Setup'!$E$18:$E$23,MATCH($C78,'Program Setup'!$B$18:$B$23,0)),3,"-"))),"-")) | I78: =IF(ISNUMBER($H78),INDEX('Program Setup'!$B$6:$B$8,MATCH($H78,'Program Setup'!$A$6:$A$8,0)),0) | J78: =SUMIFS('Amplify Detail'!$E$5:$E$496,'Amplify Detail'!$A$5:$A$496,$A78,'Amplify Detail'!$C$5:$C$496,$C78) | K78: =SUMIFS('Amplify Detail'!$F$5:$F$496,'Amplify Detail'!$A$5:$A$496,$A78,'Amplify Detail'!$C$5:$C$496,$C78) | L78: =SUMIFS('Amplify Detail'!$G$5:$G$496,'Amplify Detail'!$A$5:$A$496,$A78,'Amplify Detail'!$C$5:$C$496,$C78) | M78: =SUMIFS('Amplify Detail'!$J$5:$J$496,'Amplify Detail'!$A$5:$A$496,$A78,'Amplify Detail'!$C$5:$C$496,$C78) | N78: =$I78+$M78 | O78: =IF($G78="No qualifier - Amplify open",1,IFERROR(INDEX('Program Setup'!$B$12:$B$14,MATCH($G78,'Program Setup'!$A$12:$A$14,0)),0)) | P78: =$A78&"|"&$C78
A79: Dylan Rubino | B79: Mike Kennedy | C79: Boston Beer Company | D79: 30 | E79: 13 | F79: =IF($D79>0,$E79/$D79,"") | G79: =IF($D79>0,IF($F79>=1,"Qualified",IF($F79>=0.9,"90% Partial Amplify","Not Qualified")),"No qualifier - Amplify open") | H79: =IF($G79<>"Qualified","-",IFERROR(IF($E79>=INDEX('Program Setup'!$C$18:$C$23,MATCH($C79,'Program Setup'!$B$18:$B$23,0)),1,IF($E79>=INDEX('Program Setup'!$D$18:$D$23,MATCH($C79,'Program Setup'!$B$18:$B$23,0)),2,IF($E79>=INDEX('Program Setup'!$E$18:$E$23,MATCH($C79,'Program Setup'!$B$18:$B$23,0)),3,"-"))),"-")) | I79: =IF(ISNUMBER($H79),INDEX('Program Setup'!$B$6:$B$8,MATCH($H79,'Program Setup'!$A$6:$A$8,0)),0) | J79: =SUMIFS('Amplify Detail'!$E$5:$E$496,'Amplify Detail'!$A$5:$A$496,$A79,'Amplify Detail'!$C$5:$C$496,$C79) | K79: =SUMIFS('Amplify Detail'!$F$5:$F$496,'Amplify Detail'!$A$5:$A$496,$A79,'Amplify Detail'!$C$5:$C$496,$C79) | L79: =SUMIFS('Amplify Detail'!$G$5:$G$496,'Amplify Detail'!$A$5:$A$496,$A79,'Amplify Detail'!$C$5:$C$496,$C79) | M79: =SUMIFS('Amplify Detail'!$J$5:$J$496,'Amplify Detail'!$A$5:$A$496,$A79,'Amplify Detail'!$C$5:$C$496,$C79) | N79: =$I79+$M79 | O79: =IF($G79="No qualifier - Amplify open",1,IFERROR(INDEX('Program Setup'!$B$12:$B$14,MATCH($G79,'Program Setup'!$A$12:$A$14,0)),0)) | P79: =$A79&"|"&$C79
A80: Dylan Rubino | B80: Mike Kennedy | C80: Cape May | F80: =IF($D80>0,$E80/$D80,"") | G80: =IF($D80>0,IF($F80>=1,"Qualified",IF($F80>=0.9,"90% Partial Amplify","Not Qualified")),"No qualifier - Amplify open") | H80: =IF($G80<>"Qualified","-",IFERROR(IF($E80>=INDEX('Program Setup'!$C$18:$C$23,MATCH($C80,'Program Setup'!$B$18:$B$23,0)),1,IF($E80>=INDEX('Program Setup'!$D$18:$D$23,MATCH($C80,'Program Setup'!$B$18:$B$23,0)),2,IF($E80>=INDEX('Program Setup'!$E$18:$E$23,MATCH($C80,'Program Setup'!$B$18:$B$23,0)),3,"-"))),"-")) | I80: =IF(ISNUMBER($H80),INDEX('Program Setup'!$B$6:$B$8,MATCH($H80,'Program Setup'!$A$6:$A$8,0)),0) | J80: =SUMIFS('Amplify Detail'!$E$5:$E$496,'Amplify Detail'!$A$5:$A$496,$A80,'Amplify Detail'!$C$5:$C$496,$C80) | K80: =SUMIFS('Amplify Detail'!$F$5:$F$496,'Amplify Detail'!$A$5:$A$496,$A80,'Amplify Detail'!$C$5:$C$496,$C80) | L80: =SUMIFS('Amplify Detail'!$G$5:$G$496,'Amplify Detail'!$A$5:$A$496,$A80,'Amplify Detail'!$C$5:$C$496,$C80) | M80: =SUMIFS('Amplify Detail'!$J$5:$J$496,'Amplify Detail'!$A$5:$A$496,$A80,'Amplify Detail'!$C$5:$C$496,$C80) | N80: =$I80+$M80 | O80: =IF($G80="No qualifier - Amplify open",1,IFERROR(INDEX('Program Setup'!$B$12:$B$14,MATCH($G80,'Program Setup'!$A$12:$A$14,0)),0)) | P80: =$A80&"|"&$C80
A81: Dylan Rubino | B81: Mike Kennedy | C81: Constellation Brands | D81: 227 | E81: 240 | F81: =IF($D81>0,$E81/$D81,"") | G81: =IF($D81>0,IF($F81>=1,"Qualified",IF($F81>=0.9,"90% Partial Amplify","Not Qualified")),"No qualifier - Amplify open") | H81: =IF($G81<>"Qualified","-",IFERROR(IF($E81>=INDEX('Program Setup'!$C$18:$C$23,MATCH($C81,'Program Setup'!$B$18:$B$23,0)),1,IF($E81>=INDEX('Program Setup'!$D$18:$D$23,MATCH($C81,'Program Setup'!$B$18:$B$23,0)),2,IF($E81>=INDEX('Program Setup'!$E$18:$E$23,MATCH($C81,'Program Setup'!$B$18:$B$23,0)),3,"-"))),"-")) | I81: =IF(ISNUMBER($H81),INDEX('Program Setup'!$B$6:$B$8,MATCH($H81,'Program Setup'!$A$6:$A$8,0)),0) | J81: =SUMIFS('Amplify Detail'!$E$5:$E$496,'Amplify Detail'!$A$5:$A$496,$A81,'Amplify Detail'!$C$5:$C$496,$C81) | K81: =SUMIFS('Amplify Detail'!$F$5:$F$496,'Amplify Detail'!$A$5:$A$496,$A81,'Amplify Detail'!$C$5:$C$496,$C81) | L81: =SUMIFS('Amplify Detail'!$G$5:$G$496,'Amplify Detail'!$A$5:$A$496,$A81,'Amplify Detail'!$C$5:$C$496,$C81) | M81: =SUMIFS('Amplify Detail'!$J$5:$J$496,'Amplify Detail'!$A$5:$A$496,$A81,'Amplify Detail'!$C$5:$C$496,$C81) | N81: =$I81+$M81 | O81: =IF($G81="No qualifier - Amplify open",1,IFERROR(INDEX('Program Setup'!$B$12:$B$14,MATCH($G81,'Program Setup'!$A$12:$A$14,0)),0)) | P81: =$A81&"|"&$C81
A82: Dylan Rubino | B82: Mike Kennedy | C82: DG Yuengling Inc | E82: 6 | F82: =IF($D82>0,$E82/$D82,"") | G82: =IF($D82>0,IF($F82>=1,"Qualified",IF($F82>=0.9,"90% Partial Amplify","Not Qualified")),"No qualifier - Amplify open") | H82: =IF($G82<>"Qualified","-",IFERROR(IF($E82>=INDEX('Program Setup'!$C$18:$C$23,MATCH($C82,'Program Setup'!$B$18:$B$23,0)),1,IF($E82>=INDEX('Program Setup'!$D$18:$D$23,MATCH($C82,'Program Setup'!$B$18:$B$23,0)),2,IF($E82>=INDEX('Program Setup'!$E$18:$E$23,MATCH($C82,'Program Setup'!$B$18:$B$23,0)),3,"-"))),"-")) | I82: =IF(ISNUMBER($H82),INDEX('Program Setup'!$B$6:$B$8,MATCH($H82,'Program Setup'!$A$6:$A$8,0)),0) | J82: =SUMIFS('Amplify Detail'!$E$5:$E$496,'Amplify Detail'!$A$5:$A$496,$A82,'Amplify Detail'!$C$5:$C$496,$C82) | K82: =SUMIFS('Amplify Detail'!$F$5:$F$496,'Amplify Detail'!$A$5:$A$496,$A82,'Amplify Detail'!$C$5:$C$496,$C82) | L82: =SUMIFS('Amplify Detail'!$G$5:$G$496,'Amplify Detail'!$A$5:$A$496,$A82,'Amplify Detail'!$C$5:$C$496,$C82) | M82: =SUMIFS('Amplify Detail'!$J$5:$J$496,'Amplify Detail'!$A$5:$A$496,$A82,'Amplify Detail'!$C$5:$C$496,$C82) | N82: =$I82+$M82 | O82: =IF($G82="No qualifier - Amplify open",1,IFERROR(INDEX('Program Setup'!$B$12:$B$14,MATCH($G82,'Program Setup'!$A$12:$A$14,0)),0)) | P82: =$A82&"|"&$C82
A83: Dylan Rubino | B83: Mike Kennedy | C83: Heineken USA | E83: 49 | F83: =IF($D83>0,$E83/$D83,"") | G83: =IF($D83>0,IF($F83>=1,"Qualified",IF($F83>=0.9,"90% Partial Amplify","Not Qualified")),"No qualifier - Amplify open") | H83: =IF($G83<>"Qualified","-",IFERROR(IF($E83>=INDEX('Program Setup'!$C$18:$C$23,MATCH($C83,'Program Setup'!$B$18:$B$23,0)),1,IF($E83>=INDEX('Program Setup'!$D$18:$D$23,MATCH($C83,'Program Setup'!$B$18:$B$23,0)),2,IF($E83>=INDEX('Program Setup'!$E$18:$E$23,MATCH($C83,'Program Setup'!$B$18:$B$23,0)),3,"-"))),"-")) | I83: =IF(ISNUMBER($H83),INDEX('Program Setup'!$B$6:$B$8,MATCH($H83,'Program Setup'!$A$6:$A$8,0)),0) | J83: =SUMIFS('Amplify Detail'!$E$5:$E$496,'Amplify Detail'!$A$5:$A$496,$A83,'Amplify Detail'!$C$5:$C$496,$C83) | K83: =SUMIFS('Amplify Detail'!$F$5:$F$496,'Amplify Detail'!$A$5:$A$496,$A83,'Amplify Detail'!$C$5:$C$496,$C83) | L83: =SUMIFS('Amplify Detail'!$G$5:$G$496,'Amplify Detail'!$A$5:$A$496,$A83,'Amplify Detail'!$C$5:$C$496,$C83) | M83: =SUMIFS('Amplify Detail'!$J$5:$J$496,'Amplify Detail'!$A$5:$A$496,$A83,'Amplify Detail'!$C$5:$C$496,$C83) | N83: =$I83+$M83 | O83: =IF($G83="No qualifier - Amplify open",1,IFERROR(INDEX('Program Setup'!$B$12:$B$14,MATCH($G83,'Program Setup'!$A$12:$A$14,0)),0)) | P83: =$A83&"|"&$C83
A84: Dylan Rubino | B84: Mike Kennedy | C84: Mark Anthony | D84: 23 | E84: 22 | F84: =IF($D84>0,$E84/$D84,"") | G84: =IF($D84>0,IF($F84>=1,"Qualified",IF($F84>=0.9,"90% Partial Amplify","Not Qualified")),"No qualifier - Amplify open") | H84: =IF($G84<>"Qualified","-",IFERROR(IF($E84>=INDEX('Program Setup'!$C$18:$C$23,MATCH($C84,'Program Setup'!$B$18:$B$23,0)),1,IF($E84>=INDEX('Program Setup'!$D$18:$D$23,MATCH($C84,'Program Setup'!$B$18:$B$23,0)),2,IF($E84>=INDEX('Program Setup'!$E$18:$E$23,MATCH($C84,'Program Setup'!$B$18:$B$23,0)),3,"-"))),"-")) | I84: =IF(ISNUMBER($H84),INDEX('Program Setup'!$B$6:$B$8,MATCH($H84,'Program Setup'!$A$6:$A$8,0)),0) | J84: =SUMIFS('Amplify Detail'!$E$5:$E$496,'Amplify Detail'!$A$5:$A$496,$A84,'Amplify Detail'!$C$5:$C$496,$C84) | K84: =SUMIFS('Amplify Detail'!$F$5:$F$496,'Amplify Detail'!$A$5:$A$496,$A84,'Amplify Detail'!$C$5:$C$496,$C84) | L84: =SUMIFS('Amplify Detail'!$G$5:$G$496,'Amplify Detail'!$A$5:$A$496,$A84,'Amplify Detail'!$C$5:$C$496,$C84) | M84: =SUMIFS('Amplify Detail'!$J$5:$J$496,'Amplify Detail'!$A$5:$A$496,$A84,'Amplify Detail'!$C$5:$C$496,$C84) | N84: =$I84+$M84 | O84: =IF($G84="No qualifier - Amplify open",1,IFERROR(INDEX('Program Setup'!$B$12:$B$14,MATCH($G84,'Program Setup'!$A$12:$A$14,0)),0)) | P84: =$A84&"|"&$C84
A85: Dylan Rubino | B85: Mike Kennedy | C85: MolsonCoors Beverage Company | E85: 149 | F85: =IF($D85>0,$E85/$D85,"") | G85: =IF($D85>0,IF($F85>=1,"Qualified",IF($F85>=0.9,"90% Partial Amplify","Not Qualified")),"No qualifier - Amplify open") | H85: =IF($G85<>"Qualified","-",IFERROR(IF($E85>=INDEX('Program Setup'!$C$18:$C$23,MATCH($C85,'Program Setup'!$B$18:$B$23,0)),1,IF($E85>=INDEX('Program Setup'!$D$18:$D$23,MATCH($C85,'Program Setup'!$B$18:$B$23,0)),2,IF($E85>=INDEX('Program Setup'!$E$18:$E$23,MATCH($C85,'Program Setup'!$B$18:$B$23,0)),3,"-"))),"-")) | I85: =IF(ISNUMBER($H85),INDEX('Program Setup'!$B$6:$B$8,MATCH($H85,'Program Setup'!$A$6:$A$8,0)),0) | J85: =SUMIFS('Amplify Detail'!$E$5:$E$496,'Amplify Detail'!$A$5:$A$496,$A85,'Amplify Detail'!$C$5:$C$496,$C85) | K85: =SUMIFS('Amplify Detail'!$F$5:$F$496,'Amplify Detail'!$A$5:$A$496,$A85,'Amplify Detail'!$C$5:$C$496,$C85) | L85: =SUMIFS('Amplify Detail'!$G$5:$G$496,'Amplify Detail'!$A$5:$A$496,$A85,'Amplify Detail'!$C$5:$C$496,$C85) | M85: =SUMIFS('Amplify Detail'!$J$5:$J$496,'Amplify Detail'!$A$5:$A$496,$A85,'Amplify Detail'!$C$5:$C$496,$C85) | N85: =$I85+$M85 | O85: =IF($G85="No qualifier - Amplify open",1,IFERROR(INDEX('Program Setup'!$B$12:$B$14,MATCH($G85,'Program Setup'!$A$12:$A$14,0)),0)) | P85: =$A85&"|"&$C85
A86: Dylan Rubino | B86: Mike Kennedy | C86: New Belgium Brewing Company | F86: =IF($D86>0,$E86/$D86,"") | G86: =IF($D86>0,IF($F86>=1,"Qualified",IF($F86>=0.9,"90% Partial Amplify","Not Qualified")),"No qualifier - Amplify open") | H86: =IF($G86<>"Qualified","-",IFERROR(IF($E86>=INDEX('Program Setup'!$C$18:$C$23,MATCH($C86,'Program Setup'!$B$18:$B$23,0)),1,IF($E86>=INDEX('Program Setup'!$D$18:$D$23,MATCH($C86,'Program Setup'!$B$18:$B$23,0)),2,IF($E86>=INDEX('Program Setup'!$E$18:$E$23,MATCH($C86,'Program Setup'!$B$18:$B$23,0)),3,"-"))),"-")) | I86: =IF(ISNUMBER($H86),INDEX('Program Setup'!$B$6:$B$8,MATCH($H86,'Program Setup'!$A$6:$A$8,0)),0) | J86: =SUMIFS('Amplify Detail'!$E$5:$E$496,'Amplify Detail'!$A$5:$A$496,$A86,'Amplify Detail'!$C$5:$C$496,$C86) | K86: =SUMIFS('Amplify Detail'!$F$5:$F$496,'Amplify Detail'!$A$5:$A$496,$A86,'Amplify Detail'!$C$5:$C$496,$C86) | L86: =SUMIFS('Amplify Detail'!$G$5:$G$496,'Amplify Detail'!$A$5:$A$496,$A86,'Amplify Detail'!$C$5:$C$496,$C86) | M86: =SUMIFS('Amplify Detail'!$J$5:$J$496,'Amplify Detail'!$A$5:$A$496,$A86,'Amplify Detail'!$C$5:$C$496,$C86) | N86: =$I86+$M86 | O86: =IF($G86="No qualifier - Amplify open",1,IFERROR(INDEX('Program Setup'!$B$12:$B$14,MATCH($G86,'Program Setup'!$A$12:$A$14,0)),0)) | P86: =$A86&"|"&$C86
A87: Dylan Rubino | B87: Mike Kennedy | C87: Sapporo | F87: =IF($D87>0,$E87/$D87,"") | G87: =IF($D87>0,IF($F87>=1,"Qualified",IF($F87>=0.9,"90% Partial Amplify","Not Qualified")),"No qualifier - Amplify open") | H87: =IF($G87<>"Qualified","-",IFERROR(IF($E87>=INDEX('Program Setup'!$C$18:$C$23,MATCH($C87,'Program Setup'!$B$18:$B$23,0)),1,IF($E87>=INDEX('Program Setup'!$D$18:$D$23,MATCH($C87,'Program Setup'!$B$18:$B$23,0)),2,IF($E87>=INDEX('Program Setup'!$E$18:$E$23,MATCH($C87,'Program Setup'!$B$18:$B$23,0)),3,"-"))),"-")) | I87: =IF(ISNUMBER($H87),INDEX('Program Setup'!$B$6:$B$8,MATCH($H87,'Program Setup'!$A$6:$A$8,0)),0) | J87: =SUMIFS('Amplify Detail'!$E$5:$E$496,'Amplify Detail'!$A$5:$A$496,$A87,'Amplify Detail'!$C$5:$C$496,$C87) | K87: =SUMIFS('Amplify Detail'!$F$5:$F$496,'Amplify Detail'!$A$5:$A$496,$A87,'Amplify Detail'!$C$5:$C$496,$C87) | L87: =SUMIFS('Amplify Detail'!$G$5:$G$496,'Amplify Detail'!$A$5:$A$496,$A87,'Amplify Detail'!$C$5:$C$496,$C87) | M87: =SUMIFS('Amplify Detail'!$J$5:$J$496,'Amplify Detail'!$A$5:$A$496,$A87,'Amplify Detail'!$C$5:$C$496,$C87) | N87: =$I87+$M87 | O87: =IF($G87="No qualifier - Amplify open",1,IFERROR(INDEX('Program Setup'!$B$12:$B$14,MATCH($G87,'Program Setup'!$A$12:$A$14,0)),0)) | P87: =$A87&"|"&$C87
A88: Hakan Sadik | B88: Mike Kennedy | C88: Boston Beer Company | F88: =IF($D88>0,$E88/$D88,"") | G88: =IF($D88>0,IF($F88>=1,"Qualified",IF($F88>=0.9,"90% Partial Amplify","Not Qualified")),"No qualifier - Amplify open") | H88: =IF($G88<>"Qualified","-",IFERROR(IF($E88>=INDEX('Program Setup'!$C$18:$C$23,MATCH($C88,'Program Setup'!$B$18:$B$23,0)),1,IF($E88>=INDEX('Program Setup'!$D$18:$D$23,MATCH($C88,'Program Setup'!$B$18:$B$23,0)),2,IF($E88>=INDEX('Program Setup'!$E$18:$E$23,MATCH($C88,'Program Setup'!$B$18:$B$23,0)),3,"-"))),"-")) | I88: =IF(ISNUMBER($H88),INDEX('Program Setup'!$B$6:$B$8,MATCH($H88,'Program Setup'!$A$6:$A$8,0)),0) | J88: =SUMIFS('Amplify Detail'!$E$5:$E$496,'Amplify Detail'!$A$5:$A$496,$A88,'Amplify Detail'!$C$5:$C$496,$C88) | K88: =SUMIFS('Amplify Detail'!$F$5:$F$496,'Amplify Detail'!$A$5:$A$496,$A88,'Amplify Detail'!$C$5:$C$496,$C88) | L88: =SUMIFS('Amplify Detail'!$G$5:$G$496,'Amplify Detail'!$A$5:$A$496,$A88,'Amplify Detail'!$C$5:$C$496,$C88) | M88: =SUMIFS('Amplify Detail'!$J$5:$J$496,'Amplify Detail'!$A$5:$A$496,$A88,'Amplify Detail'!$C$5:$C$496,$C88) | N88: =$I88+$M88 | O88: =IF($G88="No qualifier - Amplify open",1,IFERROR(INDEX('Program Setup'!$B$12:$B$14,MATCH($G88,'Program Setup'!$A$12:$A$14,0)),0)) | P88: =$A88&"|"&$C88
A89: Hakan Sadik | B89: Mike Kennedy | C89: DG Yuengling Inc | E89: 0 | F89: =IF($D89>0,$E89/$D89,"") | G89: =IF($D89>0,IF($F89>=1,"Qualified",IF($F89>=0.9,"90% Partial Amplify","Not Qualified")),"No qualifier - Amplify open") | H89: =IF($G89<>"Qualified","-",IFERROR(IF($E89>=INDEX('Program Setup'!$C$18:$C$23,MATCH($C89,'Program Setup'!$B$18:$B$23,0)),1,IF($E89>=INDEX('Program Setup'!$D$18:$D$23,MATCH($C89,'Program Setup'!$B$18:$B$23,0)),2,IF($E89>=INDEX('Program Setup'!$E$18:$E$23,MATCH($C89,'Program Setup'!$B$18:$B$23,0)),3,"-"))),"-")) | I89: =IF(ISNUMBER($H89),INDEX('Program Setup'!$B$6:$B$8,MATCH($H89,'Program Setup'!$A$6:$A$8,0)),0) | J89: =SUMIFS('Amplify Detail'!$E$5:$E$496,'Amplify Detail'!$A$5:$A$496,$A89,'Amplify Detail'!$C$5:$C$496,$C89) | K89: =SUMIFS('Amplify Detail'!$F$5:$F$496,'Amplify Detail'!$A$5:$A$496,$A89,'Amplify Detail'!$C$5:$C$496,$C89) | L89: =SUMIFS('Amplify Detail'!$G$5:$G$496,'Amplify Detail'!$A$5:$A$496,$A89,'Amplify Detail'!$C$5:$C$496,$C89) | M89: =SUMIFS('Amplify Detail'!$J$5:$J$496,'Amplify Detail'!$A$5:$A$496,$A89,'Amplify Detail'!$C$5:$C$496,$C89) | N89: =$I89+$M89 | O89: =IF($G89="No qualifier - Amplify open",1,IFERROR(INDEX('Program Setup'!$B$12:$B$14,MATCH($G89,'Program Setup'!$A$12:$A$14,0)),0)) | P89: =$A89&"|"&$C89
A90: Hakan Sadik | B90: Mike Kennedy | C90: MolsonCoors Beverage Company | F90: =IF($D90>0,$E90/$D90,"") | G90: =IF($D90>0,IF($F90>=1,"Qualified",IF($F90>=0.9,"90% Partial Amplify","Not Qualified")),"No qualifier - Amplify open") | H90: =IF($G90<>"Qualified","-",IFERROR(IF($E90>=INDEX('Program Setup'!$C$18:$C$23,MATCH($C90,'Program Setup'!$B$18:$B$23,0)),1,IF($E90>=INDEX('Program Setup'!$D$18:$D$23,MATCH($C90,'Program Setup'!$B$18:$B$23,0)),2,IF($E90>=INDEX('Program Setup'!$E$18:$E$23,MATCH($C90,'Program Setup'!$B$18:$B$23,0)),3,"-"))),"-")) | I90: =IF(ISNUMBER($H90),INDEX('Program Setup'!$B$6:$B$8,MATCH($H90,'Program Setup'!$A$6:$A$8,0)),0) | J90: =SUMIFS('Amplify Detail'!$E$5:$E$496,'Amplify Detail'!$A$5:$A$496,$A90,'Amplify Detail'!$C$5:$C$496,$C90) | K90: =SUMIFS('Amplify Detail'!$F$5:$F$496,'Amplify Detail'!$A$5:$A$496,$A90,'Amplify Detail'!$C$5:$C$496,$C90) | L90: =SUMIFS('Amplify Detail'!$G$5:$G$496,'Amplify Detail'!$A$5:$A$496,$A90,'Amplify Detail'!$C$5:$C$496,$C90) | M90: =SUMIFS('Amplify Detail'!$J$5:$J$496,'Amplify Detail'!$A$5:$A$496,$A90,'Amplify Detail'!$C$5:$C$496,$C90) | N90: =$I90+$M90 | O90: =IF($G90="No qualifier - Amplify open",1,IFERROR(INDEX('Program Setup'!$B$12:$B$14,MATCH($G90,'Program Setup'!$A$12:$A$14,0)),0)) | P90: =$A90&"|"&$C90
A91: Hakan Sadik | B91: Mike Kennedy | C91: New Belgium Brewing Company | F91: =IF($D91>0,$E91/$D91,"") | G91: =IF($D91>0,IF($F91>=1,"Qualified",IF($F91>=0.9,"90% Partial Amplify","Not Qualified")),"No qualifier - Amplify open") | H91: =IF($G91<>"Qualified","-",IFERROR(IF($E91>=INDEX('Program Setup'!$C$18:$C$23,MATCH($C91,'Program Setup'!$B$18:$B$23,0)),1,IF($E91>=INDEX('Program Setup'!$D$18:$D$23,MATCH($C91,'Program Setup'!$B$18:$B$23,0)),2,IF($E91>=INDEX('Program Setup'!$E$18:$E$23,MATCH($C91,'Program Setup'!$B$18:$B$23,0)),3,"-"))),"-")) | I91: =IF(ISNUMBER($H91),INDEX('Program Setup'!$B$6:$B$8,MATCH($H91,'Program Setup'!$A$6:$A$8,0)),0) | J91: =SUMIFS('Amplify Detail'!$E$5:$E$496,'Amplify Detail'!$A$5:$A$496,$A91,'Amplify Detail'!$C$5:$C$496,$C91) | K91: =SUMIFS('Amplify Detail'!$F$5:$F$496,'Amplify Detail'!$A$5:$A$496,$A91,'Amplify Detail'!$C$5:$C$496,$C91) | L91: =SUMIFS('Amplify Detail'!$G$5:$G$496,'Amplify Detail'!$A$5:$A$496,$A91,'Amplify Detail'!$C$5:$C$496,$C91) | M91: =SUMIFS('Amplify Detail'!$J$5:$J$496,'Amplify Detail'!$A$5:$A$496,$A91,'Amplify Detail'!$C$5:$C$496,$C91) | N91: =$I91+$M91 | O91: =IF($G91="No qualifier - Amplify open",1,IFERROR(INDEX('Program Setup'!$B$12:$B$14,MATCH($G91,'Program Setup'!$A$12:$A$14,0)),0)) | P91: =$A91&"|"&$C91
A92: Hakan Sadik | B92: Mike Kennedy | C92: Sapporo | F92: =IF($D92>0,$E92/$D92,"") | G92: =IF($D92>0,IF($F92>=1,"Qualified",IF($F92>=0.9,"90% Partial Amplify","Not Qualified")),"No qualifier - Amplify open") | H92: =IF($G92<>"Qualified","-",IFERROR(IF($E92>=INDEX('Program Setup'!$C$18:$C$23,MATCH($C92,'Program Setup'!$B$18:$B$23,0)),1,IF($E92>=INDEX('Program Setup'!$D$18:$D$23,MATCH($C92,'Program Setup'!$B$18:$B$23,0)),2,IF($E92>=INDEX('Program Setup'!$E$18:$E$23,MATCH($C92,'Program Setup'!$B$18:$B$23,0)),3,"-"))),"-")) | I92: =IF(ISNUMBER($H92),INDEX('Program Setup'!$B$6:$B$8,MATCH($H92,'Program Setup'!$A$6:$A$8,0)),0) | J92: =SUMIFS('Amplify Detail'!$E$5:$E$496,'Amplify Detail'!$A$5:$A$496,$A92,'Amplify Detail'!$C$5:$C$496,$C92) | K92: =SUMIFS('Amplify Detail'!$F$5:$F$496,'Amplify Detail'!$A$5:$A$496,$A92,'Amplify Detail'!$C$5:$C$496,$C92) | L92: =SUMIFS('Amplify Detail'!$G$5:$G$496,'Amplify Detail'!$A$5:$A$496,$A92,'Amplify Detail'!$C$5:$C$496,$C92) | M92: =SUMIFS('Amplify Detail'!$J$5:$J$496,'Amplify Detail'!$A$5:$A$496,$A92,'Amplify Detail'!$C$5:$C$496,$C92) | N92: =$I92+$M92 | O92: =IF($G92="No qualifier - Amplify open",1,IFERROR(INDEX('Program Setup'!$B$12:$B$14,MATCH($G92,'Program Setup'!$A$12:$A$14,0)),0)) | P92: =$A92&"|"&$C92
A93: Jaime Colonna | B93: Mike Kennedy | C93: Boston Beer Company | E93: 21 | F93: =IF($D93>0,$E93/$D93,"") | G93: =IF($D93>0,IF($F93>=1,"Qualified",IF($F93>=0.9,"90% Partial Amplify","Not Qualified")),"No qualifier - Amplify open") | H93: =IF($G93<>"Qualified","-",IFERROR(IF($E93>=INDEX('Program Setup'!$C$18:$C$23,MATCH($C93,'Program Setup'!$B$18:$B$23,0)),1,IF($E93>=INDEX('Program Setup'!$D$18:$D$23,MATCH($C93,'Program Setup'!$B$18:$B$23,0)),2,IF($E93>=INDEX('Program Setup'!$E$18:$E$23,MATCH($C93,'Program Setup'!$B$18:$B$23,0)),3,"-"))),"-")) | I93: =IF(ISNUMBER($H93),INDEX('Program Setup'!$B$6:$B$8,MATCH($H93,'Program Setup'!$A$6:$A$8,0)),0) | J93: =SUMIFS('Amplify Detail'!$E$5:$E$496,'Amplify Detail'!$A$5:$A$496,$A93,'Amplify Detail'!$C$5:$C$496,$C93) | K93: =SUMIFS('Amplify Detail'!$F$5:$F$496,'Amplify Detail'!$A$5:$A$496,$A93,'Amplify Detail'!$C$5:$C$496,$C93) | L93: =SUMIFS('Amplify Detail'!$G$5:$G$496,'Amplify Detail'!$A$5:$A$496,$A93,'Amplify Detail'!$C$5:$C$496,$C93) | M93: =SUMIFS('Amplify Detail'!$J$5:$J$496,'Amplify Detail'!$A$5:$A$496,$A93,'Amplify Detail'!$C$5:$C$496,$C93) | N93: =$I93+$M93 | O93: =IF($G93="No qualifier - Amplify open",1,IFERROR(INDEX('Program Setup'!$B$12:$B$14,MATCH($G93,'Program Setup'!$A$12:$A$14,0)),0)) | P93: =$A93&"|"&$C93
A94: Jaime Colonna | B94: Mike Kennedy | C94: Cape May | F94: =IF($D94>0,$E94/$D94,"") | G94: =IF($D94>0,IF($F94>=1,"Qualified",IF($F94>=0.9,"90% Partial Amplify","Not Qualified")),"No qualifier - Amplify open") | H94: =IF($G94<>"Qualified","-",IFERROR(IF($E94>=INDEX('Program Setup'!$C$18:$C$23,MATCH($C94,'Program Setup'!$B$18:$B$23,0)),1,IF($E94>=INDEX('Program Setup'!$D$18:$D$23,MATCH($C94,'Program Setup'!$B$18:$B$23,0)),2,IF($E94>=INDEX('Program Setup'!$E$18:$E$23,MATCH($C94,'Program Setup'!$B$18:$B$23,0)),3,"-"))),"-")) | I94: =IF(ISNUMBER($H94),INDEX('Program Setup'!$B$6:$B$8,MATCH($H94,'Program Setup'!$A$6:$A$8,0)),0) | J94: =SUMIFS('Amplify Detail'!$E$5:$E$496,'Amplify Detail'!$A$5:$A$496,$A94,'Amplify Detail'!$C$5:$C$496,$C94) | K94: =SUMIFS('Amplify Detail'!$F$5:$F$496,'Amplify Detail'!$A$5:$A$496,$A94,'Amplify Detail'!$C$5:$C$496,$C94) | L94: =SUMIFS('Amplify Detail'!$G$5:$G$496,'Amplify Detail'!$A$5:$A$496,$A94,'Amplify Detail'!$C$5:$C$496,$C94) | M94: =SUMIFS('Amplify Detail'!$J$5:$J$496,'Amplify Detail'!$A$5:$A$496,$A94,'Amplify Detail'!$C$5:$C$496,$C94) | N94: =$I94+$M94 | O94: =IF($G94="No qualifier - Amplify open",1,IFERROR(INDEX('Program Setup'!$B$12:$B$14,MATCH($G94,'Program Setup'!$A$12:$A$14,0)),0)) | P94: =$A94&"|"&$C94
A95: Jaime Colonna | B95: Mike Kennedy | C95: Constellation Brands | D95: 433 | E95: 478 | F95: =IF($D95>0,$E95/$D95,"") | G95: =IF($D95>0,IF($F95>=1,"Qualified",IF($F95>=0.9,"90% Partial Amplify","Not Qualified")),"No qualifier - Amplify open") | H95: =IF($G95<>"Qualified","-",IFERROR(IF($E95>=INDEX('Program Setup'!$C$18:$C$23,MATCH($C95,'Program Setup'!$B$18:$B$23,0)),1,IF($E95>=INDEX('Program Setup'!$D$18:$D$23,MATCH($C95,'Program Setup'!$B$18:$B$23,0)),2,IF($E95>=INDEX('Program Setup'!$E$18:$E$23,MATCH($C95,'Program Setup'!$B$18:$B$23,0)),3,"-"))),"-")) | I95: =IF(ISNUMBER($H95),INDEX('Program Setup'!$B$6:$B$8,MATCH($H95,'Program Setup'!$A$6:$A$8,0)),0) | J95: =SUMIFS('Amplify Detail'!$E$5:$E$496,'Amplify Detail'!$A$5:$A$496,$A95,'Amplify Detail'!$C$5:$C$496,$C95) | K95: =SUMIFS('Amplify Detail'!$F$5:$F$496,'Amplify Detail'!$A$5:$A$496,$A95,'Amplify Detail'!$C$5:$C$496,$C95) | L95: =SUMIFS('Amplify Detail'!$G$5:$G$496,'Amplify Detail'!$A$5:$A$496,$A95,'Amplify Detail'!$C$5:$C$496,$C95) | M95: =SUMIFS('Amplify Detail'!$J$5:$J$496,'Amplify Detail'!$A$5:$A$496,$A95,'Amplify Detail'!$C$5:$C$496,$C95) | N95: =$I95+$M95 | O95: =IF($G95="No qualifier - Amplify open",1,IFERROR(INDEX('Program Setup'!$B$12:$B$14,MATCH($G95,'Program Setup'!$A$12:$A$14,0)),0)) | P95: =$A95&"|"&$C95
A96: Jaime Colonna | B96: Mike Kennedy | C96: DG Yuengling Inc | D96: 63 | E96: 8 | F96: =IF($D96>0,$E96/$D96,"") | G96: =IF($D96>0,IF($F96>=1,"Qualified",IF($F96>=0.9,"90% Partial Amplify","Not Qualified")),"No qualifier - Amplify open") | H96: =IF($G96<>"Qualified","-",IFERROR(IF($E96>=INDEX('Program Setup'!$C$18:$C$23,MATCH($C96,'Program Setup'!$B$18:$B$23,0)),1,IF($E96>=INDEX('Program Setup'!$D$18:$D$23,MATCH($C96,'Program Setup'!$B$18:$B$23,0)),2,IF($E96>=INDEX('Program Setup'!$E$18:$E$23,MATCH($C96,'Program Setup'!$B$18:$B$23,0)),3,"-"))),"-")) | I96: =IF(ISNUMBER($H96),INDEX('Program Setup'!$B$6:$B$8,MATCH($H96,'Program Setup'!$A$6:$A$8,0)),0) | J96: =SUMIFS('Amplify Detail'!$E$5:$E$496,'Amplify Detail'!$A$5:$A$496,$A96,'Amplify Detail'!$C$5:$C$496,$C96) | K96: =SUMIFS('Amplify Detail'!$F$5:$F$496,'Amplify Detail'!$A$5:$A$496,$A96,'Amplify Detail'!$C$5:$C$496,$C96) | L96: =SUMIFS('Amplify Detail'!$G$5:$G$496,'Amplify Detail'!$A$5:$A$496,$A96,'Amplify Detail'!$C$5:$C$496,$C96) | M96: =SUMIFS('Amplify Detail'!$J$5:$J$496,'Amplify Detail'!$A$5:$A$496,$A96,'Amplify Detail'!$C$5:$C$496,$C96) | N96: =$I96+$M96 | O96: =IF($G96="No qualifier - Amplify open",1,IFERROR(INDEX('Program Setup'!$B$12:$B$14,MATCH($G96,'Program Setup'!$A$12:$A$14,0)),0)) | P96: =$A96&"|"&$C96
A97: Jaime Colonna | B97: Mike Kennedy | C97: Heineken USA | D97: 109 | E97: 85 | F97: =IF($D97>0,$E97/$D97,"") | G97: =IF($D97>0,IF($F97>=1,"Qualified",IF($F97>=0.9,"90% Partial Amplify","Not Qualified")),"No qualifier - Amplify open") | H97: =IF($G97<>"Qualified","-",IFERROR(IF($E97>=INDEX('Program Setup'!$C$18:$C$23,MATCH($C97,'Program Setup'!$B$18:$B$23,0)),1,IF($E97>=INDEX('Program Setup'!$D$18:$D$23,MATCH($C97,'Program Setup'!$B$18:$B$23,0)),2,IF($E97>=INDEX('Program Setup'!$E$18:$E$23,MATCH($C97,'Program Setup'!$B$18:$B$23,0)),3,"-"))),"-")) | I97: =IF(ISNUMBER($H97),INDEX('Program Setup'!$B$6:$B$8,MATCH($H97,'Program Setup'!$A$6:$A$8,0)),0) | J97: =SUMIFS('Amplify Detail'!$E$5:$E$496,'Amplify Detail'!$A$5:$A$496,$A97,'Amplify Detail'!$C$5:$C$496,$C97) | K97: =SUMIFS('Amplify Detail'!$F$5:$F$496,'Amplify Detail'!$A$5:$A$496,$A97,'Amplify Detail'!$C$5:$C$496,$C97) | L97: =SUMIFS('Amplify Detail'!$G$5:$G$496,'Amplify Detail'!$A$5:$A$496,$A97,'Amplify Detail'!$C$5:$C$496,$C97) | M97: =SUMIFS('Amplify Detail'!$J$5:$J$496,'Amplify Detail'!$A$5:$A$496,$A97,'Amplify Detail'!$C$5:$C$496,$C97) | N97: =$I97+$M97 | O97: =IF($G97="No qualifier - Amplify open",1,IFERROR(INDEX('Program Setup'!$B$12:$B$14,MATCH($G97,'Program Setup'!$A$12:$A$14,0)),0)) | P97: =$A97&"|"&$C97
A98: Jaime Colonna | B98: Mike Kennedy | C98: Mark Anthony | D98: 81 | E98: 67 | F98: =IF($D98>0,$E98/$D98,"") | G98: =IF($D98>0,IF($F98>=1,"Qualified",IF($F98>=0.9,"90% Partial Amplify","Not Qualified")),"No qualifier - Amplify open") | H98: =IF($G98<>"Qualified","-",IFERROR(IF($E98>=INDEX('Program Setup'!$C$18:$C$23,MATCH($C98,'Program Setup'!$B$18:$B$23,0)),1,IF($E98>=INDEX('Program Setup'!$D$18:$D$23,MATCH($C98,'Program Setup'!$B$18:$B$23,0)),2,IF($E98>=INDEX('Program Setup'!$E$18:$E$23,MATCH($C98,'Program Setup'!$B$18:$B$23,0)),3,"-"))),"-")) | I98: =IF(ISNUMBER($H98),INDEX('Program Setup'!$B$6:$B$8,MATCH($H98,'Program Setup'!$A$6:$A$8,0)),0) | J98: =SUMIFS('Amplify Detail'!$E$5:$E$496,'Amplify Detail'!$A$5:$A$496,$A98,'Amplify Detail'!$C$5:$C$496,$C98) | K98: =SUMIFS('Amplify Detail'!$F$5:$F$496,'Amplify Detail'!$A$5:$A$496,$A98,'Amplify Detail'!$C$5:$C$496,$C98) | L98: =SUMIFS('Amplify Detail'!$G$5:$G$496,'Amplify Detail'!$A$5:$A$496,$A98,'Amplify Detail'!$C$5:$C$496,$C98) | M98: =SUMIFS('Amplify Detail'!$J$5:$J$496,'Amplify Detail'!$A$5:$A$496,$A98,'Amplify Detail'!$C$5:$C$496,$C98) | N98: =$I98+$M98 | O98: =IF($G98="No qualifier - Amplify open",1,IFERROR(INDEX('Program Setup'!$B$12:$B$14,MATCH($G98,'Program Setup'!$A$12:$A$14,0)),0)) | P98: =$A98&"|"&$C98
A99: Jaime Colonna | B99: Mike Kennedy | C99: MolsonCoors Beverage Company | E99: 154 | F99: =IF($D99>0,$E99/$D99,"") | G99: =IF($D99>0,IF($F99>=1,"Qualified",IF($F99>=0.9,"90% Partial Amplify","Not Qualified")),"No qualifier - Amplify open") | H99: =IF($G99<>"Qualified","-",IFERROR(IF($E99>=INDEX('Program Setup'!$C$18:$C$23,MATCH($C99,'Program Setup'!$B$18:$B$23,0)),1,IF($E99>=INDEX('Program Setup'!$D$18:$D$23,MATCH($C99,'Program Setup'!$B$18:$B$23,0)),2,IF($E99>=INDEX('Program Setup'!$E$18:$E$23,MATCH($C99,'Program Setup'!$B$18:$B$23,0)),3,"-"))),"-")) | I99: =IF(ISNUMBER($H99),INDEX('Program Setup'!$B$6:$B$8,MATCH($H99,'Program Setup'!$A$6:$A$8,0)),0) | J99: =SUMIFS('Amplify Detail'!$E$5:$E$496,'Amplify Detail'!$A$5:$A$496,$A99,'Amplify Detail'!$C$5:$C$496,$C99) | K99: =SUMIFS('Amplify Detail'!$F$5:$F$496,'Amplify Detail'!$A$5:$A$496,$A99,'Amplify Detail'!$C$5:$C$496,$C99) | L99: =SUMIFS('Amplify Detail'!$G$5:$G$496,'Amplify Detail'!$A$5:$A$496,$A99,'Amplify Detail'!$C$5:$C$496,$C99) | M99: =SUMIFS('Amplify Detail'!$J$5:$J$496,'Amplify Detail'!$A$5:$A$496,$A99,'Amplify Detail'!$C$5:$C$496,$C99) | N99: =$I99+$M99 | O99: =IF($G99="No qualifier - Amplify open",1,IFERROR(INDEX('Program Setup'!$B$12:$B$14,MATCH($G99,'Program Setup'!$A$12:$A$14,0)),0)) | P99: =$A99&"|"&$C99
A100: Jaime Colonna | B100: Mike Kennedy | C100: New Belgium Brewing Company | F100: =IF($D100>0,$E100/$D100,"") | G100: =IF($D100>0,IF($F100>=1,"Qualified",IF($F100>=0.9,"90% Partial Amplify","Not Qualified")),"No qualifier - Amplify open") | H100: =IF($G100<>"Qualified","-",IFERROR(IF($E100>=INDEX('Program Setup'!$C$18:$C$23,MATCH($C100,'Program Setup'!$B$18:$B$23,0)),1,IF($E100>=INDEX('Program Setup'!$D$18:$D$23,MATCH($C100,'Program Setup'!$B$18:$B$23,0)),2,IF($E100>=INDEX('Program Setup'!$E$18:$E$23,MATCH($C100,'Program Setup'!$B$18:$B$23,0)),3,"-"))),"-")) | I100: =IF(ISNUMBER($H100),INDEX('Program Setup'!$B$6:$B$8,MATCH($H100,'Program Setup'!$A$6:$A$8,0)),0) | J100: =SUMIFS('Amplify Detail'!$E$5:$E$496,'Amplify Detail'!$A$5:$A$496,$A100,'Amplify Detail'!$C$5:$C$496,$C100) | K100: =SUMIFS('Amplify Detail'!$F$5:$F$496,'Amplify Detail'!$A$5:$A$496,$A100,'Amplify Detail'!$C$5:$C$496,$C100) | L100: =SUMIFS('Amplify Detail'!$G$5:$G$496,'Amplify Detail'!$A$5:$A$496,$A100,'Amplify Detail'!$C$5:$C$496,$C100) | M100: =SUMIFS('Amplify Detail'!$J$5:$J$496,'Amplify Detail'!$A$5:$A$496,$A100,'Amplify Detail'!$C$5:$C$496,$C100) | N100: =$I100+$M100 | O100: =IF($G100="No qualifier - Amplify open",1,IFERROR(INDEX('Program Setup'!$B$12:$B$14,MATCH($G100,'Program Setup'!$A$12:$A$14,0)),0)) | P100: =$A100&"|"&$C100
A101: Jaime Colonna | B101: Mike Kennedy | C101: Sapporo | F101: =IF($D101>0,$E101/$D101,"") | G101: =IF($D101>0,IF($F101>=1,"Qualified",IF($F101>=0.9,"90% Partial Amplify","Not Qualified")),"No qualifier - Amplify open") | H101: =IF($G101<>"Qualified","-",IFERROR(IF($E101>=INDEX('Program Setup'!$C$18:$C$23,MATCH($C101,'Program Setup'!$B$18:$B$23,0)),1,IF($E101>=INDEX('Program Setup'!$D$18:$D$23,MATCH($C101,'Program Setup'!$B$18:$B$23,0)),2,IF($E101>=INDEX('Program Setup'!$E$18:$E$23,MATCH($C101,'Program Setup'!$B$18:$B$23,0)),3,"-"))),"-")) | I101: =IF(ISNUMBER($H101),INDEX('Program Setup'!$B$6:$B$8,MATCH($H101,'Program Setup'!$A$6:$A$8,0)),0) | J101: =SUMIFS('Amplify Detail'!$E$5:$E$496,'Amplify Detail'!$A$5:$A$496,$A101,'Amplify Detail'!$C$5:$C$496,$C101) | K101: =SUMIFS('Amplify Detail'!$F$5:$F$496,'Amplify Detail'!$A$5:$A$496,$A101,'Amplify Detail'!$C$5:$C$496,$C101) | L101: =SUMIFS('Amplify Detail'!$G$5:$G$496,'Amplify Detail'!$A$5:$A$496,$A101,'Amplify Detail'!$C$5:$C$496,$C101) | M101: =SUMIFS('Amplify Detail'!$J$5:$J$496,'Amplify Detail'!$A$5:$A$496,$A101,'Amplify Detail'!$C$5:$C$496,$C101) | N101: =$I101+$M101 | O101: =IF($G101="No qualifier - Amplify open",1,IFERROR(INDEX('Program Setup'!$B$12:$B$14,MATCH($G101,'Program Setup'!$A$12:$A$14,0)),0)) | P101: =$A101&"|"&$C101
...

Sheet Program Setup
A1: Summer of Success 2026 — program rules used in this recap
A2: Season 6/1/2026–8/31/2026. Blue = typed in from the deck / source data. Everything on the other tabs is a formula off these cells.
A4: Tier payout amounts
A5: Tier | B5: Payout
A6: 1 | B6: 750
A7: 2 | B7: 500
A8: 3 | B8: 250
A10: Amplify rate multiplier by qualifier result
A11: Qualifier result | B11: Amplify rate multiplier
A12: Qualified | B12: 1
A13: 90% Partial Amplify | B13: 0.5
A14: Not Qualified | B14: 0
A16: Tier CE thresholds by supplier — the deck's “Rewards Payouts — by Route Volume” grid
A17: Supplier (deck) | B17: Supplier (as named in the data) | C17: Tier 1 CE | D17: Tier 2 CE | E17: Tier 3 CE
A18: Constellation Brands | B18: Constellation Brands | C18: 25000 | D18: 6000 | E18: 1000
A19: Molson Coors | B19: MolsonCoors Beverage Company | C19: 16000 | D19: 8000 | E19: 1000
A20: Heineken (HUSA) | B20: Heineken USA | C20: 8200 | D20: 2300 | E20: 100
A21: Yuengling | B21: DG Yuengling Inc | C21: 2600 | D21: 1000 | E21: 100
A22: Mike's (MABI) | B22: Mark Anthony | C22: 4000 | D22: 1000 | E22: 500
A23: Boston Beer co. | B23: Boston Beer Company | C23: 4000 | D23: 2000 | E23: 500
A26: Rules applied
A27: 1. QUALIFIER — a rep clears a supplier when their 2026 qualifier CE reaches their own personal goal (goals are per rep, not flat).
A28: 2. TIER PAYOUT — only at 100%+ of goal. The tier is then read off the grid above using that same actual 2026 qualifier CE.
A29: Example: Javier Melo, Constellation Brands, goal 71,156, actual 71,979 = 101% → Qualified; 71,979 clears the 25,000 Tier 1 line → $750.
A30: 3. AMPLIFY — pays ONLY on cases ABOVE the brand's Amplify goal: Eligible CE = MAX(Actual CE − Amplify goal CE, 0), calculated PER BRAND.
A31: A brand below its goal pays $0 and does NOT offset a brand that is above goal.
A32: Example: Javier Melo, Constellation Brands — Pacifico 1,538 − 975 = 563 × $1 = $563; Modelo Chelada 3,272 − 3,102 = 170 × $1 = $170; Victoria 3,355 − 3,216 = 139 × $1 = $139. Total $872.
A33: 4. AMPLIFY RATE — $1/case, except Fever Tree, Mike's Harder and MXD at $2/case.
A34: 5. 90% PARTIAL — 90.00%–99.99% of the qualifier goal earns NO tier payout but HALF the Amplify rate ($0.50 / $1.00). Below 90% earns no Amplify at all.
A35: 6. Suppliers with no qualifier in the data (Sapporo, Cape May, New Belgium) have no tier payout; their Amplify is open at full rate.
A36: 7. Excluded, matching the dashboard: Default, Office Tell Sell, Chris Politano. Bell's is rolled into New Belgium Brewing Company.
A38: ⚠ FOUR THINGS TO CONFIRM BEFORE THIS PAYS ANYONE
... A47: The largest is Michael Harboy, MolsonCoors Beverage Company, 3,941 CE. Filter Status for that label to see them. If those reps were meant to have goals, their tier payout is being missed.

Sheet Amplify Detail
A1: Amplify detail — brand level
A2: Amplify pays ONLY on cases above the brand's goal: Eligible = MAX(Actual − Goal, 0), per brand. A brand below goal pays $0 and does not offset others.
A4: Rep | B4: Manager | C4: Supplier | D4: Amplify brand | E4: Actual CE (2026) | F4: Amplify goal CE (2025) | G4: Eligible CE (above goal) | H4: Normal rate | I4: Applied rate | J4: Payout | K4: Key
A5: Alex Rodriguez | B5: Mike Kennedy | C5: Sapporo | D5: Sapporo | E5: 875 | F5: 578 | G5: =MAX(0,$E5-$F5) | H5: =IF(OR(ISNUMBER(SEARCH("fever",$D5)),ISNUMBER(SEARCH("mike",$D5)),ISNUMBER(SEARCH("mxd",$D5))),2,1) | I5: =$H5*IFERROR(INDEX('Recap'!$O$5:$O$233,MATCH($K5,'Recap'!$P$5:$P$233,0)),0) | J5: =$G5*$I5 | K5: =$A5&"|"&$C5
A6: Alisa Acciardi | B6: Mike Kennedy | C6: Boston Beer Company | D6: Dogfish Head Beer | E6: 2 | F6: 6 | G6: =MAX(0,$E6-$F6) | H6: =IF(OR(ISNUMBER(SEARCH("fever",$D6)),ISNUMBER(SEARCH("mike",$D6)),ISNUMBER(SEARCH("mxd",$D6))),2,1) | I6: =$H6*IFERROR(INDEX('Recap'!$O$5:$O$233,MATCH($K6,'Recap'!$P$5:$P$233,0)),0) | J6: =$G6*$I6 | K6: =$A6&"|"&$C6
A7: Alisa Acciardi | B7: Mike Kennedy | C7: Cape May | D7: Cape May | E7: 0 | F7: 8 | G7: =MAX(0,$E7-$F7) | H7: =IF(OR(ISNUMBER(SEARCH("fever",$D7)),ISNUMBER(SEARCH("mike",$D7)),ISNUMBER(SEARCH("mxd",$D7))),2,1) | I7: =$H7*IFERROR(INDEX('Recap'!$O$5:$O$233,MATCH($K7,'Recap'!$P$5:$P$233,0)),0) | J7: =$G7*$I7 | K7: =$A7&"|"&$C7
A8: Alisa Acciardi | B8: Mike Kennedy | C8: Constellation Brands | D8: Corona Premier | E8: 6 | F8: 7 | G8: =MAX(0,$E8-$F8) | H8: =IF(OR(ISNUMBER(SEARCH("fever",$D8)),ISNUMBER(SEARCH("mike",$D8)),ISNUMBER(SEARCH("mxd",$D8))),2,1) | I8: =$H8*IFERROR(INDEX('Recap'!$O$5:$O$233,MATCH($K8,'Recap'!$P$5:$P$233,0)),0) | J8: =$G8*$I8 | K8: =$A8&"|"&$C8
A9: Alisa Acciardi | B9: Mike Kennedy | C9: Constellation Brands | D9: Modelo Chelada | E9: 31 | F9: 51 | G9: =MAX(0,$E9-$F9) | H9: =IF(OR(ISNUMBER(SEARCH("fever",$D9)),ISNUMBER(SEARCH("mike",$D9)),ISNUMBER(SEARCH("mxd",$D9))),2,1) | I9: =$H9*IFERROR(INDEX('Recap'!$O$5:$O$233,MATCH($K9,'Recap'!$P$5:$P$233,0)),0) | J9: =$G9*$I9 | K9: =$A9&"|"&$C9
A10: Alisa Acciardi | B10: Mike Kennedy | C10: Constellation Brands | D10: Pacifico | E10: 8 | F10: 34 | G10: =MAX(0,$E10-$F10) | H10: =IF(OR(ISNUMBER(SEARCH("fever",$D10)),ISNUMBER(SEARCH("mike",$D10)),ISNUMBER(SEARCH("mxd",$D10))),2,1) | I10: =$H10*IFERROR(INDEX('Recap'!$O$5:$O$233,MATCH($K10,'Recap'!$P$5:$P$233,0)),0) | J10: =$G10*$I10 | K10: =$A10&"|"&$C10
A11: Alisa Acciardi | B11: Mike Kennedy | C11: Constellation Brands | D11: Victoria | E11: 9 | F11: 5 | G11: =MAX(0,$E11-$F11) | H11: =IF(OR(ISNUMBER(SEARCH("fever",$D11)),ISNUMBER(SEARCH("mike",$D11)),ISNUMBER(SEARCH("mxd",$D11))),2,1) | I11: =$H11*IFERROR(INDEX('Recap'!$O$5:$O$233,MATCH($K11,'Recap'!$P$5:$P$233,0)),0) | J11: =$G11*$I11 | K11: =$A11&"|"&$C11
A12: Alisa Acciardi | B12: Mike Kennedy | C12: DG Yuengling Inc | D12: Yuengling Flight | E12: 2 | F12: 2 | G12: =MAX(0,$E12-$F12) | H12: =IF(OR(ISNUMBER(SEARCH("fever",$D12)),ISNUMBER(SEARCH("mike",$D12)),ISNUMBER(SEARCH("mxd",$D12))),2,1) | I12: =$H12*IFERROR(INDEX('Recap'!$O$5:$O$233,MATCH($K12,'Recap'!$P$5:$P$233,0)),0) | J12: =$G12*$I12 | K12: =$A12&"|"&$C12
A13: Alisa Acciardi | B13: Mike Kennedy | C13: DG Yuengling Inc | D13: Yuengling Light Lager | E13: 2 | F13: 1 | G13: =MAX(0,$E13-$F13) | H13: =IF(OR(ISNUMBER(SEARCH("fever",$D13)),ISNUMBER(SEARCH("mike",$D13)),ISNUMBER(SEARCH("mxd",$D13))),2,1) | I13: =$H13*IFERROR(INDEX('Recap'!$O$5:$O$233,MATCH($K13,'Recap'!$P$5:$P$233,0)),0) | J13: =$G13*$I13 | K13: =$A13&"|"&$C13
A14: Alisa Acciardi | B14: Mike Kennedy | C14: Heineken USA | D14: Heineken 0.0 | E14: 3 | F14: 8 | G14: =MAX(0,$E14-$F14) | H14: =IF(OR(ISNUMBER(SEARCH("fever",$D14)),ISNUMBER(SEARCH("mike",$D14)),ISNUMBER(SEARCH("mxd",$D14))),2,1) | I14: =$H14*IFERROR(INDEX('Recap'!$O$5:$O$233,MATCH($K14,'Recap'!$P$5:$P$233,0)),0) | J14: =$G14*$I14 | K14: =$A14&"|"&$C14
A15: Alisa Acciardi | B15: Mike Kennedy | C15: Heineken USA | D15: Heineken Light | E15: 12 | F15: 19 | G15: =MAX(0,$E15-$F15) | H15: =IF(OR(ISNUMBER(SEARCH("fever",$D15)),ISNUMBER(SEARCH("mike",$D15)),ISNUMBER(SEARCH("mxd",$D15))),2,1) | I15: =$H15*IFERROR(INDEX('Recap'!$O$5:$O$233,MATCH($K15,'Recap'!$P$5:$P$233,0)),0) | J15: =$G15*$I15 | K15: =$A15&"|"&$C15
A16: Alisa Acciardi | B16: Mike Kennedy | C16: Mark Anthony | D16: Cayman Jack | E16: 3 | F16: 5 | G16: =MAX(0,$E16-$F16) | H16: =IF(OR(ISNUMBER(SEARCH("fever",$D16)),ISNUMBER(SEARCH("mike",$D16)),ISNUMBER(SEARCH("mxd",$D16))),2,1) | I16: =$H16*IFERROR(INDEX('Recap'!$O$5:$O$233,MATCH($K16,'Recap'!$P$5:$P$233,0)),0) | J16: =$G16*$I16 | K16: =$A16&"|"&$C16
... A259: Jim Heaney | B259: Denise Montes | C259: Sapporo | D259: Sapporo | E259: 532 | F259: 409 | G259: =MAX(0,$E259-$F259) | H259: =IF(OR(ISNUMBER(SEARCH("fever",$D259)),ISNUMBER(SEARCH("mike",$D259)),ISNUMBER(SEARCH("mxd",$D259))),2,1) | I259: =$H259*IFERROR(INDEX('Recap'!$O$5:$O$233,MATCH($K259,'Recap'!$P$5:$P$233,0)),0) | J259: =$G259*$I259 | K259: =$A259&"|"&$C259
A260: John Neukum | C260: Constellation Brands | D260: Corona Premier | E260: 336 | F260: 168 | G260: =MAX(0,$E260-$F260) | H260: =IF(OR(ISNUMBER(SEARCH("fever",$D260)),ISNUMBER(SEARCH("mike",$D260)),ISNUMBER(SEARCH("mxd",$D260))),2,1) | I260: =$H260*IFERROR(INDEX('Recap'!$O$5:$O$233,MATCH($K260,'Recap'!$P$5:$P$233,0)),0) | J260: =$G260*$I260 | K260: =$A260&"|"&$C260
A261: John Neukum | C261: Constellation Brands | D261: Modelo Chelada | E261: 2129 | F261: 987 | G261: =MAX(0,$E261-$F261) | H261: =IF(OR(ISNUMBER(SEARCH("fever",$D261)),ISNUMBER(SEARCH("mike",$D261)),ISNUMBER(SEARCH("mxd",$D261))),2,1) | I261: =$H261*IFERROR(INDEX('Recap'!$O$5:$O$233,MATCH($K261,'Recap'!$P$5:$P$233,0)),0) | J261: =$G261*$I261 | K261: =$A261&"|"&$C261
A262: John Neukum | C262: Constellation Brands | D262: Pacifico | E262: 794 | F262: 567 | G262: =MAX(0,$E262-$F262) | H262: =IF(OR(ISNUMBER(SEARCH("fever",$D262)),ISNUMBER(SEARCH("mike",$D262)),ISNUMBER(SEARCH("mxd",$D262))),2,1) | I262: =$H262*IFERROR(INDEX('Recap'!$O$5:$O$233,MATCH($K262,'Recap'!$P$5:$P$233,0)),0) | J262: =$G262*$I262 | K262: =$A262&"|"&$C262
A263: John Neukum | C263: Constellation Brands | D263: Victoria | E263: 3527 | F263: 2261 | G263: =MAX(0,$E263-$F263) | H263: =IF(OR(ISNUMBER(SEARCH("fever",$D263)),ISNUMBER(SEARCH("mike",$D263)),ISNUMBER(SEARCH("mxd",$D263))),2,1) | I263: =$H263*IFERROR(INDEX('Recap'!$O$5:$O$233,MATCH($K263,'Recap'!$P$5:$P$233,0)),0) | J263: =$G263*$I263 | K263: =$A263&"|"&$C263
A264: John Neukum | C264: Heineken USA | D264: Heineken 0.0 | E264: 174 | F264: 375 | G264: =MAX(0,$E264-$F264) | H264: =IF(OR(ISNUMBER(SEARCH("fever",$D264)),ISNUMBER(SEARCH("mike",$D264)),ISNUMBER(SEARCH("mxd",$D264))),2,1) | I264: =$H264*IFERROR(INDEX('Recap'!$O$5:$O$233,MATCH($K264,'Recap'!$P$5:$P$233,0)),0) | J264: =$G264*$I264 | K264: =$A264&"|"&$C264
A265: John Neukum | C265: Heineken USA | D265: Heineken Light | E265: 756 | F265: 588 | G265: =MAX(0,$E265-$F265) | H265: =IF(OR(ISNUMBER(SEARCH("fever",$D265)),ISNUMBER(SEARCH("mike",$D265)),ISNUMBER(SEARCH("mxd",$D265))),2,1) | I265: =$H265*IFERROR(INDEX('Recap'!$O$5:$O$233,MATCH($K265,'Recap'!$P$5:$P$233,0)),0) | J265: =$G265*$I265 | K265: =$A265&"|"&$C265
A266: John Neukum | C266: Mark Anthony | D266: Cayman Jack | E266: 949 | F266: 943 | G266: =MAX(0,$E266-$F266) | H266: =IF(OR(ISNUMBER(SEARCH("fever",$D266)),ISNUMBER(SEARCH("mike",$D266)),ISNUMBER(SEARCH("mxd",$D266))),2,1) | I266: =$H266*IFERROR(INDEX('Recap'!$O$5:$O$233,MATCH($K266,'Recap'!$P$5:$P$233,0)),0) | J266: =$G266*$I266 | K266: =$A266&"|"&$C266
A267: John Neukum | C267: MolsonCoors Beverage Company | D267: Coors | E267: 1175 | F267: 1078 | G267: =MAX(0,$E267-$F267) | H267: =IF(OR(ISNUMBER(SEARCH("fever",$D267)),ISNUMBER(SEARCH("mike",$D267)),ISNUMBER(SEARCH("mxd",$D267))),2,1) | I267: =$H267*IFERROR(INDEX('Recap'!$O$5:$O$233,MATCH($K267,'Recap'!$P$5:$P$233,0)),0) | J267: =$G267*$I267 | K267: =$A267&"|"&$C267
A268: John Neukum | C268: MolsonCoors Beverage Company | D268: Fever Tree | E268: 39 | F268: 0 | G268: =MAX(0,$E268-$F268) | H268: =IF(OR(ISNUMBER(SEARCH("fever",$D268)),ISNUMBER(SEARCH("mike",$D268)),ISNUMBER(SEARCH("mxd",$D268))),2,1) | I268: =$H268*IFERROR(INDEX('Recap'!$O$5:$O$233,MATCH($K268,'Recap'!$P$5:$P$233,0)),0) | J268: =$G268*$I268 | K268: =$A268&"|"&$C268
A269: John Neukum | C269: MolsonCoors Beverage Company | D269: Peroni | E269: 1457 | F269: 1604 | G269: =MAX(0,$E269-$F269) | H269: =IF(OR(ISNUMBER(SEARCH("fever",$D269)),ISNUMBER(SEARCH("mike",$D269)),ISNUMBER(SEARCH("mxd",$D269))),2,1) | I269: =$H269*IFERROR(INDEX('Recap'!$O$5:$O$233,MATCH($K269,'Recap'!$P$5:$P$233,0)),0) | J269: =$G269*$I269 | K269: =$A269&"|"&$C269
A270: John Neukum | C270: New Belgium Brewing Company | D270: Voodoo Family | E270: 40 | F270: 60 | G270: =MAX(0,$E270-$F270) | H270: =IF(OR(ISNUMBER(SEARCH("fever",$D270)),ISNUMBER(SEARCH("mike",$D270)),ISNUMBER(SEARCH("mxd",$D270))),2,1) | I270: =$H270*IFERROR(INDEX('Recap'!$O$5:$O$233,MATCH($K270,'Recap'!$P$5:$P$233,0)),0) | J270: =$G270*$I270 | K270: =$A270&"|"&$C270
A271: John Neukum | C271: Sapporo | D271: Sapporo | E271: 4495 | F271: 3523 | G271: =MAX(0,$E271-$F271) | H271: =IF(OR(ISNUMBER(SEARCH("fever",$D271)),ISNUMBER(SEARCH("mike",$D271)),ISNUMBER(SEARCH("mxd",$D271))),2,1) | I271: =$H271*IFERROR(INDEX('Recap'!$O$5:$O$233,MATCH($K271,'Recap'!$P$5:$P$233,0)),0) | J271: =$G271*$I271 | K271: =$A271&"|"&$C271
A272: John O'Donoghue | B272: Mike Kennedy | C272: Boston Beer Company | D272: Dogfish Head Beer | E272: 10 | F272: 0 | G272: =MAX(0,$E272-$F272) | H272: =IF(OR(ISNUMBER(SEARCH("fever",$D272)),ISNUMBER(SEARCH("mike",$D272)),ISNUMBER(SEARCH("mxd",$D272))),2,1) | I272: =$H272*IFERROR(INDEX('Recap'!$O$5:$O$233,MATCH($K272,'Recap'!$P$5:$P$233,0)),0) | J272: =$G272*$I272 | K272: =$A272&"|"&$C272
A273: John O'Donoghue | B273: Mike Kennedy | C273: Cape May | D273: Cape May | E273: 4 | F273: 6 | G273: =MAX(0,$E273-$F273) | H273: =IF(OR(ISNUMBER(SEARCH("fever",$D273)),ISNUMBER(SEARCH("mike",$D273)),ISNUMBER(SEARCH("mxd",$D273))),2,1) | I273: =$H273*IFERROR(INDEX('Recap'!$O$5:$O$233,MATCH($K273,'Recap'!$P$5:$P$233,0)),0) | J273: =$G273*$I273 | K273: =$A273&"|"&$C273
A274: John O'Donoghue | B274: Mike Kennedy | C274: Constellation Brands | D274: Corona Premier | E274: 1 | F274: 0 | G274: =MAX(0,$E274-$F274) | H274: =IF(OR(ISNUMBER(SEARCH("fever",$D274)),ISNUMBER(SEARCH("mike",$D274)),ISNUMBER(SEARCH("mxd",$D274))),2,1) | I274: =$H274*IFERROR(INDEX('Recap'!$O$5:$O$233,MATCH($K274,'Recap'!$P$5:$P$233,0)),0) | J274: =$G274*$I274 | K274: =$A274&"|"&$C274
A275: John O'Donoghue | B275: Mike Kennedy | C275: Constellation Brands | D275: Modelo Chelada | E275: 25 | F275: 9 | G275: =MAX(0,$E275-$F275) | H275: =IF(OR(ISNUMBER(SEARCH("fever",$D275)),ISNUMBER(SEARCH("mike",$D275)),ISNUMBER(SEARCH("mxd",$D275))),2,1) | I275: =$H275*IFERROR(INDEX('Recap'!$O$5:$O$233,MATCH($K275,'Recap'!$P$5:$P$233,0)),0) | J275: =$G275*$I275 | K275: =$A275&"|"&$C275
A276: John O'Donoghue | B276: Mike Kennedy | C276: Constellation Brands | D276: Pacifico | E276: 47 | F276: 1 | G276: =MAX(0,$E276-$F276) | H276: =IF(OR(ISNUMBER(SEARCH("fever",$D276)),ISNUMBER(SEARCH("mike",$D276)),ISNUMBER(SEARCH("mxd",$D276))),2,1) | I276: =$H276*IFERROR(INDEX('Recap'!$O$5:$O$233,MATCH($K276,'Recap'!$P$5:$P$233,0)),0) | J276: =$G276*$I276 | K276: =$A276&"|"&$C276
A277: John O'Donoghue | B277: Mike Kennedy | C277: Constellation Brands | D277: Victoria | E277: 23 | F277: 1 | G277: =MAX(0,$E277-$F277) | H277: =IF(OR(ISNUMBER(SEARCH("fever",$D277)),ISNUMBER(SEARCH("mike",$D277)),ISNUMBER(SEARCH("mxd",$D277))),2,1) | I277: =$H277*IFERROR(INDEX('Recap'!$O$5:$O$233,MATCH($K277,'Recap'!$P$5:$P$233,0)),0) | J277: =$G277*$I277 | K277: =$A277&"|"&$C277
A278: John O'Donoghue | B278: Mike Kennedy | C278: Heineken USA | D278: Heineken 0.0 | E278: 3 | F278: 6 | G278: =MAX(0,$E278-$F278) | H278: =IF(OR(ISNUMBER(SEARCH("fever",$D278)),ISNUMBER(SEARCH("mike",$D278)),ISNUMBER(SEARCH("mxd",$D278))),2,1) | I278: =$H278*IFERROR(INDEX('Recap'!$O$5:$O$233,MATCH($K278,'Recap'!$P$5:$P$233,0)),0) | J278: =$G278*$I278 | K278: =$A278&"|"&$C278
A279: John O'Donoghue | B279: Mike Kennedy | C279: Heineken USA | D279: Heineken Light | E279: 2 | F279: 0 | G279: =MAX(0,$E279-$F279) | H279: =IF(OR(ISNUMBER(SEARCH("fever",$D279)),ISNUMBER(SEARCH("mike",$D279)),ISNUMBER(SEARCH("mxd",$D279))),2,1) | I279: =$H279*IFERROR(INDEX('Recap'!$O$5:$O$233,MATCH($K279,'Recap'!$P$5:$P$233,0)),0) | J279: =$G279*$I279 | K279: =$A279&"|"&$C279
A280: John O'Donoghue | B280: Mike Kennedy | C280: Mark Anthony | D280: Cayman Jack | E280: 12 | F280: 0 | G280: =MAX(0,$E280-$F280) | H280: =IF(OR(ISNUMBER(SEARCH("fever",$D280)),ISNUMBER(SEARCH("mike",$D280)),ISNUMBER(SEARCH("mxd",$D280))),2,1) | I280: =$H280*IFERROR(INDEX('Recap'!$O$5:$O$233,MATCH($K280,'Recap'!$P$5:$P$233,0)),0) | J280: =$G280*$I280 | K280: =$A280&"|"&$C280
A281: John O'Donoghue | B281: Mike Kennedy | C281: Mark Anthony | D281: Mike's Harder | E281: 8 | F281: 3 | G281: =MAX(0,$E281-$F281) | H281: =IF(OR(ISNUMBER(SEARCH("fever",$D281)),ISNUMBER(SEARCH("mike",$D281)),ISNUMBER(SEARCH("mxd",$D281))),2,1) | I281: =$H281*IFERROR(INDEX('Recap'!$O$5:$O$233,MATCH($K281,'Recap'!$P$5:$P$233,0)),0) | J281: =$G281*$I281 | K281: =$A281&"|"&$C281
A282: John O'Donoghue | B282: Mike Kennedy | C282: MolsonCoors Beverage Company | D282: Coors | E282: 5 | F282: 5 | G282: =MAX(0,$E282-$F282) | H282: =IF(OR(ISNUMBER(SEARCH("fever",$D282)),ISNUMBER(SEARCH("mike",$D282)),ISNUMBER(SEARCH("mxd",$D282))),2,1) | I282: =$H282*IFERROR(INDEX('Recap'!$O$5:$O$233,MATCH($K282,'Recap'!$P$5:$P$233,0)),0) | J282: =$G282*$I282 | K282: =$A282&"|"&$C282
A283: John O'Donoghue | B283: Mike Kennedy | C283: MolsonCoors Beverage Company | D283: Fever Tree | E283: 0 | F283: 5 | G283: =MAX(0,$E283-$F283) | H283: =IF(OR(ISNUMBER(SEARCH("fever",$D283)),ISNUMBER(SEARCH("mike",$D283)),ISNUMBER(SEARCH("mxd",$D283))),2,1) | I283: =$H283*IFERROR(INDEX('Recap'!$O$5:$O$233,MATCH($K283,'Recap'!$P$5:$P$233,0)),0) | J283: =$G283*$I283 | K283: =$A283&"|"&$C283
... A496: Shane Barreca | B496: Paul Deady | C496: Sapporo | D496: Sapporo | E496: 1026 | F496: 991 | G496: =MAX(0,$E496-$F496) | H496: =IF(OR(ISNUMBER(SEARCH("fever",$D496)),ISNUMBER(SEARCH("mike",$D496)),ISNUMBER(SEARCH("mxd",$D496))),2,1) | I496: =$H496*IFERROR(INDEX('Recap'!$O$5:$O$233,MATCH($K496,'Recap'!$P$5:$P$233,0)),0) | J496: =$G496*$I496 | K496: =$A496&"|"&$C496
A497: TOTAL | G497: =SUM(G5:G496) | J497: =SUM(J5:J496)

Sheet Rep Totals
A1: Total payout by rep
A2: Rolls up the Recap tab.
A4: Rep | B4: Manager | C4: Suppliers with a goal | D4: Qualified | E4: 90% partial | F4: Eligible amplify CE | G4: Tier payout | H4: Amplify payout | I4: Total payout
A5: Alex Rodriguez | B5: Mike Kennedy | C5: =COUNTIFS('Recap'!$A$5:$A$233,$A5,'Recap'!$D$5:$D$233,">0") | D5: =COUNTIFS('Recap'!$A$5:$A$233,$A5,'Recap'!$G$5:$G$233,"Qualified") | E5: =COUNTIFS('Recap'!$A$5:$A$233,$A5,'Recap'!$G$5:$G$233,"90% Partial Amplify") | F5: =SUMIFS('Recap'!$L$5:$L$233,'Recap'!$A$5:$A$233,$A5) | G5: =SUMIFS('Recap'!$I$5:$I$233,'Recap'!$A$5:$A$233,$A5) | H5: =SUMIFS('Recap'!$M$5:$M$233,'Recap'!$A$5:$A$233,$A5) | I5: =$G5+$H5
A6: Alisa Acciardi | B6: Mike Kennedy | C6: =COUNTIFS('Recap'!$A$5:$A$233,$A6,'Recap'!$D$5:$D$233,">0") | D6: =COUNTIFS('Recap'!$A$5:$A$233,$A6,'Recap'!$G$5:$G$233,"Qualified") | E6: =COUNTIFS('Recap'!$A$5:$A$233,$A6,'Recap'!$G$5:$G$233,"90% Partial Amplify") | F6: =SUMIFS('Recap'!$L$5:$L$233,'Recap'!$A$5:$A$233,$A6) | G6: =SUMIFS('Recap'!$I$5:$I$233,'Recap'!$A$5:$A$233,$A6) | H6: =SUMIFS('Recap'!$M$5:$M$233,'Recap'!$A$5:$A$233,$A6) | I6: =$G6+$H6
A7: Allison Scott | B7: Chris McCrohan | C7: =COUNTIFS('Recap'!$A$5:$A$233,$A7,'Recap'!$D$5:$D$233,">0") | D7: =COUNTIFS('Recap'!$A$5:$A$233,$A7,'Recap'!$G$5:$G$233,"Qualified") | E7: =COUNTIFS('Recap'!$A$5:$A$233,$A7,'Recap'!$G$5:$G$233,"90% Partial Amplify") | F7: =SUMIFS('Recap'!$L$5:$L$233,'Recap'!$A$5:$A$233,$A7) | G7: =SUMIFS('Recap'!$I$5:$I$233,'Recap'!$A$5:$A$233,$A7) | H7: =SUMIFS('Recap'!$M$5:$M$233,'Recap'!$A$5:$A$233,$A7) | I7: =$G7+$H7
A8: Andrew Lundy | B8: Mike Kennedy | C8: =COUNTIFS('Recap'!$A$5:$A$233,$A8,'Recap'!$D$5:$D$233,">0") | D8: =COUNTIFS('Recap'!$A$5:$A$233,$A8,'Recap'!$G$5:$G$233,"Qualified") | E8: =COUNTIFS('Recap'!$A$5:$A$233,$A8,'Recap'!$G$5:$G$233,"90% Partial Amplify") | F8: =SUMIFS('Recap'!$L$5:$L$233,'Recap'!$A$5:$A$233,$A8) | G8: =SUMIFS('Recap'!$I$5:$I$233,'Recap'!$A$5:$A$233,$A8) | H8: =SUMIFS('Recap'!$M$5:$M$233,'Recap'!$A$5:$A$233,$A8) | I8: =$G8+$H8
A9: Anthony Palmisano | B9: Chris McCrohan | C9: =COUNTIFS('Recap'!$A$5:$A$233,$A9,'Recap'!$D$5:$D$233,">0") | D9: =COUNTIFS('Recap'!$A$5:$A$233,$A9,'Recap'!$G$5:$G$233,"Qualified") | E9: =COUNTIFS('Recap'!$A$5:$A$233,$A9,'Recap'!$G$5:$G$233,"90% Partial Amplify") | F9: =SUMIFS('Recap'!$L$5:$L$233,'Recap'!$A$5:$A$233,$A9) | G9: =SUMIFS('Recap'!$I$5:$I$233,'Recap'!$A$5:$A$233,$A9) | H9: =SUMIFS('Recap'!$M$5:$M$233,'Recap'!$A$5:$A$233,$A9) | I9: =$G9+$H9
A10: Brian Sengebush | B10: Chris McCrohan | C10: =COUNTIFS('Recap'!$A$5:$A$233,$A10,'Recap'!$D$5:$D$233,">0") | D10: =COUNTIFS('Recap'!$A$5:$A$233,$A10,'Recap'!$G$5:$G$233,"Qualified") | E10: =COUNTIFS('Recap'!$A$5:$A$233,$A10,'Recap'!$G$5:$G$233,"90% Partial Amplify") | F10: =SUMIFS('Recap'!$L$5:$L$233,'Recap'!$A$5:$A$233,$A10) | G10: =SUMIFS('Recap'!$I$5:$I$233,'Recap'!$A$5:$A$233,$A10) | H10: =SUMIFS('Recap'!$M$5:$M$233,'Recap'!$A$5:$A$233,$A10) | I10: =$G10+$H10
A11: Chris Payton | B11: Mike Engel | C11: =COUNTIFS('Recap'!$A$5:$A$233,$A11,'Recap'!$D$5:$D$233,">0") | D11: =COUNTIFS('Recap'!$A$5:$A$233,$A11,'Recap'!$G$5:$G$233,"Qualified") | E11: =COUNTIFS('Recap'!$A$5:$A$233,$A11,'Recap'!$G$5:$G$233,"90% Partial Amplify") | F11: =SUMIFS('Recap'!$L$5:$L$233,'Recap'!$A$5:$A$233,$A11) | G11: =SUMIFS('Recap'!$I$5:$I$233,'Recap'!$A$5:$A$233,$A11) | H11: =SUMIFS('Recap'!$M$5:$M$233,'Recap'!$A$5:$A$233,$A11) | I11: =$G11+$H11
A12: Dan Lagala | B12: Mike Engel | C12: =COUNTIFS('Recap'!$A$5:$A$233,$A12,'Recap'!$D$5:$D$233,">0") | D12: =COUNTIFS('Recap'!$A$5:$A$233,$A12,'Recap'!$G$5:$G$233,"Qualified") | E12: =COUNTIFS('Recap'!$A$5:$A$233,$A12,'Recap'!$G$5:$G$233,"90% Partial Amplify") | F12: =SUMIFS('Recap'!$L$5:$L$233,'Recap'!$A$5:$A$233,$A12) | G12: =SUMIFS('Recap'!$I$5:$I$233,'Recap'!$A$5:$A$233,$A12) | H12: =SUMIFS('Recap'!$M$5:$M$233,'Recap'!$A$5:$A$233,$A12) | I12: =$G12+$H12
A13: Dave Ehlers | B13: Mike Engel | C13: =COUNTIFS('Recap'!$A$5:$A$233,$A13,'Recap'!$D$5:$D$233,">0") | D13: =COUNTIFS('Recap'!$A$5:$A$233,$A13,'Recap'!$G$5:$G$233,"Qualified") | E13: =COUNTIFS('Recap'!$A$5:$A$233,$A13,'Recap'!$G$5:$G$233,"90% Partial Amplify") | F13: =SUMIFS('Recap'!$L$5:$L$233,'Recap'!$A$5:$A$233,$A13) | G13: =SUMIFS('Recap'!$I$5:$I$233,'Recap'!$A$5:$A$233,$A13) | H13: =SUMIFS('Recap'!$M$5:$M$233,'Recap'!$A$5:$A$233,$A13) | I13: =$G13+$H13
A14: Derrick Laws | B14: Denise Montes | C14: =COUNTIFS('Recap'!$A$5:$A$233,$A14,'Recap'!$D$5:$D$233,">0") | D14: =COUNTIFS('Recap'!$A$5:$A$233,$A14,'Recap'!$G$5:$G$233,"Qualified") | E14: =COUNTIFS('Recap'!$A$5:$A$233,$A14,'Recap'!$G$5:$G$233,"90% Partial Amplify") | F14: =SUMIFS('Recap'!$L$5:$L$233,'Recap'!$A$5:$A$233,$A14) | G14: =SUMIFS('Recap'!$I$5:$I$233,'Recap'!$A$5:$A$233,$A14) | H14: =SUMIFS('Recap'!$M$5:$M$233,'Recap'!$A$5:$A$233,$A14) | I14: =$G14+$H14
A15: Dylan Rubino | B15: Mike Kennedy | C15: =COUNTIFS('Recap'!$A$5:$A$233,$A15,'Recap'!$D$5:$D$233,">0") | D15: =COUNTIFS('Recap'!$A$5:$A$233,$A15,'Recap'!$G$5:$G$233,"Qualified") | E15: =COUNTIFS('Recap'!$A$5:$A$233,$A15,'Recap'!$G$5:$G$233,"90% Partial Amplify") | F15: =SUMIFS('Recap'!$L$5:$L$233,'Recap'!$A$5:$A$233,$A15) | G15: =SUMIFS('Recap'!$I$5:$I$233,'Recap'!$A$5:$A$233,$A15) | H15: =SUMIFS('Recap'!$M$5:$M$233,'Recap'!$A$5:$A$233,$A15) | I15: =$G15+$H15
A16: Hakan Sadik | B16: Mike Kennedy | C16: =COUNTIFS('Recap'!$A$5:$A$233,$A16,'Recap'!$D$5:$D$233,">0") | D16: =COUNTIFS('Recap'!$A$5:$A$233,$A16,'Recap'!$G$5:$G$233,"Qualified") | E16: =COUNTIFS('Recap'!$A$5:$A$233,$A16,'Recap'!$G$5:$G$233,"90% Partial Amplify") | F16: =SUMIFS('Recap'!$L$5:$L$233,'Recap'!$A$5:$A$233,$A16) | G16: =SUMIFS('Recap'!$I$5:$I$233,'Recap'!$A$5:$A$233,$A16) | H16: =SUMIFS('Recap'!$M$5:$M$233,'Recap'!$A$5:$A$233,$A16) | I16: =$G16+$H16
... A20: Jim Heaney | B20: Denise Montes | C20: =COUNTIFS('Recap'!$A$5:$A$233,$A20,'Recap'!$D$5:$D$233,">0") | D20: =COUNTIFS('Recap'!$A$5:$A$233,$A20,'Recap'!$G$5:$G$233,"Qualified") | E20: =COUNTIFS('Recap'!$A$5:$A$233,$A20,'Recap'!$G$5:$G$233,"90% Partial Amplify") | F20: =SUMIFS('Recap'!$L$5:$L$233,'Recap'!$A$5:$A$233,$A20) | G20: =SUMIFS('Recap'!$I$5:$I$233,'Recap'!$A$5:$A$233,$A20) | H20: =SUMIFS('Recap'!$M$5:$M$233,'Recap'!$A$5:$A$233,$A20) | I20: =$G20+$H20
A21: John Neukum | C21: =COUNTIFS('Recap'!$A$5:$A$233,$A21,'Recap'!$D$5:$D$233,">0") | D21: =COUNTIFS('Recap'!$A$5:$A$233,$A21,'Recap'!$G$5:$G$233,"Qualified") | E21: =COUNTIFS('Recap'!$A$5:$A$233,$A21,'Recap'!$G$5:$G$233,"90% Partial Amplify") | F21: =SUMIFS('Recap'!$L$5:$L$233,'Recap'!$A$5:$A$233,$A21) | G21: =SUMIFS('Recap'!$I$5:$I$233,'Recap'!$A$5:$A$233,$A21) | H21: =SUMIFS('Recap'!$M$5:$M$233,'Recap'!$A$5:$A$233,$A21) | I21: =$G21+$H21
A22: John O'Donoghue | B22: Mike Kennedy | C22: =COUNTIFS('Recap'!$A$5:$A$233,$A22,'Recap'!$D$5:$D$233,">0") | D22: =COUNTIFS('Recap'!$A$5:$A$233,$A22,'Recap'!$G$5:$G$233,"Qualified") | E22: =COUNTIFS('Recap'!$A$5:$A$233,$A22,'Recap'!$G$5:$G$233,"90% Partial Amplify") | F22: =SUMIFS('Recap'!$L$5:$L$233,'Recap'!$A$5:$A$233,$A22) | G22: =SUMIFS('Recap'!$I$5:$I$233,'Recap'!$A$5:$A$233,$A22) | H22: =SUMIFS('Recap'!$M$5:$M$233,'Recap'!$A$5:$A$233,$A22) | I22: =$G22+$H22
A23: Klejdi Lamo | B23: Paul Deady | C23: =COUNTIFS('Recap'!$A$5:$A$233,$A23,'Recap'!$D$5:$D$233,">0") | D23: =COUNTIFS('Recap'!$A$5:$A$233,$A23,'Recap'!$G$5:$G$233,"Qualified") | E23: =COUNTIFS('Recap'!$A$5:$A$233,$A23,'Recap'!$G$5:$G$233,"90% Partial Amplify") | F23: =SUMIFS('Recap'!$L$5:$L$233,'Recap'!$A$5:$A$233,$A23) | G23: =SUMIFS('Recap'!$I$5:$I$233,'Recap'!$A$5:$A$233,$A23) | H23: =SUMIFS('Recap'!$M$5:$M$233,'Recap'!$A$5:$A$233,$A23) | I23: =$G23+$H23
A24: Matt Powierski | B24: Denise Montes | C24: =COUNTIFS('Recap'!$A$5:$A$233,$A24,'Recap'!$D$5:$D$233,">0") | D24: =COUNTIFS('Recap'!$A$5:$A$233,$A24,'Recap'!$G$5:$G$233,"Qualified") | E24: =COUNTIFS('Recap'!$A$5:$A$233,$A24,'Recap'!$G$5:$G$233,"90% Partial Amplify") | F24: =SUMIFS('Recap'!$L$5:$L$233,'Recap'!$A$5:$A$233,$A24) | G24: =SUMIFS('Recap'!$I$5:$I$233,'Recap'!$A$5:$A$233,$A24) | H24: =SUMIFS('Recap'!$M$5:$M$233,'Recap'!$A$5:$A$233,$A24) | I24: =$G24+$H24
A25: Michael Harboy | B25: Mike Kennedy | C25: =COUNTIFS('Recap'!$A$5:$A$233,$A25,'Recap'!$D$5:$D$233,">0") | D25: =COUNTIFS('Recap'!$A$5:$A$233,$A25,'Recap'!$G$5:$G$233,"Qualified") | E25: =COUNTIFS('Recap'!$A$5:$A$233,$A25,'Recap'!$G$5:$G$233,"90% Partial Amplify") | F25: =SUMIFS('Recap'!$L$5:$L$233,'Recap'!$A$5:$A$233,$A25) | G25: =SUMIFS('Recap'!$I$5:$I$233,'Recap'!$A$5:$A$233,$A25) | H25: =SUMIFS('Recap'!$M$5:$M$233,'Recap'!$A$5:$A$233,$A25) | I25: =$G25+$H25
A26: Mike Ast | B26: Paul Deady | C26: =COUNTIFS('Recap'!$A$5:$A$233,$A26,'Recap'!$D$5:$D$233,">0") | D26: =COUNTIFS('Recap'!$A$5:$A$233,$A26,'Recap'!$G$5:$G$233,"Qualified") | E26: =COUNTIFS('Recap'!$A$5:$A$233,$A26,'Recap'!$G$5:$G$233,"90% Partial Amplify") | F26: =SUMIFS('Recap'!$L$5:$L$233,'Recap'!$A$5:$A$233,$A26) | G26: =SUMIFS('Recap'!$I$5:$I$233,'Recap'!$A$5:$A$233,$A26) | H26: =SUMIFS('Recap'!$M$5:$M$233,'Recap'!$A$5:$A$233,$A26) | I26: =$G26+$H26
A27: Nick Melissari | B27: Chris McCrohan | C27: =COUNTIFS('Recap'!$A$5:$A$233,$A27,'Recap'!$D$5:$D$233,">0") | D27: =COUNTIFS('Recap'!$A$5:$A$233,$A27,'Recap'!$G$5:$G$233,"Qualified") | E27: =COUNTIFS('Recap'!$A$5:$A$233,$A27,'Recap'!$G$5:$G$233,"90% Partial Amplify") | F27: =SUMIFS('Recap'!$L$5:$L$233,'Recap'!$A$5:$A$233,$A27) | G27: =SUMIFS('Recap'!$I$5:$I$233,'Recap'!$A$5:$A$233,$A27) | H27: =SUMIFS('Recap'!$M$5:$M$233,'Recap'!$A$5:$A$233,$A27) | I27: =$G27+$H27
A28: Pablo Lopez | B28: Denise Montes | C28: =COUNTIFS('Recap'!$A$5:$A$233,$A28,'Recap'!$D$5:$D$233,">0") | D28: =COUNTIFS('Recap'!$A$5:$A$233,$A28,'Recap'!$G$5:$G$233,"Qualified") | E28: =COUNTIFS('Recap'!$A$5:$A$233,$A28,'Recap'!$G$5:$G$233,"90% Partial Amplify") | F28: =SUMIFS('Recap'!$L$5:$L$233,'Recap'!$A$5:$A$233,$A28) | G28: =SUMIFS('Recap'!$I$5:$I$233,'Recap'!$A$5:$A$233,$A28) | H28: =SUMIFS('Recap'!$M$5:$M$233,'Recap'!$A$5:$A$233,$A28) | I28: =$G28+$H28
A29: Paul Mclaughlin | B29: Chris McCrohan | C29: =COUNTIFS('Recap'!$A$5:$A$233,$A29,'Recap'!$D$5:$D$233,">0") | D29: =COUNTIFS('Recap'!$A$5:$A$233,$A29,'Recap'!$G$5:$G$233,"Qualified") | E29: =COUNTIFS('Recap'!$A$5:$A$233,$A29,'Recap'!$G$5:$G$233,"90% Partial Amplify") | F29: =SUMIFS('Recap'!$L$5:$L$233,'Recap'!$A$5:$A$233,$A29) | G29: =SUMIFS('Recap'!$I$5:$I$233,'Recap'!$A$5:$A$233,$A29) | H29: =SUMIFS('Recap'!$M$5:$M$233,'Recap'!$A$5:$A$233,$A29) | I29: =$G29+$H29
A30: Phil Ernst | B30: Mike Engel | C30: =COUNTIFS('Recap'!$A$5:$A$233,$A30,'Recap'!$D$5:$D$233,">0") | D30: =COUNTIFS('Recap'!$A$5:$A$233,$A30,'Recap'!$G$5:$G$233,"Qualified") | E30: =COUNTIFS('Recap'!$A$5:$A$233,$A30,'Recap'!$G$5:$G$233,"90% Partial Amplify") | F30: =SUMIFS('Recap'!$L$5:$L$233,'Recap'!$A$5:$A$233,$A30) | G30: =SUMIFS('Recap'!$I$5:$I$233,'Recap'!$A$5:$A$233,$A30) | H30: =SUMIFS('Recap'!$M$5:$M$233,'Recap'!$A$5:$A$233,$A30) | I30: =$G30+$H30
A31: Robin Feldman | B31: Chris McCrohan | C31: =COUNTIFS('Recap'!$A$5:$A$233,$A31,'Recap'!$D$5:$D$233,">0") | D31: =COUNTIFS('Recap'!$A$5:$A$233,$A31,'Recap'!$G$5:$G$233,"Qualified") | E31: =COUNTIFS('Recap'!$A$5:$A$233,$A31,'Recap'!$G$5:$G$233,"90% Partial Amplify") | F31: =SUMIFS('Recap'!$L$5:$L$233,'Recap'!$A$5:$A$233,$A31) | G31: =SUMIFS('Recap'!$I$5:$I$233,'Recap'!$A$5:$A$233,$A31) | H31: =SUMIFS('Recap'!$M$5:$M$233,'Recap'!$A$5:$A$233,$A31) | I31: =$G31+$H31
A32: Shane Barreca | B32: Paul Deady | C32: =COUNTIFS('Recap'!$A$5:$A$233,$A32,'Recap'!$D$5:$D$233,">0") | D32: =COUNTIFS('Recap'!$A$5:$A$233,$A32,'Recap'!$G$5:$G$233,"Qualified") | E32: =COUNTIFS('Recap'!$A$5:$A$233,$A32,'Recap'!$G$5:$G$233,"90% Partial Amplify") | F32: =SUMIFS('Recap'!$L$5:$L$233,'Recap'!$A$5:$A$233,$A32) | G32: =SUMIFS('Recap'!$I$5:$I$233,'Recap'!$A$5:$A$233,$A32) | H32: =SUMIFS('Recap'!$M$5:$M$233,'Recap'!$A$5:$A$233,$A32) | I32: =$G32+$H32
A33: TOTAL | D33: =SUM(D5:D32) | E33: =SUM(E5:E32) | F33: =SUM(F5:F32) | G33: =SUM(G5:G32) | H33: =SUM(H5:H32) | I33: =SUM(I5:I32)
